/*
 Navicat Premium Data Transfer

 Source Server         : localhost_3306
 Source Server Type    : MySQL
 Source Server Version : 80032 (8.0.32)
 Source Host           : localhost:3306
 Source Schema         : student_management

 Target Server Type    : MySQL
 Target Server Version : 80032 (8.0.32)
 File Encoding         : 65001

 Date: 07/09/2023 14:11:31
*/

SET NAMES utf8mb4;
SET FOREIGN_KEY_CHECKS = 0;

-- ----------------------------
-- Table structure for course
-- ----------------------------
DROP TABLE IF EXISTS `course`;
CREATE TABLE `course`  (
  `course_id` int NOT NULL AUTO_INCREMENT COMMENT '课程id',
  `dept_id` bigint NULL DEFAULT NULL COMMENT '部门id',
  `status` char(1) CHARACTER SET utf8mb4 COLLATE utf8mb4_bin NULL DEFAULT '0' COMMENT '状态',
  `del_flag` char(1) CHARACTER SET utf8mb4 COLLATE utf8mb4_bin NULL DEFAULT '0' COMMENT '是否删除 （2）删除  （0）存在正常',
  `create_by` varchar(64) CHARACTER SET utf8mb4 COLLATE utf8mb4_bin NULL DEFAULT NULL COMMENT '创建者',
  `create_time` datetime NULL DEFAULT NULL COMMENT '创建时间',
  `update_by` varchar(64) CHARACTER SET utf8mb4 COLLATE utf8mb4_bin NULL DEFAULT NULL COMMENT '修改者',
  `update_time` datetime NULL DEFAULT NULL COMMENT '修改时间',
  `course_no` varchar(50) CHARACTER SET utf8mb4 COLLATE utf8mb4_bin NULL DEFAULT NULL COMMENT '课程号',
  `course_name` varchar(50) CHARACTER SET utf8mb4 COLLATE utf8mb4_bin NULL DEFAULT NULL COMMENT '课程名',
  `course_type` char(1) CHARACTER SET utf8mb4 COLLATE utf8mb4_bin NULL DEFAULT NULL COMMENT '课程类型',
  `pingshi_percent` double NULL DEFAULT NULL COMMENT '平时成绩占比',
  `qimo_percent` double NULL DEFAULT NULL COMMENT '期末成绩占比',
  PRIMARY KEY (`course_id`) USING BTREE,
  INDEX `FK_Relationship_4`(`dept_id` ASC) USING BTREE,
  CONSTRAINT `FK_Relationship_4` FOREIGN KEY (`dept_id`) REFERENCES `sys_dept` (`dept_id`) ON DELETE RESTRICT ON UPDATE RESTRICT
) ENGINE = InnoDB AUTO_INCREMENT = 54142 CHARACTER SET = utf8mb4 COLLATE = utf8mb4_bin ROW_FORMAT = DYNAMIC;

-- ----------------------------
-- Records of course
-- ----------------------------
INSERT INTO `course` VALUES (54108, 101, '0', '0', NULL, '2023-07-08 08:39:17', NULL, '2023-07-10 09:30:56', '001', 'HTML', NULL, 20, 60);
INSERT INTO `course` VALUES (54109, 101, '0', '0', NULL, '2023-07-08 08:39:49', NULL, '2023-07-10 09:31:00', '002', 'JAVA', NULL, 20, 60);
INSERT INTO `course` VALUES (54110, 101, '0', '0', 'admin', NULL, NULL, '2023-07-10 09:31:04', '003', 'JS3', '', 10, 10);
INSERT INTO `course` VALUES (54111, 102, '0', '0', 'admin', NULL, NULL, '2023-07-11 18:58:54', '1009', '药理1', '', 10, 10);
INSERT INTO `course` VALUES (54112, 102, '0', '0', 'admin', NULL, NULL, '2023-07-11 18:59:03', '1008', '操作系统', '', 10, 10);
INSERT INTO `course` VALUES (54113, 102, '0', '0', 'admin', NULL, NULL, '2023-07-11 18:59:12', '10010', '数据库', '', 10, 10);
INSERT INTO `course` VALUES (54117, 102, '0', '0', 'admin', NULL, NULL, '2023-07-11 18:59:20', '54674567', '药理16', '', 10, 10);
INSERT INTO `course` VALUES (54119, 101, '0', '0', NULL, '2023-07-11 19:08:41', NULL, NULL, '007', '计算机网络', NULL, 50, 50);
INSERT INTO `course` VALUES (54129, 101, '0', '0', '李四', '2023-08-26 19:16:47', '赵六', '2023-08-26 22:23:05', '000200', '计算机组成原理', NULL, 60.2, 39.8);
INSERT INTO `course` VALUES (54130, 101, '0', '0', NULL, '2023-08-28 11:23:48', NULL, NULL, '10000001', '数据结构', NULL, 40, 50);
INSERT INTO `course` VALUES (54131, 102, '0', '0', '高前进', '2023-08-29 21:20:02', '高思想', '2023-08-29 21:26:45', '20230011001', 'C语言程序设计', NULL, 50.5, 49.5);
INSERT INTO `course` VALUES (54132, 101, '0', '0', '赵孟硕', '2023-09-03 07:18:14', NULL, NULL, '202140050', 'html', NULL, 10, 30);
INSERT INTO `course` VALUES (54133, 101, '0', '0', 'admin', '2023-09-03 07:58:40', NULL, NULL, '110112', 'java', NULL, 99, 1);
INSERT INTO `course` VALUES (54134, 101, '0', '0', 'admin', '2023-09-03 08:19:18', NULL, NULL, '9999', 'qwert', NULL, 10, 10);
INSERT INTO `course` VALUES (54135, 102, '0', '0', 'admin', '2023-09-03 08:20:32', NULL, NULL, '6666', 'adhhashdhfsdfsdf', NULL, 10, 60);
INSERT INTO `course` VALUES (54136, 101, '0', '0', 'admin', '2023-09-05 23:06:40', NULL, NULL, '6666', '赵孟硕', NULL, 30, 60);
INSERT INTO `course` VALUES (54137, 101, '0', '0', 'admin', '2023-09-03 08:24:38', NULL, NULL, '001', '计算机网络好', NULL, 30, 20);
INSERT INTO `course` VALUES (54138, 101, '0', '0', 'admin', '2023-09-03 08:27:18', NULL, NULL, '54280', 'html', NULL, 30, 20);
INSERT INTO `course` VALUES (54139, 101, '0', '0', 'admin', '2023-09-03 08:50:37', NULL, NULL, '009', '网络', NULL, 30, 60);
INSERT INTO `course` VALUES (54140, 101, '0', '0', '张飞', '2023-09-05 23:06:13', NULL, NULL, '20010030', 'C语言程序设计', NULL, 60, 40);
INSERT INTO `course` VALUES (54141, 101, '0', '2', 'admin', '2023-09-05 23:38:30', NULL, NULL, '101111', '高数', NULL, 60, 40);

-- ----------------------------
-- Table structure for courseclass
-- ----------------------------
DROP TABLE IF EXISTS `courseclass`;
CREATE TABLE `courseclass`  (
  `courseclass_id` int NOT NULL AUTO_INCREMENT COMMENT '上课班级id',
  `course_id` int NULL DEFAULT NULL COMMENT '课程id',
  `courseclass_no` varchar(50) CHARACTER SET utf8mb4 COLLATE utf8mb4_bin NULL DEFAULT NULL COMMENT '上课班级班号',
  `status` char(1) CHARACTER SET utf8mb4 COLLATE utf8mb4_bin NULL DEFAULT '0' COMMENT '状态',
  `del_flag` char(1) CHARACTER SET utf8mb4 COLLATE utf8mb4_bin NULL DEFAULT '0' COMMENT '是否删除',
  `create_by` varchar(64) CHARACTER SET utf8mb4 COLLATE utf8mb4_bin NULL DEFAULT NULL COMMENT '创建者',
  `create_time` datetime NULL DEFAULT NULL COMMENT '创建时间',
  `update_by` varchar(64) CHARACTER SET utf8mb4 COLLATE utf8mb4_bin NULL DEFAULT NULL COMMENT '修改者',
  `update_time` datetime NULL DEFAULT NULL COMMENT '修改时间',
  `term` varchar(20) CHARACTER SET utf8mb4 COLLATE utf8mb4_bin NULL DEFAULT NULL,
  `courseclass_score` varchar(20) CHARACTER SET utf8mb4 COLLATE utf8mb4_bin NULL DEFAULT '0',
  `courseclass_state` varchar(20) CHARACTER SET utf8mb4 COLLATE utf8mb4_bin NULL DEFAULT NULL,
  PRIMARY KEY (`courseclass_id`) USING BTREE,
  UNIQUE INDEX `Index_courseclass_no`(`courseclass_no` ASC) USING BTREE,
  INDEX `FK_Relationship_5`(`course_id` ASC) USING BTREE,
  CONSTRAINT `FK_Relationship_5` FOREIGN KEY (`course_id`) REFERENCES `course` (`course_id`) ON DELETE RESTRICT ON UPDATE RESTRICT
) ENGINE = InnoDB AUTO_INCREMENT = 327698 CHARACTER SET = utf8mb4 COLLATE = utf8mb4_bin ROW_FORMAT = DYNAMIC;

-- ----------------------------
-- Records of courseclass
-- ----------------------------
INSERT INTO `courseclass` VALUES (327688, 54108, '001', '0', '0', NULL, '2023-07-09 09:16:01', NULL, '2023-07-10 12:22:08', '3', '100', '0');
INSERT INTO `courseclass` VALUES (327690, 54109, '002', '0', '0', NULL, '2023-07-10 09:51:41', NULL, '2023-07-10 12:22:37', '3', '100', '0');
INSERT INTO `courseclass` VALUES (327692, 54110, '003', '0', '0', NULL, '2023-07-10 09:54:47', NULL, '2023-07-10 12:23:07', '3', '100', '0');
INSERT INTO `courseclass` VALUES (327694, 54108, '004', '0', '0', NULL, '2023-07-10 12:24:27', NULL, NULL, '3', '100', '0');
INSERT INTO `courseclass` VALUES (327695, 54111, '005', '0', '0', NULL, '2023-07-11 19:00:23', NULL, NULL, '3', '100', '0');
INSERT INTO `courseclass` VALUES (327696, 54112, '006', '0', '0', NULL, '2023-08-11 12:04:51', NULL, NULL, '2', '96', '0');
INSERT INTO `courseclass` VALUES (327697, 54113, '007', '0', '0', NULL, '2023-08-11 12:04:47', NULL, NULL, '2', '96', '0');

-- ----------------------------
-- Table structure for courseclass_metaclass
-- ----------------------------
DROP TABLE IF EXISTS `courseclass_metaclass`;
CREATE TABLE `courseclass_metaclass`  (
  `courseclass_id` int NOT NULL,
  `metaclass_id` int NOT NULL,
  PRIMARY KEY (`courseclass_id`, `metaclass_id`) USING BTREE
) ENGINE = InnoDB CHARACTER SET = utf8mb4 COLLATE = utf8mb4_general_ci ROW_FORMAT = DYNAMIC;

-- ----------------------------
-- Records of courseclass_metaclass
-- ----------------------------
INSERT INTO `courseclass_metaclass` VALUES (327688, 4099);
INSERT INTO `courseclass_metaclass` VALUES (327689, 4100);
INSERT INTO `courseclass_metaclass` VALUES (327690, 4100);
INSERT INTO `courseclass_metaclass` VALUES (327690, 4102);
INSERT INTO `courseclass_metaclass` VALUES (327690, 4103);
INSERT INTO `courseclass_metaclass` VALUES (327692, 4103);
INSERT INTO `courseclass_metaclass` VALUES (327694, 4103);
INSERT INTO `courseclass_metaclass` VALUES (327695, 4103);
INSERT INTO `courseclass_metaclass` VALUES (327696, 4102);
INSERT INTO `courseclass_metaclass` VALUES (327697, 4103);

-- ----------------------------
-- Table structure for courseclass_student
-- ----------------------------
DROP TABLE IF EXISTS `courseclass_student`;
CREATE TABLE `courseclass_student`  (
  `student_id` int NOT NULL COMMENT '学生id',
  `courseclass_id` int NOT NULL COMMENT '上课班级id',
  `pingshi_score` int NULL DEFAULT NULL COMMENT '平时成绩',
  `qimo_score` int NULL DEFAULT NULL COMMENT '期末成绩',
  `zongping_score` int NULL DEFAULT NULL COMMENT '总评成绩',
  PRIMARY KEY (`student_id`, `courseclass_id`) USING BTREE,
  INDEX `FK_courseclass_student2`(`courseclass_id` ASC) USING BTREE,
  CONSTRAINT `FK_courseclass_student` FOREIGN KEY (`student_id`) REFERENCES `student` (`student_id`) ON DELETE RESTRICT ON UPDATE RESTRICT,
  CONSTRAINT `FK_courseclass_student2` FOREIGN KEY (`courseclass_id`) REFERENCES `courseclass` (`courseclass_id`) ON DELETE CASCADE ON UPDATE RESTRICT
) ENGINE = InnoDB CHARACTER SET = utf8mb4 COLLATE = utf8mb4_bin ROW_FORMAT = DYNAMIC;

-- ----------------------------
-- Records of courseclass_student
-- ----------------------------
INSERT INTO `courseclass_student` VALUES (131080, 327688, 11, 281, 96);
INSERT INTO `courseclass_student` VALUES (131080, 327690, 3, 2, 75);
INSERT INTO `courseclass_student` VALUES (131080, 327692, 6, 7, 86);
INSERT INTO `courseclass_student` VALUES (131081, 327694, 1, 1, 65);
INSERT INTO `courseclass_student` VALUES (131081, 327695, 4, 7, 69);
INSERT INTO `courseclass_student` VALUES (131082, 327696, 68, 88, 91);
INSERT INTO `courseclass_student` VALUES (131083, 327697, 0, 0, 0);

-- ----------------------------
-- Table structure for courseclass_teacher
-- ----------------------------
DROP TABLE IF EXISTS `courseclass_teacher`;
CREATE TABLE `courseclass_teacher`  (
  `teacher_id` int NOT NULL DEFAULT 0 COMMENT '教师id',
  `courseclass_id` int NOT NULL COMMENT '上课班级id',
  `evaluation_score` float NULL DEFAULT 0 COMMENT '评价成绩',
  PRIMARY KEY (`teacher_id`, `courseclass_id`) USING BTREE,
  INDEX `FK_courseclass_teacher2`(`courseclass_id` ASC) USING BTREE,
  CONSTRAINT `FK_courseclass_teacher` FOREIGN KEY (`teacher_id`) REFERENCES `teacher` (`teacher_id`) ON DELETE RESTRICT ON UPDATE RESTRICT,
  CONSTRAINT `FK_courseclass_teacher2` FOREIGN KEY (`courseclass_id`) REFERENCES `courseclass` (`courseclass_id`) ON DELETE CASCADE ON UPDATE RESTRICT
) ENGINE = InnoDB CHARACTER SET = utf8mb4 COLLATE = utf8mb4_bin ROW_FORMAT = DYNAMIC;

-- ----------------------------
-- Records of courseclass_teacher
-- ----------------------------
INSERT INTO `courseclass_teacher` VALUES (3737, 327696, NULL);
INSERT INTO `courseclass_teacher` VALUES (3738, 327688, 0);
INSERT INTO `courseclass_teacher` VALUES (3743, 327697, 0);
INSERT INTO `courseclass_teacher` VALUES (3752, 327690, NULL);

-- ----------------------------
-- Table structure for evaluation
-- ----------------------------
DROP TABLE IF EXISTS `evaluation`;
CREATE TABLE `evaluation`  (
  `evaluation_id` int NOT NULL AUTO_INCREMENT COMMENT '评教任务id',
  `evaluation_activity_id` bigint NULL DEFAULT NULL COMMENT '评教活动id',
  `evaluation_paper_id` int NULL DEFAULT NULL COMMENT '评教问卷id',
  `teacher_id` int NULL DEFAULT NULL COMMENT '教师id',
  `courseclass_id` int NULL DEFAULT NULL COMMENT '上课班级id',
  `student_id` int NULL DEFAULT NULL COMMENT '学生id',
  `status` char(1) CHARACTER SET utf8mb4 COLLATE utf8mb4_bin NULL DEFAULT NULL COMMENT '状态',
  `del_flag` char(1) CHARACTER SET utf8mb4 COLLATE utf8mb4_bin NULL DEFAULT '0' COMMENT '是否删除',
  `create_by` varchar(64) CHARACTER SET utf8mb4 COLLATE utf8mb4_bin NULL DEFAULT NULL COMMENT '创建者',
  `create_time` datetime NULL DEFAULT NULL COMMENT '创建时间',
  `update_by` varchar(64) CHARACTER SET utf8mb4 COLLATE utf8mb4_bin NULL DEFAULT NULL COMMENT '修改者',
  `update_time` datetime NULL DEFAULT NULL COMMENT '修改时间',
  `generate_time` datetime NULL DEFAULT NULL COMMENT '结束时间',
  `sum_score` varchar(20) CHARACTER SET utf8mb4 COLLATE utf8mb4_bin NULL DEFAULT '0' COMMENT '总分',
  `state` varchar(20) CHARACTER SET utf8mb4 COLLATE utf8mb4_bin NULL DEFAULT NULL COMMENT '完成状态',
  PRIMARY KEY (`evaluation_id`) USING BTREE,
  INDEX `FK_Relationship_10`(`evaluation_paper_id` ASC) USING BTREE,
  INDEX `FK_Relationship_7`(`student_id` ASC) USING BTREE,
  INDEX `FK_Relationship_8`(`courseclass_id` ASC) USING BTREE,
  INDEX `FK_Relationship_9`(`teacher_id` ASC) USING BTREE,
  INDEX `evaluation_activity_id`(`evaluation_activity_id` ASC) USING BTREE,
  CONSTRAINT `evaluation_ibfk_1` FOREIGN KEY (`evaluation_activity_id`) REFERENCES `evalution_activity` (`evalution_activity_id`) ON DELETE RESTRICT ON UPDATE RESTRICT,
  CONSTRAINT `FK_Relationship_10` FOREIGN KEY (`evaluation_paper_id`) REFERENCES `evaluation_paper` (`evaluation_paper_id`) ON DELETE RESTRICT ON UPDATE RESTRICT,
  CONSTRAINT `FK_Relationship_7` FOREIGN KEY (`student_id`) REFERENCES `student` (`student_id`) ON DELETE RESTRICT ON UPDATE RESTRICT,
  CONSTRAINT `FK_Relationship_8` FOREIGN KEY (`courseclass_id`) REFERENCES `courseclass` (`courseclass_id`) ON DELETE RESTRICT ON UPDATE RESTRICT,
  CONSTRAINT `FK_Relationship_9` FOREIGN KEY (`teacher_id`) REFERENCES `teacher` (`teacher_id`) ON DELETE RESTRICT ON UPDATE RESTRICT
) ENGINE = InnoDB AUTO_INCREMENT = 2165059 CHARACTER SET = utf8mb4 COLLATE = utf8mb4_bin ROW_FORMAT = DYNAMIC;

-- ----------------------------
-- Records of evaluation
-- ----------------------------

-- ----------------------------
-- Table structure for evaluation_history
-- ----------------------------
DROP TABLE IF EXISTS `evaluation_history`;
CREATE TABLE `evaluation_history`  (
  `evaluation_history_id` int NOT NULL AUTO_INCREMENT,
  `evaluation_activity_id` bigint NOT NULL,
  `teacher_id` int NULL DEFAULT NULL,
  `dept_name` varchar(64) CHARACTER SET utf8mb4 COLLATE utf8mb4_general_ci NULL DEFAULT NULL,
  `teacher_no` varchar(64) CHARACTER SET utf8mb4 COLLATE utf8mb4_general_ci NULL DEFAULT NULL,
  `real_name` varchar(64) CHARACTER SET utf8mb4 COLLATE utf8mb4_general_ci NULL DEFAULT NULL,
  `score` float NULL DEFAULT NULL,
  `rank_no` int NULL DEFAULT NULL,
  PRIMARY KEY (`evaluation_history_id`) USING BTREE,
  INDEX `fk_eh_evaluation_activity_id`(`evaluation_activity_id` ASC) USING BTREE,
  CONSTRAINT `fk_eh_evaluation_activity_id` FOREIGN KEY (`evaluation_activity_id`) REFERENCES `evalution_activity` (`evalution_activity_id`) ON DELETE RESTRICT ON UPDATE RESTRICT
) ENGINE = InnoDB AUTO_INCREMENT = 6665 CHARACTER SET = utf8mb4 COLLATE = utf8mb4_general_ci ROW_FORMAT = DYNAMIC;

-- ----------------------------
-- Records of evaluation_history
-- ----------------------------

-- ----------------------------
-- Table structure for evaluation_item
-- ----------------------------
DROP TABLE IF EXISTS `evaluation_item`;
CREATE TABLE `evaluation_item`  (
  `evaluation_id` int NOT NULL COMMENT '评教任务id',
  `paper_item_id` int NOT NULL COMMENT '问卷项id',
  `score` float NULL DEFAULT NULL COMMENT '分数',
  `selected_option` char(1) CHARACTER SET utf8mb4 COLLATE utf8mb4_bin NULL DEFAULT NULL COMMENT '选中的项',
  PRIMARY KEY (`evaluation_id`, `paper_item_id`) USING BTREE,
  INDEX `FK_evaluation_item2`(`paper_item_id` ASC) USING BTREE
) ENGINE = InnoDB CHARACTER SET = utf8mb4 COLLATE = utf8mb4_bin ROW_FORMAT = DYNAMIC;

-- ----------------------------
-- Records of evaluation_item
-- ----------------------------

-- ----------------------------
-- Table structure for evaluation_paper
-- ----------------------------
DROP TABLE IF EXISTS `evaluation_paper`;
CREATE TABLE `evaluation_paper`  (
  `evaluation_paper_id` int NOT NULL AUTO_INCREMENT COMMENT '评教问卷id',
  `status` char(1) CHARACTER SET utf8mb4 COLLATE utf8mb4_bin NULL DEFAULT '0' COMMENT '状态',
  `del_flag` char(1) CHARACTER SET utf8mb4 COLLATE utf8mb4_bin NULL DEFAULT '0' COMMENT '是否删除',
  `create_by` varchar(64) CHARACTER SET utf8mb4 COLLATE utf8mb4_bin NULL DEFAULT NULL COMMENT '创建者',
  `create_time` datetime NULL DEFAULT NULL COMMENT '创建时间',
  `update_by` varchar(64) CHARACTER SET utf8mb4 COLLATE utf8mb4_bin NULL DEFAULT NULL COMMENT '修改者',
  `update_time` datetime NULL DEFAULT NULL COMMENT '修改时间',
  `paper_name` varchar(50) CHARACTER SET utf8mb4 COLLATE utf8mb4_bin NULL DEFAULT NULL COMMENT '问卷名',
  `paper_type` varchar(20) CHARACTER SET utf8mb4 COLLATE utf8mb4_bin NULL DEFAULT NULL COMMENT '问卷类型',
  `paper_title` varchar(50) CHARACTER SET utf8mb4 COLLATE utf8mb4_bin NULL DEFAULT NULL COMMENT '问卷标题',
  `paper_desc` varchar(100) CHARACTER SET utf8mb4 COLLATE utf8mb4_bin NULL DEFAULT NULL COMMENT '问卷描述',
  `second_level` char(1) CHARACTER SET utf8mb4 COLLATE utf8mb4_bin NULL DEFAULT NULL COMMENT '是否包含二级',
  PRIMARY KEY (`evaluation_paper_id`) USING BTREE
) ENGINE = InnoDB AUTO_INCREMENT = 3 CHARACTER SET = utf8mb4 COLLATE = utf8mb4_bin ROW_FORMAT = DYNAMIC;

-- ----------------------------
-- Records of evaluation_paper
-- ----------------------------

-- ----------------------------
-- Table structure for evalution_activity
-- ----------------------------
DROP TABLE IF EXISTS `evalution_activity`;
CREATE TABLE `evalution_activity`  (
  `evalution_activity_id` bigint NOT NULL AUTO_INCREMENT COMMENT '评价活动id',
  `evaluation_paper_id` int NULL DEFAULT NULL COMMENT '评教问卷id',
  `title` varchar(255) CHARACTER SET utf8mb4 COLLATE utf8mb4_general_ci NULL DEFAULT NULL COMMENT '标题',
  `term` varchar(64) CHARACTER SET utf8mb4 COLLATE utf8mb4_general_ci NULL DEFAULT NULL COMMENT '学期',
  `time` tinyint NULL DEFAULT NULL COMMENT '评价次数',
  `status` char(1) CHARACTER SET utf8mb4 COLLATE utf8mb4_general_ci NULL DEFAULT '0' COMMENT '状态',
  `del_flag` char(1) CHARACTER SET utf8mb4 COLLATE utf8mb4_general_ci NULL DEFAULT '0' COMMENT '是否删除',
  `create_by` varchar(64) CHARACTER SET utf8mb4 COLLATE utf8mb4_general_ci NULL DEFAULT NULL COMMENT '创建者',
  `create_time` datetime NULL DEFAULT NULL COMMENT '创建时间',
  `update_by` varchar(64) CHARACTER SET utf8mb4 COLLATE utf8mb4_general_ci NULL DEFAULT NULL COMMENT '修改者',
  `update_time` datetime NULL DEFAULT NULL COMMENT '修改时间',
  `begin_time` datetime NULL DEFAULT NULL COMMENT '开始时间',
  `end_time` datetime NULL DEFAULT NULL COMMENT '结束时间',
  `course_type` char(1) CHARACTER SET utf8mb4 COLLATE utf8mb4_general_ci NULL DEFAULT NULL COMMENT '课程类型',
  PRIMARY KEY (`evalution_activity_id`) USING BTREE,
  INDEX `evalution_activity_id`(`evalution_activity_id` ASC) USING BTREE
) ENGINE = InnoDB AUTO_INCREMENT = 25 CHARACTER SET = utf8mb4 COLLATE = utf8mb4_general_ci ROW_FORMAT = DYNAMIC;

-- ----------------------------
-- Records of evalution_activity
-- ----------------------------

-- ----------------------------
-- Table structure for gen_table
-- ----------------------------
DROP TABLE IF EXISTS `gen_table`;
CREATE TABLE `gen_table`  (
  `table_id` bigint NOT NULL AUTO_INCREMENT COMMENT '编号',
  `table_name` varchar(200) CHARACTER SET utf8mb4 COLLATE utf8mb4_bin NULL DEFAULT '' COMMENT '表名称',
  `table_comment` varchar(500) CHARACTER SET utf8mb4 COLLATE utf8mb4_bin NULL DEFAULT '' COMMENT '表描述',
  `sub_table_name` varchar(64) CHARACTER SET utf8mb4 COLLATE utf8mb4_bin NULL DEFAULT NULL COMMENT '关联子表的表名',
  `sub_table_fk_name` varchar(64) CHARACTER SET utf8mb4 COLLATE utf8mb4_bin NULL DEFAULT NULL COMMENT '子表关联的外键名',
  `class_name` varchar(100) CHARACTER SET utf8mb4 COLLATE utf8mb4_bin NULL DEFAULT '' COMMENT '实体类名称',
  `tpl_category` varchar(200) CHARACTER SET utf8mb4 COLLATE utf8mb4_bin NULL DEFAULT 'crud' COMMENT '使用的模板（crud单表操作 tree树表操作）',
  `package_name` varchar(100) CHARACTER SET utf8mb4 COLLATE utf8mb4_bin NULL DEFAULT NULL COMMENT '生成包路径',
  `module_name` varchar(30) CHARACTER SET utf8mb4 COLLATE utf8mb4_bin NULL DEFAULT NULL COMMENT '生成模块名',
  `business_name` varchar(30) CHARACTER SET utf8mb4 COLLATE utf8mb4_bin NULL DEFAULT NULL COMMENT '生成业务名',
  `function_name` varchar(50) CHARACTER SET utf8mb4 COLLATE utf8mb4_bin NULL DEFAULT NULL COMMENT '生成功能名',
  `function_author` varchar(50) CHARACTER SET utf8mb4 COLLATE utf8mb4_bin NULL DEFAULT NULL COMMENT '生成功能作者',
  `gen_type` char(1) CHARACTER SET utf8mb4 COLLATE utf8mb4_bin NULL DEFAULT '0' COMMENT '生成代码方式（0zip压缩包 1自定义路径）',
  `gen_path` varchar(200) CHARACTER SET utf8mb4 COLLATE utf8mb4_bin NULL DEFAULT '/' COMMENT '生成路径（不填默认项目路径）',
  `options` varchar(1000) CHARACTER SET utf8mb4 COLLATE utf8mb4_bin NULL DEFAULT NULL COMMENT '其它生成选项',
  `create_by` varchar(64) CHARACTER SET utf8mb4 COLLATE utf8mb4_bin NULL DEFAULT '' COMMENT '创建者',
  `create_time` datetime NULL DEFAULT NULL COMMENT '创建时间',
  `update_by` varchar(64) CHARACTER SET utf8mb4 COLLATE utf8mb4_bin NULL DEFAULT '' COMMENT '更新者',
  `update_time` datetime NULL DEFAULT NULL COMMENT '更新时间',
  `remark` varchar(500) CHARACTER SET utf8mb4 COLLATE utf8mb4_bin NULL DEFAULT NULL COMMENT '备注',
  PRIMARY KEY (`table_id`) USING BTREE
) ENGINE = InnoDB AUTO_INCREMENT = 42 CHARACTER SET = utf8mb4 COLLATE = utf8mb4_bin COMMENT = '代码生成业务表' ROW_FORMAT = DYNAMIC;

-- ----------------------------
-- Records of gen_table
-- ----------------------------
INSERT INTO `gen_table` VALUES (28, 'student', '学生管理', NULL, NULL, 'Student', 'crud', 'com.ruoyi.system', 'scoreManagement', 'student', '学生管理', 'ruoyi', '0', '/', '{\"parentMenuId\":\"2064\"}', 'admin', '2023-08-31 14:06:09', '', '2023-08-31 21:12:29', NULL);
INSERT INTO `gen_table` VALUES (29, 'metaclass', '班级管理', NULL, NULL, 'Metaclass', 'crud', 'com.ruoyi.system', 'scoreManagement', 'metaclass', '班级管理', 'ruoyi', '0', '/', '{\"parentMenuId\":\"2064\"}', 'admin', '2023-08-31 14:08:08', '', '2023-08-31 21:48:34', NULL);
INSERT INTO `gen_table` VALUES (30, 'course', '课程管理', NULL, NULL, 'Course', 'crud', 'com.ruoyi.system', 'scoreManagement', 'course_management', '课程管理', 'ruoyi', '0', '/', '{\"parentMenuId\":\"2064\"}', 'admin', '2023-08-31 14:09:54', '', '2023-08-31 21:23:20', NULL);
INSERT INTO `gen_table` VALUES (35, 'teacher_course', '查看授课', NULL, NULL, 'TeacherCourse', 'crud', 'com.ruoyi.system', 'scoreManagement', 'teacherCourse', '查看授课', 'ruoyi', '0', '/', '{\"parentMenuId\":\"2064\"}', 'admin', '2023-08-31 23:26:59', '', '2023-09-01 00:22:06', NULL);
INSERT INTO `gen_table` VALUES (38, 'courseclass', '', NULL, NULL, 'Courseclass', 'crud', 'com.ruoyi.system', 'system', 'courseclass', NULL, 'ruoyi', '0', '/', NULL, 'admin', '2023-09-01 00:56:58', '', NULL, NULL);
INSERT INTO `gen_table` VALUES (40, 'courseclass_student', '学生成绩', NULL, NULL, 'CourseclassStudent', 'crud', 'com.ruoyi.system', 'scoreManagement', 'studentScore', '学生成绩', 'ruoyi', '0', '/', '{\"parentMenuId\":2064}', 'admin', '2023-09-01 00:56:58', '', '2023-09-01 11:01:02', NULL);
INSERT INTO `gen_table` VALUES (41, 'teacher', '教师管理', NULL, NULL, 'Teacher', 'crud', 'com.ruoyi.system', 'system', 'teacher', '教师管理', 'ruoyi', '0', '/', '{\"parentMenuId\":2064}', 'admin', '2023-09-03 10:32:14', '', '2023-09-03 10:33:02', NULL);

-- ----------------------------
-- Table structure for gen_table_column
-- ----------------------------
DROP TABLE IF EXISTS `gen_table_column`;
CREATE TABLE `gen_table_column`  (
  `column_id` bigint NOT NULL AUTO_INCREMENT COMMENT '编号',
  `table_id` varchar(64) CHARACTER SET utf8mb4 COLLATE utf8mb4_bin NULL DEFAULT NULL COMMENT '归属表编号',
  `column_name` varchar(200) CHARACTER SET utf8mb4 COLLATE utf8mb4_bin NULL DEFAULT NULL COMMENT '列名称',
  `column_comment` varchar(500) CHARACTER SET utf8mb4 COLLATE utf8mb4_bin NULL DEFAULT NULL COMMENT '列描述',
  `column_type` varchar(100) CHARACTER SET utf8mb4 COLLATE utf8mb4_bin NULL DEFAULT NULL COMMENT '列类型',
  `java_type` varchar(500) CHARACTER SET utf8mb4 COLLATE utf8mb4_bin NULL DEFAULT NULL COMMENT 'JAVA类型',
  `java_field` varchar(200) CHARACTER SET utf8mb4 COLLATE utf8mb4_bin NULL DEFAULT NULL COMMENT 'JAVA字段名',
  `is_pk` char(1) CHARACTER SET utf8mb4 COLLATE utf8mb4_bin NULL DEFAULT NULL COMMENT '是否主键（1是）',
  `is_increment` char(1) CHARACTER SET utf8mb4 COLLATE utf8mb4_bin NULL DEFAULT NULL COMMENT '是否自增（1是）',
  `is_required` char(1) CHARACTER SET utf8mb4 COLLATE utf8mb4_bin NULL DEFAULT NULL COMMENT '是否必填（1是）',
  `is_insert` char(1) CHARACTER SET utf8mb4 COLLATE utf8mb4_bin NULL DEFAULT NULL COMMENT '是否为插入字段（1是）',
  `is_edit` char(1) CHARACTER SET utf8mb4 COLLATE utf8mb4_bin NULL DEFAULT NULL COMMENT '是否编辑字段（1是）',
  `is_list` char(1) CHARACTER SET utf8mb4 COLLATE utf8mb4_bin NULL DEFAULT NULL COMMENT '是否列表字段（1是）',
  `is_query` char(1) CHARACTER SET utf8mb4 COLLATE utf8mb4_bin NULL DEFAULT NULL COMMENT '是否查询字段（1是）',
  `query_type` varchar(200) CHARACTER SET utf8mb4 COLLATE utf8mb4_bin NULL DEFAULT 'EQ' COMMENT '查询方式（等于、不等于、大于、小于、范围）',
  `html_type` varchar(200) CHARACTER SET utf8mb4 COLLATE utf8mb4_bin NULL DEFAULT NULL COMMENT '显示类型（文本框、文本域、下拉框、复选框、单选框、日期控件）',
  `dict_type` varchar(200) CHARACTER SET utf8mb4 COLLATE utf8mb4_bin NULL DEFAULT '' COMMENT '字典类型',
  `sort` int NULL DEFAULT NULL COMMENT '排序',
  `create_by` varchar(64) CHARACTER SET utf8mb4 COLLATE utf8mb4_bin NULL DEFAULT '' COMMENT '创建者',
  `create_time` datetime NULL DEFAULT NULL COMMENT '创建时间',
  `update_by` varchar(64) CHARACTER SET utf8mb4 COLLATE utf8mb4_bin NULL DEFAULT '' COMMENT '更新者',
  `update_time` datetime NULL DEFAULT NULL COMMENT '更新时间',
  PRIMARY KEY (`column_id`) USING BTREE
) ENGINE = InnoDB AUTO_INCREMENT = 405 CHARACTER SET = utf8mb4 COLLATE = utf8mb4_bin COMMENT = '代码生成业务表字段' ROW_FORMAT = DYNAMIC;

-- ----------------------------
-- Records of gen_table_column
-- ----------------------------
INSERT INTO `gen_table_column` VALUES (298, '28', 'student_id', '学生id', 'int', 'Long', 'studentId', '1', '1', NULL, '1', NULL, NULL, NULL, 'EQ', 'input', '', 1, 'admin', '2023-08-31 14:06:09', '', '2023-08-31 21:12:29');
INSERT INTO `gen_table_column` VALUES (299, '28', 'meataclass_id', '行政班级id', 'int', 'Long', 'meataclassId', '0', '0', NULL, '1', '1', '1', '1', 'EQ', 'input', '', 2, 'admin', '2023-08-31 14:06:09', '', '2023-08-31 21:12:29');
INSERT INTO `gen_table_column` VALUES (300, '28', 'status', '状态', 'char(1)', 'String', 'status', '0', '0', NULL, '1', '1', '1', '1', 'EQ', 'radio', '', 3, 'admin', '2023-08-31 14:06:09', '', '2023-08-31 21:12:29');
INSERT INTO `gen_table_column` VALUES (301, '28', 'del_flag', '是否删除', 'char(1)', 'String', 'delFlag', '0', '0', NULL, '1', NULL, NULL, NULL, 'EQ', 'input', '', 4, 'admin', '2023-08-31 14:06:09', '', '2023-08-31 21:12:29');
INSERT INTO `gen_table_column` VALUES (302, '28', 'create_by', '创建者', 'varchar(64)', 'String', 'createBy', '0', '0', NULL, '1', NULL, NULL, NULL, 'EQ', 'input', '', 5, 'admin', '2023-08-31 14:06:09', '', '2023-08-31 21:12:29');
INSERT INTO `gen_table_column` VALUES (303, '28', 'create_time', '创建时间', 'datetime', 'Date', 'createTime', '0', '0', NULL, '1', NULL, NULL, NULL, 'EQ', 'datetime', '', 6, 'admin', '2023-08-31 14:06:09', '', '2023-08-31 21:12:29');
INSERT INTO `gen_table_column` VALUES (304, '28', 'update_by', '修改者', 'varchar(64)', 'String', 'updateBy', '0', '0', NULL, '1', '1', NULL, NULL, 'EQ', 'input', '', 7, 'admin', '2023-08-31 14:06:09', '', '2023-08-31 21:12:29');
INSERT INTO `gen_table_column` VALUES (305, '28', 'update_time', '修改时间', 'datetime', 'Date', 'updateTime', '0', '0', NULL, '1', '1', NULL, NULL, 'EQ', 'datetime', '', 8, 'admin', '2023-08-31 14:06:09', '', '2023-08-31 21:12:29');
INSERT INTO `gen_table_column` VALUES (306, '28', 'student_no', '学号', 'varchar(50)', 'String', 'studentNo', '0', '0', NULL, '1', '1', '1', '1', 'EQ', 'input', '', 9, 'admin', '2023-08-31 14:06:09', '', '2023-08-31 21:12:29');
INSERT INTO `gen_table_column` VALUES (307, '28', 'real_name', '姓名', 'varchar(20)', 'String', 'realName', '0', '0', NULL, '1', '1', '1', '1', 'LIKE', 'input', '', 10, 'admin', '2023-08-31 14:06:09', '', '2023-08-31 21:12:29');
INSERT INTO `gen_table_column` VALUES (308, '28', 'gender', '性别', 'varchar(20)', 'String', 'gender', '0', '0', NULL, '1', '1', '1', '1', 'EQ', 'input', '', 11, 'admin', '2023-08-31 14:06:09', '', '2023-08-31 21:12:29');
INSERT INTO `gen_table_column` VALUES (309, '28', 'grade', '年级', 'varchar(50)', 'String', 'grade', '0', '0', NULL, '1', '1', '1', '1', 'EQ', 'input', '', 12, 'admin', '2023-08-31 14:06:09', '', '2023-08-31 21:12:29');
INSERT INTO `gen_table_column` VALUES (310, '28', 'user_id', '用户id', 'bigint', 'Long', 'userId', '0', '0', NULL, '1', '1', '1', '1', 'EQ', 'input', '', 13, 'admin', '2023-08-31 14:06:09', '', '2023-08-31 21:12:29');
INSERT INTO `gen_table_column` VALUES (311, '29', 'meataclass_id', '行政班级id', 'int', 'Long', 'meataclassId', '1', '1', NULL, '1', NULL, NULL, NULL, 'EQ', 'input', '', 1, 'admin', '2023-08-31 14:08:08', '', '2023-08-31 21:48:34');
INSERT INTO `gen_table_column` VALUES (312, '29', 'metaclass_no', '行政班级编号', 'varchar(50)', 'String', 'metaclassNo', '0', '0', NULL, '1', '1', '1', '1', 'EQ', 'input', '', 2, 'admin', '2023-08-31 14:08:08', '', '2023-08-31 21:48:34');
INSERT INTO `gen_table_column` VALUES (313, '29', 'metaclass_name', '行政班级名称', 'varchar(50)', 'String', 'metaclassName', '0', '0', NULL, '1', '1', '1', '1', 'LIKE', 'input', '', 3, 'admin', '2023-08-31 14:08:08', '', '2023-08-31 21:48:34');
INSERT INTO `gen_table_column` VALUES (314, '29', 'grade', '年级', 'varchar(50)', 'String', 'grade', '0', '0', NULL, '1', '1', '1', '1', 'EQ', 'input', '', 4, 'admin', '2023-08-31 14:08:08', '', '2023-08-31 21:48:34');
INSERT INTO `gen_table_column` VALUES (315, '29', 'dept_id', '部门', 'bigint', 'Long', 'deptId', '0', '0', NULL, '1', '1', '1', '1', 'EQ', 'input', '', 5, 'admin', '2023-08-31 14:08:08', '', '2023-08-31 21:48:34');
INSERT INTO `gen_table_column` VALUES (316, '29', 'status', '状态', 'char(1)', 'String', 'status', '0', '0', NULL, '1', '1', '1', '1', 'EQ', 'radio', '', 6, 'admin', '2023-08-31 14:08:08', '', '2023-08-31 21:48:34');
INSERT INTO `gen_table_column` VALUES (317, '29', 'del_flag', '删除 0（没有删除) 2（代表删除）', 'char(1)', 'String', 'delFlag', '0', '0', NULL, '1', NULL, NULL, NULL, 'EQ', 'input', '', 7, 'admin', '2023-08-31 14:08:08', '', '2023-08-31 21:48:34');
INSERT INTO `gen_table_column` VALUES (318, '29', 'create_by', '创建者', 'varchar(64)', 'String', 'createBy', '0', '0', NULL, '1', NULL, NULL, NULL, 'EQ', 'input', '', 8, 'admin', '2023-08-31 14:08:08', '', '2023-08-31 21:48:34');
INSERT INTO `gen_table_column` VALUES (319, '29', 'create_time', '创建时间', 'datetime', 'Date', 'createTime', '0', '0', NULL, '1', NULL, NULL, NULL, 'EQ', 'datetime', '', 9, 'admin', '2023-08-31 14:08:08', '', '2023-08-31 21:48:34');
INSERT INTO `gen_table_column` VALUES (320, '29', 'update_by', '修改者', 'varchar(64)', 'String', 'updateBy', '0', '0', NULL, '1', '1', NULL, NULL, 'EQ', 'input', '', 10, 'admin', '2023-08-31 14:08:08', '', '2023-08-31 21:48:34');
INSERT INTO `gen_table_column` VALUES (321, '29', 'update_time', '创建时间', 'datetime', 'Date', 'updateTime', '0', '0', NULL, '1', '1', NULL, NULL, 'EQ', 'datetime', '', 11, 'admin', '2023-08-31 14:08:08', '', '2023-08-31 21:48:34');
INSERT INTO `gen_table_column` VALUES (322, '30', 'course_id', '课程id', 'int', 'Long', 'courseId', '1', '1', NULL, '1', NULL, NULL, NULL, 'EQ', 'input', '', 1, 'admin', '2023-08-31 14:09:54', '', '2023-08-31 21:23:20');
INSERT INTO `gen_table_column` VALUES (323, '30', 'dept_id', '部门id', 'bigint', 'Long', 'deptId', '0', '0', NULL, '1', '1', '1', '1', 'EQ', 'input', '', 2, 'admin', '2023-08-31 14:09:54', '', '2023-08-31 21:23:20');
INSERT INTO `gen_table_column` VALUES (324, '30', 'status', '状态', 'char(1)', 'String', 'status', '0', '0', NULL, '1', '1', '1', '1', 'EQ', 'radio', '', 3, 'admin', '2023-08-31 14:09:54', '', '2023-08-31 21:23:20');
INSERT INTO `gen_table_column` VALUES (325, '30', 'del_flag', '是否删除 （2）删除  （0）存在正常', 'char(1)', 'String', 'delFlag', '0', '0', NULL, '1', NULL, NULL, NULL, 'EQ', 'input', '', 4, 'admin', '2023-08-31 14:09:54', '', '2023-08-31 21:23:20');
INSERT INTO `gen_table_column` VALUES (326, '30', 'create_by', '创建者', 'varchar(64)', 'String', 'createBy', '0', '0', NULL, '1', NULL, NULL, NULL, 'EQ', 'input', '', 5, 'admin', '2023-08-31 14:09:54', '', '2023-08-31 21:23:20');
INSERT INTO `gen_table_column` VALUES (327, '30', 'create_time', '创建时间', 'datetime', 'Date', 'createTime', '0', '0', NULL, '1', NULL, NULL, NULL, 'EQ', 'datetime', '', 6, 'admin', '2023-08-31 14:09:54', '', '2023-08-31 21:23:20');
INSERT INTO `gen_table_column` VALUES (328, '30', 'update_by', '修改者', 'varchar(64)', 'String', 'updateBy', '0', '0', NULL, '1', '1', NULL, NULL, 'EQ', 'input', '', 7, 'admin', '2023-08-31 14:09:54', '', '2023-08-31 21:23:20');
INSERT INTO `gen_table_column` VALUES (329, '30', 'update_time', '修改时间', 'datetime', 'Date', 'updateTime', '0', '0', NULL, '1', '1', NULL, NULL, 'EQ', 'datetime', '', 8, 'admin', '2023-08-31 14:09:54', '', '2023-08-31 21:23:20');
INSERT INTO `gen_table_column` VALUES (330, '30', 'course_no', '课程号', 'varchar(50)', 'String', 'courseNo', '0', '0', NULL, '1', '1', '1', '1', 'EQ', 'input', '', 9, 'admin', '2023-08-31 14:09:54', '', '2023-08-31 21:23:20');
INSERT INTO `gen_table_column` VALUES (331, '30', 'course_name', '课程名', 'varchar(50)', 'String', 'courseName', '0', '0', NULL, '1', '1', '1', '1', 'LIKE', 'input', '', 10, 'admin', '2023-08-31 14:09:54', '', '2023-08-31 21:23:20');
INSERT INTO `gen_table_column` VALUES (332, '30', 'course_type', '课程类型', 'char(1)', 'String', 'courseType', '0', '0', NULL, '1', '1', '1', '1', 'EQ', 'select', '', 11, 'admin', '2023-08-31 14:09:54', '', '2023-08-31 21:23:20');
INSERT INTO `gen_table_column` VALUES (333, '30', 'pingshi_percent', '平时成绩占比', 'double', 'Long', 'pingshiPercent', '0', '0', NULL, '1', '1', '1', '1', 'EQ', 'input', '', 12, 'admin', '2023-08-31 14:09:54', '', '2023-08-31 21:23:20');
INSERT INTO `gen_table_column` VALUES (334, '30', 'qimo_percent', '期末成绩占比', 'double', 'Long', 'qimoPercent', '0', '0', NULL, '1', '1', '1', '1', 'EQ', 'input', '', 13, 'admin', '2023-08-31 14:09:54', '', '2023-08-31 21:23:20');
INSERT INTO `gen_table_column` VALUES (350, '35', 'teacher_id', '老师表的id', 'int', 'Long', 'teacherId', '0', '0', '1', '1', '1', '1', '1', 'EQ', 'input', '', 1, 'admin', '2023-08-31 23:26:59', '', '2023-09-01 00:22:06');
INSERT INTO `gen_table_column` VALUES (351, '35', 'course_id', '课程id', 'int', 'Long', 'courseId', '0', '0', '1', '1', '1', '1', '1', 'EQ', 'input', '', 2, 'admin', '2023-08-31 23:26:59', '', '2023-09-01 00:22:06');
INSERT INTO `gen_table_column` VALUES (352, '35', 'teacher_no', '教师工号', 'varchar(255)', 'String', 'teacherNo', '0', '0', NULL, '1', '1', '1', '1', 'EQ', 'input', '', 3, 'admin', '2023-08-31 23:26:59', '', '2023-09-01 00:22:06');
INSERT INTO `gen_table_column` VALUES (353, '35', 'term', '学期', 'varchar(255)', 'String', 'term', '0', '0', NULL, '1', '1', '1', '1', 'EQ', 'input', '', 4, 'admin', '2023-08-31 23:26:59', '', '2023-09-01 00:22:06');
INSERT INTO `gen_table_column` VALUES (354, '35', 'courseclass_id', '上课班级id', 'int', 'Long', 'courseclassId', '0', '0', NULL, '1', '1', '1', '1', 'EQ', 'input', '', 5, 'admin', '2023-08-31 23:26:59', '', '2023-09-01 00:22:06');
INSERT INTO `gen_table_column` VALUES (355, '35', 'real_name', '教师的名字', 'varchar(255)', 'String', 'realName', '0', '0', NULL, '1', '1', '1', '1', 'LIKE', 'input', '', 6, 'admin', '2023-08-31 23:26:59', '', '2023-09-01 00:22:06');
INSERT INTO `gen_table_column` VALUES (370, '38', 'courseclass_id', '上课班级id', 'int', 'Long', 'courseclassId', '1', '1', NULL, '1', NULL, NULL, NULL, 'EQ', 'input', '', 1, 'admin', '2023-09-01 00:56:58', '', NULL);
INSERT INTO `gen_table_column` VALUES (371, '38', 'course_id', '课程id', 'int', 'Long', 'courseId', '0', '0', NULL, '1', '1', '1', '1', 'EQ', 'input', '', 2, 'admin', '2023-09-01 00:56:58', '', NULL);
INSERT INTO `gen_table_column` VALUES (372, '38', 'courseclass_no', '上课班级班号', 'varchar(50)', 'String', 'courseclassNo', '0', '0', NULL, '1', '1', '1', '1', 'EQ', 'input', '', 3, 'admin', '2023-09-01 00:56:58', '', NULL);
INSERT INTO `gen_table_column` VALUES (373, '38', 'status', '状态', 'char(1)', 'String', 'status', '0', '0', NULL, '1', '1', '1', '1', 'EQ', 'radio', '', 4, 'admin', '2023-09-01 00:56:58', '', NULL);
INSERT INTO `gen_table_column` VALUES (374, '38', 'del_flag', '是否删除', 'char(1)', 'String', 'delFlag', '0', '0', NULL, '1', NULL, NULL, NULL, 'EQ', 'input', '', 5, 'admin', '2023-09-01 00:56:58', '', NULL);
INSERT INTO `gen_table_column` VALUES (375, '38', 'create_by', '创建者', 'varchar(64)', 'String', 'createBy', '0', '0', NULL, '1', NULL, NULL, NULL, 'EQ', 'input', '', 6, 'admin', '2023-09-01 00:56:58', '', NULL);
INSERT INTO `gen_table_column` VALUES (376, '38', 'create_time', '创建时间', 'datetime', 'Date', 'createTime', '0', '0', NULL, '1', NULL, NULL, NULL, 'EQ', 'datetime', '', 7, 'admin', '2023-09-01 00:56:58', '', NULL);
INSERT INTO `gen_table_column` VALUES (377, '38', 'update_by', '修改者', 'varchar(64)', 'String', 'updateBy', '0', '0', NULL, '1', '1', NULL, NULL, 'EQ', 'input', '', 8, 'admin', '2023-09-01 00:56:58', '', NULL);
INSERT INTO `gen_table_column` VALUES (378, '38', 'update_time', '修改时间', 'datetime', 'Date', 'updateTime', '0', '0', NULL, '1', '1', NULL, NULL, 'EQ', 'datetime', '', 9, 'admin', '2023-09-01 00:56:58', '', NULL);
INSERT INTO `gen_table_column` VALUES (379, '38', 'term', NULL, 'varchar(20)', 'String', 'term', '0', '0', NULL, '1', '1', '1', '1', 'EQ', 'input', '', 10, 'admin', '2023-09-01 00:56:58', '', NULL);
INSERT INTO `gen_table_column` VALUES (380, '38', 'courseclass_score', NULL, 'varchar(20)', 'String', 'courseclassScore', '0', '0', NULL, '1', '1', '1', '1', 'EQ', 'input', '', 11, 'admin', '2023-09-01 00:56:58', '', NULL);
INSERT INTO `gen_table_column` VALUES (381, '38', 'courseclass_state', NULL, 'varchar(20)', 'String', 'courseclassState', '0', '0', NULL, '1', '1', '1', '1', 'EQ', 'input', '', 12, 'admin', '2023-09-01 00:56:58', '', NULL);
INSERT INTO `gen_table_column` VALUES (384, '40', 'student_id', '学生id', 'int', 'Long', 'studentId', '1', '0', NULL, '1', NULL, NULL, NULL, 'EQ', 'input', '', 1, 'admin', '2023-09-01 00:56:58', '', '2023-09-01 11:01:02');
INSERT INTO `gen_table_column` VALUES (385, '40', 'courseclass_id', '上课班级id', 'int', 'Long', 'courseclassId', '1', '0', NULL, '1', NULL, NULL, NULL, 'EQ', 'input', '', 2, 'admin', '2023-09-01 00:56:58', '', '2023-09-01 11:01:02');
INSERT INTO `gen_table_column` VALUES (386, '40', 'pingshi_score', '平时成绩', 'int', 'Long', 'pingshiScore', '0', '0', NULL, '1', '1', '1', '1', 'EQ', 'input', '', 3, 'admin', '2023-09-01 00:56:58', '', '2023-09-01 11:01:02');
INSERT INTO `gen_table_column` VALUES (387, '40', 'qimo_score', '期末成绩', 'int', 'Long', 'qimoScore', '0', '0', NULL, '1', '1', '1', '1', 'EQ', 'input', '', 4, 'admin', '2023-09-01 00:56:58', '', '2023-09-01 11:01:02');
INSERT INTO `gen_table_column` VALUES (388, '40', 'zongping_score', '总评成绩', 'int', 'Long', 'zongpingScore', '0', '0', NULL, '1', '1', '1', '1', 'EQ', 'input', '', 5, 'admin', '2023-09-01 00:56:58', '', '2023-09-01 11:01:02');
INSERT INTO `gen_table_column` VALUES (389, '41', 'teacher_id', '教师id', 'int', 'Long', 'teacherId', '1', '1', NULL, '1', NULL, NULL, NULL, 'EQ', 'input', '', 1, 'admin', '2023-09-03 10:32:14', '', '2023-09-03 10:33:02');
INSERT INTO `gen_table_column` VALUES (390, '41', 'dept_id', '学院id', 'bigint', 'Long', 'deptId', '0', '0', NULL, '1', '1', '1', '1', 'EQ', 'input', '', 2, 'admin', '2023-09-03 10:32:14', '', '2023-09-03 10:33:02');
INSERT INTO `gen_table_column` VALUES (391, '41', 'status', '状态', 'char(1)', 'String', 'status', '0', '0', NULL, '1', '1', '1', '1', 'EQ', 'radio', '', 3, 'admin', '2023-09-03 10:32:14', '', '2023-09-03 10:33:02');
INSERT INTO `gen_table_column` VALUES (392, '41', 'del_flag', '删除标志 0（没删除）2（删除）', 'char(1)', 'String', 'delFlag', '0', '0', NULL, '1', NULL, NULL, NULL, 'EQ', 'input', '', 4, 'admin', '2023-09-03 10:32:14', '', '2023-09-03 10:33:02');
INSERT INTO `gen_table_column` VALUES (393, '41', 'create_by', '创建者', 'varchar(64)', 'String', 'createBy', '0', '0', NULL, '1', NULL, NULL, NULL, 'EQ', 'input', '', 5, 'admin', '2023-09-03 10:32:14', '', '2023-09-03 10:33:02');
INSERT INTO `gen_table_column` VALUES (394, '41', 'create_time', '创建时间', 'datetime', 'Date', 'createTime', '0', '0', NULL, '1', NULL, NULL, NULL, 'EQ', 'datetime', '', 6, 'admin', '2023-09-03 10:32:14', '', '2023-09-03 10:33:02');
INSERT INTO `gen_table_column` VALUES (395, '41', 'update_by', '修改者', 'varchar(64)', 'String', 'updateBy', '0', '0', NULL, '1', '1', NULL, NULL, 'EQ', 'input', '', 7, 'admin', '2023-09-03 10:32:14', '', '2023-09-03 10:33:02');
INSERT INTO `gen_table_column` VALUES (396, '41', 'update_time', '修改时间', 'datetime', 'Date', 'updateTime', '0', '0', NULL, '1', '1', NULL, NULL, 'EQ', 'datetime', '', 8, 'admin', '2023-09-03 10:32:14', '', '2023-09-03 10:33:02');
INSERT INTO `gen_table_column` VALUES (397, '41', 'teacher_no', '教师工号', 'varchar(50)', 'String', 'teacherNo', '0', '0', NULL, '1', '1', '1', '1', 'EQ', 'input', '', 9, 'admin', '2023-09-03 10:32:14', '', '2023-09-03 10:33:02');
INSERT INTO `gen_table_column` VALUES (398, '41', 'real_name', '真实姓名', 'varchar(20)', 'String', 'realName', '0', '0', NULL, '1', '1', '1', '1', 'LIKE', 'input', '', 10, 'admin', '2023-09-03 10:32:14', '', '2023-09-03 10:33:02');
INSERT INTO `gen_table_column` VALUES (399, '41', 'gender', '性别', 'varchar(20)', 'String', 'gender', '0', '0', NULL, '1', '1', '1', '1', 'EQ', 'input', '', 11, 'admin', '2023-09-03 10:32:14', '', '2023-09-03 10:33:02');
INSERT INTO `gen_table_column` VALUES (400, '41', 'evaluate_score', '评教成绩', 'varchar(20)', 'String', 'evaluateScore', '0', '0', NULL, '1', '1', '1', '1', 'EQ', 'input', '', 12, 'admin', '2023-09-03 10:32:14', '', '2023-09-03 10:33:02');
INSERT INTO `gen_table_column` VALUES (401, '41', 'evaluate_state', '评教状态', 'varchar(20)', 'String', 'evaluateState', '0', '0', NULL, '1', '1', '1', '1', 'EQ', 'input', '', 13, 'admin', '2023-09-03 10:32:14', '', '2023-09-03 10:33:02');
INSERT INTO `gen_table_column` VALUES (402, '41', 'academic_title', '职称', 'varchar(20)', 'String', 'academicTitle', '0', '0', NULL, '1', '1', '1', '1', 'EQ', 'input', '', 14, 'admin', '2023-09-03 10:32:14', '', '2023-09-03 10:33:02');
INSERT INTO `gen_table_column` VALUES (403, '41', 'internal', '是否外聘；1表示内部，0表示外聘教师', 'char(1)', 'String', 'internal', '0', '0', NULL, '1', '1', '1', '1', 'EQ', 'input', '', 15, 'admin', '2023-09-03 10:32:14', '', '2023-09-03 10:33:02');
INSERT INTO `gen_table_column` VALUES (404, '41', 'user_id', NULL, 'bigint', 'Long', 'userId', '0', '0', NULL, '1', '1', '1', '1', 'EQ', 'input', '', 16, 'admin', '2023-09-03 10:32:14', '', '2023-09-03 10:33:02');

-- ----------------------------
-- Table structure for metaclass
-- ----------------------------
DROP TABLE IF EXISTS `metaclass`;
CREATE TABLE `metaclass`  (
  `meataclass_id` int NOT NULL AUTO_INCREMENT COMMENT '行政班级id',
  `metaclass_no` varchar(50) CHARACTER SET utf8mb4 COLLATE utf8mb4_bin NULL DEFAULT NULL COMMENT '行政班级编号',
  `metaclass_name` varchar(50) CHARACTER SET utf8mb4 COLLATE utf8mb4_bin NULL DEFAULT NULL COMMENT '行政班级名称',
  `grade` varchar(50) CHARACTER SET utf8mb4 COLLATE utf8mb4_bin NULL DEFAULT NULL COMMENT '年级',
  `dept_id` bigint NULL DEFAULT NULL COMMENT '部门',
  `status` char(1) CHARACTER SET utf8mb4 COLLATE utf8mb4_bin NULL DEFAULT '0' COMMENT '状态',
  `del_flag` char(1) CHARACTER SET utf8mb4 COLLATE utf8mb4_bin NULL DEFAULT '0' COMMENT '删除 0（没有删除) 2（代表删除）',
  `create_by` varchar(64) CHARACTER SET utf8mb4 COLLATE utf8mb4_bin NULL DEFAULT NULL COMMENT '创建者',
  `create_time` datetime NULL DEFAULT NULL COMMENT '创建时间',
  `update_by` varchar(64) CHARACTER SET utf8mb4 COLLATE utf8mb4_bin NULL DEFAULT NULL COMMENT '修改者',
  `update_time` datetime NULL DEFAULT NULL COMMENT '创建时间',
  PRIMARY KEY (`meataclass_id`) USING BTREE,
  INDEX `dept_id`(`dept_id` ASC) USING BTREE,
  CONSTRAINT `metaclass_ibfk_1` FOREIGN KEY (`dept_id`) REFERENCES `sys_dept` (`dept_id`) ON DELETE RESTRICT ON UPDATE RESTRICT
) ENGINE = InnoDB AUTO_INCREMENT = 4110 CHARACTER SET = utf8mb4 COLLATE = utf8mb4_bin ROW_FORMAT = DYNAMIC;

-- ----------------------------
-- Records of metaclass
-- ----------------------------
INSERT INTO `metaclass` VALUES (4099, '20233001', '软件工程1班', '3年级', 101, '0', '0', NULL, '2023-07-07 08:03:44', NULL, '2023-07-10 22:13:38');
INSERT INTO `metaclass` VALUES (4100, '20233002', '软件工程2班', '3年级', 101, '0', '0', NULL, '2023-07-08 11:53:18', NULL, '2023-07-10 21:51:56');
INSERT INTO `metaclass` VALUES (4101, '20231003', '制药工程1班', '3年级', 102, '0', '0', NULL, '2023-07-08 11:53:45', NULL, '2023-07-11 19:00:48');
INSERT INTO `metaclass` VALUES (4102, '20231004', '软件工程3班', '3年级', 101, '0', '0', NULL, '2023-07-10 21:00:20', NULL, '2023-07-10 21:47:07');
INSERT INTO `metaclass` VALUES (4103, '20231006', '软件工程5班', '2年级', 102, '0', '0', NULL, '2023-07-10 21:48:04', NULL, '2023-07-10 21:48:30');
INSERT INTO `metaclass` VALUES (4105, '20214002', '21计算机科学与技术2班', '大一', 101, '0', '0', '李飞', '2023-08-27 15:33:44', '', NULL);
INSERT INTO `metaclass` VALUES (4106, '10020', '计算机类3班', '大一', 101, '0', '0', NULL, '2023-08-28 11:36:47', '', NULL);
INSERT INTO `metaclass` VALUES (4107, '202300100101', '制药工程10班', '大三', 102, '0', '0', '张前进', '2023-08-29 21:39:58', '', NULL);
INSERT INTO `metaclass` VALUES (4108, '20214005', '计算机哈哈哈', '大一', 101, '0', '0', 'admin', '2023-09-03 09:02:08', '', NULL);
INSERT INTO `metaclass` VALUES (4109, '202140054', '哈哈哈', '大一', 101, '0', '2', '赵孟硕', '2023-09-03 09:10:46', '', NULL);

-- ----------------------------
-- Table structure for paper_course_type
-- ----------------------------
DROP TABLE IF EXISTS `paper_course_type`;
CREATE TABLE `paper_course_type`  (
  `paper_course_type_id` int NOT NULL AUTO_INCREMENT,
  `paper_type_dict_code` bigint NULL DEFAULT NULL,
  `course_type_dict_code` bigint NULL DEFAULT NULL,
  PRIMARY KEY (`paper_course_type_id`) USING BTREE
) ENGINE = InnoDB AUTO_INCREMENT = 1 CHARACTER SET = utf8mb4 COLLATE = utf8mb4_general_ci ROW_FORMAT = DYNAMIC;

-- ----------------------------
-- Records of paper_course_type
-- ----------------------------

-- ----------------------------
-- Table structure for paper_item
-- ----------------------------
DROP TABLE IF EXISTS `paper_item`;
CREATE TABLE `paper_item`  (
  `paper_item_id` int NOT NULL AUTO_INCREMENT COMMENT '问卷项id',
  `paper_item_category_id` int NULL DEFAULT NULL COMMENT '问卷项类别id',
  `evaluation_paper_id` int NULL DEFAULT NULL COMMENT '所属问卷id',
  `status` char(1) CHARACTER SET utf8mb4 COLLATE utf8mb4_bin NULL DEFAULT '0' COMMENT '状态',
  `del_flag` char(1) CHARACTER SET utf8mb4 COLLATE utf8mb4_bin NULL DEFAULT '0' COMMENT '是否删除',
  `create_by` varchar(64) CHARACTER SET utf8mb4 COLLATE utf8mb4_bin NULL DEFAULT NULL COMMENT '创建者',
  `create_time` datetime NULL DEFAULT NULL COMMENT '创建时间',
  `update_by` varchar(64) CHARACTER SET utf8mb4 COLLATE utf8mb4_bin NULL DEFAULT NULL COMMENT '修改者',
  `update_time` datetime NULL DEFAULT NULL COMMENT '修改时间',
  `paper_item_title` varchar(100) CHARACTER SET utf8mb4 COLLATE utf8mb4_bin NULL DEFAULT NULL COMMENT '问卷项标题',
  `item_point_value` varchar(20) CHARACTER SET utf8mb4 COLLATE utf8mb4_bin NULL DEFAULT NULL COMMENT '分值',
  `problem_type` varchar(20) CHARACTER SET utf8mb4 COLLATE utf8mb4_bin NULL DEFAULT NULL COMMENT '问题类型',
  `option_a` varchar(50) CHARACTER SET utf8mb4 COLLATE utf8mb4_bin NULL DEFAULT NULL COMMENT '选项A',
  `option_b` varchar(50) CHARACTER SET utf8mb4 COLLATE utf8mb4_bin NULL DEFAULT NULL COMMENT '选项B',
  `option_c` varchar(50) CHARACTER SET utf8mb4 COLLATE utf8mb4_bin NULL DEFAULT NULL COMMENT '选项C',
  `option_d` varchar(50) CHARACTER SET utf8mb4 COLLATE utf8mb4_bin NULL DEFAULT NULL COMMENT '选项D',
  `option_e` varchar(50) CHARACTER SET utf8mb4 COLLATE utf8mb4_bin NULL DEFAULT NULL COMMENT '选项E',
  PRIMARY KEY (`paper_item_id`) USING BTREE,
  INDEX `FK_Relationship_11`(`paper_item_category_id` ASC) USING BTREE,
  INDEX `FK_Relationship_6`(`evaluation_paper_id` ASC) USING BTREE,
  CONSTRAINT `FK_Relationship_11` FOREIGN KEY (`paper_item_category_id`) REFERENCES `paper_item_category` (`paper_item_category_id`) ON DELETE RESTRICT ON UPDATE RESTRICT,
  CONSTRAINT `FK_Relationship_6` FOREIGN KEY (`evaluation_paper_id`) REFERENCES `evaluation_paper` (`evaluation_paper_id`) ON DELETE RESTRICT ON UPDATE RESTRICT
) ENGINE = InnoDB AUTO_INCREMENT = 20 CHARACTER SET = utf8mb4 COLLATE = utf8mb4_bin ROW_FORMAT = DYNAMIC;

-- ----------------------------
-- Records of paper_item
-- ----------------------------

-- ----------------------------
-- Table structure for paper_item_category
-- ----------------------------
DROP TABLE IF EXISTS `paper_item_category`;
CREATE TABLE `paper_item_category`  (
  `paper_item_category_id` int NOT NULL AUTO_INCREMENT COMMENT '问卷项类别id',
  `evaluation_paper_id` int NULL DEFAULT NULL COMMENT '所属问卷id',
  `status` char(1) CHARACTER SET utf8mb4 COLLATE utf8mb4_bin NULL DEFAULT '0' COMMENT '状态',
  `del_flag` char(1) CHARACTER SET utf8mb4 COLLATE utf8mb4_bin NULL DEFAULT '0' COMMENT '是否删除',
  `create_by` varchar(64) CHARACTER SET utf8mb4 COLLATE utf8mb4_bin NULL DEFAULT NULL COMMENT '创建者',
  `create_time` datetime NULL DEFAULT NULL COMMENT '创建时间',
  `update_by` varchar(64) CHARACTER SET utf8mb4 COLLATE utf8mb4_bin NULL DEFAULT NULL COMMENT '修改者',
  `update_time` datetime NULL DEFAULT NULL COMMENT '修改时间',
  `paper_item_category_name` varchar(100) CHARACTER SET utf8mb4 COLLATE utf8mb4_bin NULL DEFAULT NULL COMMENT '问卷项类别名称',
  PRIMARY KEY (`paper_item_category_id`) USING BTREE,
  INDEX `FK_Relationship_12`(`evaluation_paper_id` ASC) USING BTREE,
  CONSTRAINT `FK_Relationship_12` FOREIGN KEY (`evaluation_paper_id`) REFERENCES `evaluation_paper` (`evaluation_paper_id`) ON DELETE RESTRICT ON UPDATE RESTRICT
) ENGINE = InnoDB AUTO_INCREMENT = 7 CHARACTER SET = utf8mb4 COLLATE = utf8mb4_bin ROW_FORMAT = DYNAMIC;

-- ----------------------------
-- Records of paper_item_category
-- ----------------------------

-- ----------------------------
-- Table structure for qrtz_calendars
-- ----------------------------
DROP TABLE IF EXISTS `qrtz_calendars`;
CREATE TABLE `qrtz_calendars`  (
  `sched_name` varchar(120) CHARACTER SET utf8mb3 COLLATE utf8mb3_unicode_ci NOT NULL COMMENT '调度名称',
  `calendar_name` varchar(200) CHARACTER SET utf8mb3 COLLATE utf8mb3_unicode_ci NOT NULL COMMENT '日历名称',
  `calendar` blob NOT NULL COMMENT '存放持久化calendar对象',
  PRIMARY KEY (`sched_name`, `calendar_name`) USING BTREE
) ENGINE = InnoDB CHARACTER SET = utf8mb3 COLLATE = utf8mb3_unicode_ci COMMENT = '日历信息表' ROW_FORMAT = DYNAMIC;

-- ----------------------------
-- Records of qrtz_calendars
-- ----------------------------

-- ----------------------------
-- Table structure for qrtz_cron_triggers
-- ----------------------------
DROP TABLE IF EXISTS `qrtz_cron_triggers`;
CREATE TABLE `qrtz_cron_triggers`  (
  `sched_name` varchar(120) CHARACTER SET utf8mb3 COLLATE utf8mb3_unicode_ci NOT NULL COMMENT '调度名称',
  `trigger_name` varchar(200) CHARACTER SET utf8mb3 COLLATE utf8mb3_unicode_ci NOT NULL COMMENT 'qrtz_triggers表trigger_name的外键',
  `trigger_group` varchar(200) CHARACTER SET utf8mb3 COLLATE utf8mb3_unicode_ci NOT NULL COMMENT 'qrtz_triggers表trigger_group的外键',
  `cron_expression` varchar(200) CHARACTER SET utf8mb3 COLLATE utf8mb3_unicode_ci NOT NULL COMMENT 'cron表达式',
  `time_zone_id` varchar(80) CHARACTER SET utf8mb3 COLLATE utf8mb3_unicode_ci NULL DEFAULT NULL COMMENT '时区',
  PRIMARY KEY (`sched_name`, `trigger_name`, `trigger_group`) USING BTREE,
  CONSTRAINT `qrtz_cron_triggers_ibfk_1` FOREIGN KEY (`sched_name`, `trigger_name`, `trigger_group`) REFERENCES `qrtz_triggers` (`sched_name`, `trigger_name`, `trigger_group`) ON DELETE RESTRICT ON UPDATE RESTRICT
) ENGINE = InnoDB CHARACTER SET = utf8mb3 COLLATE = utf8mb3_unicode_ci COMMENT = 'Cron类型的触发器表' ROW_FORMAT = DYNAMIC;

-- ----------------------------
-- Records of qrtz_cron_triggers
-- ----------------------------

-- ----------------------------
-- Table structure for qrtz_fired_triggers
-- ----------------------------
DROP TABLE IF EXISTS `qrtz_fired_triggers`;
CREATE TABLE `qrtz_fired_triggers`  (
  `sched_name` varchar(120) CHARACTER SET utf8mb3 COLLATE utf8mb3_unicode_ci NOT NULL COMMENT '调度名称',
  `entry_id` varchar(95) CHARACTER SET utf8mb3 COLLATE utf8mb3_unicode_ci NOT NULL COMMENT '调度器实例id',
  `trigger_name` varchar(200) CHARACTER SET utf8mb3 COLLATE utf8mb3_unicode_ci NOT NULL COMMENT 'qrtz_triggers表trigger_name的外键',
  `trigger_group` varchar(200) CHARACTER SET utf8mb3 COLLATE utf8mb3_unicode_ci NOT NULL COMMENT 'qrtz_triggers表trigger_group的外键',
  `instance_name` varchar(200) CHARACTER SET utf8mb3 COLLATE utf8mb3_unicode_ci NOT NULL COMMENT '调度器实例名',
  `fired_time` bigint NOT NULL COMMENT '触发的时间',
  `sched_time` bigint NOT NULL COMMENT '定时器制定的时间',
  `priority` int NOT NULL COMMENT '优先级',
  `state` varchar(16) CHARACTER SET utf8mb3 COLLATE utf8mb3_unicode_ci NOT NULL COMMENT '状态',
  `job_name` varchar(200) CHARACTER SET utf8mb3 COLLATE utf8mb3_unicode_ci NULL DEFAULT NULL COMMENT '任务名称',
  `job_group` varchar(200) CHARACTER SET utf8mb3 COLLATE utf8mb3_unicode_ci NULL DEFAULT NULL COMMENT '任务组名',
  `is_nonconcurrent` varchar(1) CHARACTER SET utf8mb3 COLLATE utf8mb3_unicode_ci NULL DEFAULT NULL COMMENT '是否并发',
  `requests_recovery` varchar(1) CHARACTER SET utf8mb3 COLLATE utf8mb3_unicode_ci NULL DEFAULT NULL COMMENT '是否接受恢复执行',
  PRIMARY KEY (`sched_name`, `entry_id`) USING BTREE
) ENGINE = InnoDB CHARACTER SET = utf8mb3 COLLATE = utf8mb3_unicode_ci COMMENT = '已触发的触发器表' ROW_FORMAT = DYNAMIC;

-- ----------------------------
-- Records of qrtz_fired_triggers
-- ----------------------------

-- ----------------------------
-- Table structure for qrtz_job_details
-- ----------------------------
DROP TABLE IF EXISTS `qrtz_job_details`;
CREATE TABLE `qrtz_job_details`  (
  `sched_name` varchar(120) CHARACTER SET utf8mb3 COLLATE utf8mb3_unicode_ci NOT NULL COMMENT '调度名称',
  `job_name` varchar(200) CHARACTER SET utf8mb3 COLLATE utf8mb3_unicode_ci NOT NULL COMMENT '任务名称',
  `job_group` varchar(200) CHARACTER SET utf8mb3 COLLATE utf8mb3_unicode_ci NOT NULL COMMENT '任务组名',
  `description` varchar(250) CHARACTER SET utf8mb3 COLLATE utf8mb3_unicode_ci NULL DEFAULT NULL COMMENT '相关介绍',
  `job_class_name` varchar(250) CHARACTER SET utf8mb3 COLLATE utf8mb3_unicode_ci NOT NULL COMMENT '执行任务类名称',
  `is_durable` varchar(1) CHARACTER SET utf8mb3 COLLATE utf8mb3_unicode_ci NOT NULL COMMENT '是否持久化',
  `is_nonconcurrent` varchar(1) CHARACTER SET utf8mb3 COLLATE utf8mb3_unicode_ci NOT NULL COMMENT '是否并发',
  `is_update_data` varchar(1) CHARACTER SET utf8mb3 COLLATE utf8mb3_unicode_ci NOT NULL COMMENT '是否更新数据',
  `requests_recovery` varchar(1) CHARACTER SET utf8mb3 COLLATE utf8mb3_unicode_ci NOT NULL COMMENT '是否接受恢复执行',
  `job_data` blob NULL COMMENT '存放持久化job对象',
  PRIMARY KEY (`sched_name`, `job_name`, `job_group`) USING BTREE
) ENGINE = InnoDB CHARACTER SET = utf8mb3 COLLATE = utf8mb3_unicode_ci COMMENT = '任务详细信息表' ROW_FORMAT = DYNAMIC;

-- ----------------------------
-- Records of qrtz_job_details
-- ----------------------------

-- ----------------------------
-- Table structure for qrtz_locks
-- ----------------------------
DROP TABLE IF EXISTS `qrtz_locks`;
CREATE TABLE `qrtz_locks`  (
  `sched_name` varchar(120) CHARACTER SET utf8mb3 COLLATE utf8mb3_unicode_ci NOT NULL COMMENT '调度名称',
  `lock_name` varchar(40) CHARACTER SET utf8mb3 COLLATE utf8mb3_unicode_ci NOT NULL COMMENT '悲观锁名称',
  PRIMARY KEY (`sched_name`, `lock_name`) USING BTREE
) ENGINE = InnoDB CHARACTER SET = utf8mb3 COLLATE = utf8mb3_unicode_ci COMMENT = '存储的悲观锁信息表' ROW_FORMAT = DYNAMIC;

-- ----------------------------
-- Records of qrtz_locks
-- ----------------------------

-- ----------------------------
-- Table structure for qrtz_paused_trigger_grps
-- ----------------------------
DROP TABLE IF EXISTS `qrtz_paused_trigger_grps`;
CREATE TABLE `qrtz_paused_trigger_grps`  (
  `sched_name` varchar(120) CHARACTER SET utf8mb3 COLLATE utf8mb3_unicode_ci NOT NULL COMMENT '调度名称',
  `trigger_group` varchar(200) CHARACTER SET utf8mb3 COLLATE utf8mb3_unicode_ci NOT NULL COMMENT 'qrtz_triggers表trigger_group的外键',
  PRIMARY KEY (`sched_name`, `trigger_group`) USING BTREE
) ENGINE = InnoDB CHARACTER SET = utf8mb3 COLLATE = utf8mb3_unicode_ci COMMENT = '暂停的触发器表' ROW_FORMAT = DYNAMIC;

-- ----------------------------
-- Records of qrtz_paused_trigger_grps
-- ----------------------------

-- ----------------------------
-- Table structure for qrtz_scheduler_state
-- ----------------------------
DROP TABLE IF EXISTS `qrtz_scheduler_state`;
CREATE TABLE `qrtz_scheduler_state`  (
  `sched_name` varchar(120) CHARACTER SET utf8mb3 COLLATE utf8mb3_unicode_ci NOT NULL COMMENT '调度名称',
  `instance_name` varchar(200) CHARACTER SET utf8mb3 COLLATE utf8mb3_unicode_ci NOT NULL COMMENT '实例名称',
  `last_checkin_time` bigint NOT NULL COMMENT '上次检查时间',
  `checkin_interval` bigint NOT NULL COMMENT '检查间隔时间',
  PRIMARY KEY (`sched_name`, `instance_name`) USING BTREE
) ENGINE = InnoDB CHARACTER SET = utf8mb3 COLLATE = utf8mb3_unicode_ci COMMENT = '调度器状态表' ROW_FORMAT = DYNAMIC;

-- ----------------------------
-- Records of qrtz_scheduler_state
-- ----------------------------

-- ----------------------------
-- Table structure for qrtz_simple_triggers
-- ----------------------------
DROP TABLE IF EXISTS `qrtz_simple_triggers`;
CREATE TABLE `qrtz_simple_triggers`  (
  `sched_name` varchar(120) CHARACTER SET utf8mb3 COLLATE utf8mb3_unicode_ci NOT NULL COMMENT '调度名称',
  `trigger_name` varchar(200) CHARACTER SET utf8mb3 COLLATE utf8mb3_unicode_ci NOT NULL COMMENT 'qrtz_triggers表trigger_name的外键',
  `trigger_group` varchar(200) CHARACTER SET utf8mb3 COLLATE utf8mb3_unicode_ci NOT NULL COMMENT 'qrtz_triggers表trigger_group的外键',
  `repeat_count` bigint NOT NULL COMMENT '重复的次数统计',
  `repeat_interval` bigint NOT NULL COMMENT '重复的间隔时间',
  `times_triggered` bigint NOT NULL COMMENT '已经触发的次数',
  PRIMARY KEY (`sched_name`, `trigger_name`, `trigger_group`) USING BTREE,
  CONSTRAINT `qrtz_simple_triggers_ibfk_1` FOREIGN KEY (`sched_name`, `trigger_name`, `trigger_group`) REFERENCES `qrtz_triggers` (`sched_name`, `trigger_name`, `trigger_group`) ON DELETE RESTRICT ON UPDATE RESTRICT
) ENGINE = InnoDB CHARACTER SET = utf8mb3 COLLATE = utf8mb3_unicode_ci COMMENT = '简单触发器的信息表' ROW_FORMAT = DYNAMIC;

-- ----------------------------
-- Records of qrtz_simple_triggers
-- ----------------------------

-- ----------------------------
-- Table structure for qrtz_simprop_triggers
-- ----------------------------
DROP TABLE IF EXISTS `qrtz_simprop_triggers`;
CREATE TABLE `qrtz_simprop_triggers`  (
  `sched_name` varchar(120) CHARACTER SET utf8mb3 COLLATE utf8mb3_unicode_ci NOT NULL COMMENT '调度名称',
  `trigger_name` varchar(200) CHARACTER SET utf8mb3 COLLATE utf8mb3_unicode_ci NOT NULL COMMENT 'qrtz_triggers表trigger_name的外键',
  `trigger_group` varchar(200) CHARACTER SET utf8mb3 COLLATE utf8mb3_unicode_ci NOT NULL COMMENT 'qrtz_triggers表trigger_group的外键',
  `str_prop_1` varchar(512) CHARACTER SET utf8mb3 COLLATE utf8mb3_unicode_ci NULL DEFAULT NULL COMMENT 'String类型的trigger的第一个参数',
  `str_prop_2` varchar(512) CHARACTER SET utf8mb3 COLLATE utf8mb3_unicode_ci NULL DEFAULT NULL COMMENT 'String类型的trigger的第二个参数',
  `str_prop_3` varchar(512) CHARACTER SET utf8mb3 COLLATE utf8mb3_unicode_ci NULL DEFAULT NULL COMMENT 'String类型的trigger的第三个参数',
  `int_prop_1` int NULL DEFAULT NULL COMMENT 'int类型的trigger的第一个参数',
  `int_prop_2` int NULL DEFAULT NULL COMMENT 'int类型的trigger的第二个参数',
  `long_prop_1` bigint NULL DEFAULT NULL COMMENT 'long类型的trigger的第一个参数',
  `long_prop_2` bigint NULL DEFAULT NULL COMMENT 'long类型的trigger的第二个参数',
  `dec_prop_1` decimal(13, 4) NULL DEFAULT NULL COMMENT 'decimal类型的trigger的第一个参数',
  `dec_prop_2` decimal(13, 4) NULL DEFAULT NULL COMMENT 'decimal类型的trigger的第二个参数',
  `bool_prop_1` varchar(1) CHARACTER SET utf8mb3 COLLATE utf8mb3_unicode_ci NULL DEFAULT NULL COMMENT 'Boolean类型的trigger的第一个参数',
  `bool_prop_2` varchar(1) CHARACTER SET utf8mb3 COLLATE utf8mb3_unicode_ci NULL DEFAULT NULL COMMENT 'Boolean类型的trigger的第二个参数',
  PRIMARY KEY (`sched_name`, `trigger_name`, `trigger_group`) USING BTREE,
  CONSTRAINT `qrtz_simprop_triggers_ibfk_1` FOREIGN KEY (`sched_name`, `trigger_name`, `trigger_group`) REFERENCES `qrtz_triggers` (`sched_name`, `trigger_name`, `trigger_group`) ON DELETE RESTRICT ON UPDATE RESTRICT
) ENGINE = InnoDB CHARACTER SET = utf8mb3 COLLATE = utf8mb3_unicode_ci COMMENT = '同步机制的行锁表' ROW_FORMAT = DYNAMIC;

-- ----------------------------
-- Records of qrtz_simprop_triggers
-- ----------------------------

-- ----------------------------
-- Table structure for qrtz_triggers
-- ----------------------------
DROP TABLE IF EXISTS `qrtz_triggers`;
CREATE TABLE `qrtz_triggers`  (
  `sched_name` varchar(120) CHARACTER SET utf8mb3 COLLATE utf8mb3_unicode_ci NOT NULL COMMENT '调度名称',
  `trigger_name` varchar(200) CHARACTER SET utf8mb3 COLLATE utf8mb3_unicode_ci NOT NULL COMMENT '触发器的名字',
  `trigger_group` varchar(200) CHARACTER SET utf8mb3 COLLATE utf8mb3_unicode_ci NOT NULL COMMENT '触发器所属组的名字',
  `job_name` varchar(200) CHARACTER SET utf8mb3 COLLATE utf8mb3_unicode_ci NOT NULL COMMENT 'qrtz_job_details表job_name的外键',
  `job_group` varchar(200) CHARACTER SET utf8mb3 COLLATE utf8mb3_unicode_ci NOT NULL COMMENT 'qrtz_job_details表job_group的外键',
  `description` varchar(250) CHARACTER SET utf8mb3 COLLATE utf8mb3_unicode_ci NULL DEFAULT NULL COMMENT '相关介绍',
  `next_fire_time` bigint NULL DEFAULT NULL COMMENT '上一次触发时间（毫秒）',
  `prev_fire_time` bigint NULL DEFAULT NULL COMMENT '下一次触发时间（默认为-1表示不触发）',
  `priority` int NULL DEFAULT NULL COMMENT '优先级',
  `trigger_state` varchar(16) CHARACTER SET utf8mb3 COLLATE utf8mb3_unicode_ci NOT NULL COMMENT '触发器状态',
  `trigger_type` varchar(8) CHARACTER SET utf8mb3 COLLATE utf8mb3_unicode_ci NOT NULL COMMENT '触发器的类型',
  `start_time` bigint NOT NULL COMMENT '开始时间',
  `end_time` bigint NULL DEFAULT NULL COMMENT '结束时间',
  `calendar_name` varchar(200) CHARACTER SET utf8mb3 COLLATE utf8mb3_unicode_ci NULL DEFAULT NULL COMMENT '日程表名称',
  `misfire_instr` smallint NULL DEFAULT NULL COMMENT '补偿执行的策略',
  `job_data` blob NULL COMMENT '存放持久化job对象',
  PRIMARY KEY (`sched_name`, `trigger_name`, `trigger_group`) USING BTREE,
  INDEX `sched_name`(`sched_name` ASC, `job_name` ASC, `job_group` ASC) USING BTREE,
  CONSTRAINT `qrtz_triggers_ibfk_1` FOREIGN KEY (`sched_name`, `job_name`, `job_group`) REFERENCES `qrtz_job_details` (`sched_name`, `job_name`, `job_group`) ON DELETE RESTRICT ON UPDATE RESTRICT
) ENGINE = InnoDB CHARACTER SET = utf8mb3 COLLATE = utf8mb3_unicode_ci COMMENT = '触发器详细信息表' ROW_FORMAT = DYNAMIC;

-- ----------------------------
-- Records of qrtz_triggers
-- ----------------------------

-- ----------------------------
-- Table structure for student
-- ----------------------------
DROP TABLE IF EXISTS `student`;
CREATE TABLE `student`  (
  `student_id` int NOT NULL AUTO_INCREMENT COMMENT '学生id',
  `meataclass_id` int NULL DEFAULT NULL COMMENT '行政班级id',
  `status` char(1) CHARACTER SET utf8mb4 COLLATE utf8mb4_bin NULL DEFAULT '0' COMMENT '状态',
  `del_flag` char(1) CHARACTER SET utf8mb4 COLLATE utf8mb4_bin NULL DEFAULT '0' COMMENT '是否删除',
  `create_by` varchar(64) CHARACTER SET utf8mb4 COLLATE utf8mb4_bin NULL DEFAULT NULL COMMENT '创建者',
  `create_time` datetime NULL DEFAULT NULL COMMENT '创建时间',
  `update_by` varchar(64) CHARACTER SET utf8mb4 COLLATE utf8mb4_bin NULL DEFAULT NULL COMMENT '修改者',
  `update_time` datetime NULL DEFAULT NULL COMMENT '修改时间',
  `student_no` varchar(50) CHARACTER SET utf8mb4 COLLATE utf8mb4_bin NULL DEFAULT NULL COMMENT '学号',
  `real_name` varchar(20) CHARACTER SET utf8mb4 COLLATE utf8mb4_bin NULL DEFAULT NULL COMMENT '姓名',
  `gender` varchar(20) CHARACTER SET utf8mb4 COLLATE utf8mb4_bin NULL DEFAULT NULL COMMENT '性别',
  `grade` varchar(50) CHARACTER SET utf8mb4 COLLATE utf8mb4_bin NULL DEFAULT NULL COMMENT '年级',
  `user_id` bigint NULL DEFAULT NULL,
  PRIMARY KEY (`student_id`) USING BTREE,
  UNIQUE INDEX `Index_stu_user_id`(`user_id` ASC) USING BTREE,
  UNIQUE INDEX `Index_student_no`(`student_no` ASC) USING BTREE,
  INDEX `FK_Relationship_2`(`meataclass_id` ASC) USING BTREE,
  CONSTRAINT `FK_Relationship_2` FOREIGN KEY (`meataclass_id`) REFERENCES `metaclass` (`meataclass_id`) ON DELETE RESTRICT ON UPDATE RESTRICT
) ENGINE = InnoDB AUTO_INCREMENT = 131084 CHARACTER SET = utf8mb4 COLLATE = utf8mb4_bin ROW_FORMAT = DYNAMIC;

-- ----------------------------
-- Records of student
-- ----------------------------
INSERT INTO `student` VALUES (131080, 4099, '0', '0', NULL, '2023-07-08 12:14:57', NULL, '2023-07-12 17:49:19', '20204132038', ' 张飞', '男', '2', 106);
INSERT INTO `student` VALUES (131081, 4100, '0', '0', NULL, '2023-07-11 19:02:28', NULL, '2023-07-12 22:20:53', '20204140294', '小药', '男', '3', 108);
INSERT INTO `student` VALUES (131082, 4102, '0', '0', NULL, '2023-08-11 12:44:01', NULL, NULL, '10021', '小赵', '男', '大三', 114);
INSERT INTO `student` VALUES (131083, 4103, '0', '2', NULL, '2023-08-11 12:46:57', NULL, NULL, '10022', '小王', '男', '大三', 115);

-- ----------------------------
-- Table structure for sys_config
-- ----------------------------
DROP TABLE IF EXISTS `sys_config`;
CREATE TABLE `sys_config`  (
  `config_id` int NOT NULL AUTO_INCREMENT COMMENT '参数主键',
  `config_name` varchar(100) CHARACTER SET utf8mb3 COLLATE utf8mb3_unicode_ci NULL DEFAULT '' COMMENT '参数名称',
  `config_key` varchar(100) CHARACTER SET utf8mb3 COLLATE utf8mb3_unicode_ci NULL DEFAULT '' COMMENT '参数键名',
  `config_value` varchar(500) CHARACTER SET utf8mb3 COLLATE utf8mb3_unicode_ci NULL DEFAULT '' COMMENT '参数键值',
  `config_type` char(1) CHARACTER SET utf8mb3 COLLATE utf8mb3_unicode_ci NULL DEFAULT 'N' COMMENT '系统内置（Y是 N否）',
  `create_by` varchar(64) CHARACTER SET utf8mb3 COLLATE utf8mb3_unicode_ci NULL DEFAULT '' COMMENT '创建者',
  `create_time` datetime NULL DEFAULT NULL COMMENT '创建时间',
  `update_by` varchar(64) CHARACTER SET utf8mb3 COLLATE utf8mb3_unicode_ci NULL DEFAULT '' COMMENT '更新者',
  `update_time` datetime NULL DEFAULT NULL COMMENT '更新时间',
  `remark` varchar(500) CHARACTER SET utf8mb3 COLLATE utf8mb3_unicode_ci NULL DEFAULT NULL COMMENT '备注',
  PRIMARY KEY (`config_id`) USING BTREE
) ENGINE = InnoDB AUTO_INCREMENT = 100 CHARACTER SET = utf8mb3 COLLATE = utf8mb3_unicode_ci COMMENT = '参数配置表' ROW_FORMAT = DYNAMIC;

-- ----------------------------
-- Records of sys_config
-- ----------------------------
INSERT INTO `sys_config` VALUES (1, '主框架页-默认皮肤样式名称', 'sys.index.skinName', 'skin-blue', 'Y', 'admin', '2023-07-02 12:38:43', '', NULL, '蓝色 skin-blue、绿色 skin-green、紫色 skin-purple、红色 skin-red、黄色 skin-yellow');
INSERT INTO `sys_config` VALUES (2, '用户管理-账号初始密码', 'sys.user.initPassword', '123456', 'Y', 'admin', '2023-07-02 12:38:43', '', NULL, '初始化密码 123456');
INSERT INTO `sys_config` VALUES (3, '主框架页-侧边栏主题', 'sys.index.sideTheme', 'theme-dark', 'Y', 'admin', '2023-07-02 12:38:43', '', NULL, '深色主题theme-dark，浅色主题theme-light');
INSERT INTO `sys_config` VALUES (4, '账号自助-验证码开关', 'sys.account.captchaEnabled', 'false', 'Y', 'admin', '2023-07-02 12:38:43', 'admin', '2023-07-06 20:52:27', '是否开启验证码功能（true开启，false关闭）');
INSERT INTO `sys_config` VALUES (5, '账号自助-是否开启用户注册功能', 'sys.account.registerUser', 'true', 'N', 'admin', '2023-07-02 12:38:43', 'admin', '2023-07-06 20:57:58', '是否开启注册用户功能（true开启，false关闭）');
INSERT INTO `sys_config` VALUES (6, '用户登录-黑名单列表', 'sys.login.blackIPList', '', 'Y', 'admin', '2023-07-02 12:38:43', '', NULL, '设置登录IP黑名单限制，多个匹配项以;分隔，支持匹配（*通配、网段）');

-- ----------------------------
-- Table structure for sys_dept
-- ----------------------------
DROP TABLE IF EXISTS `sys_dept`;
CREATE TABLE `sys_dept`  (
  `dept_id` bigint NOT NULL AUTO_INCREMENT COMMENT '部门id',
  `parent_id` bigint NULL DEFAULT 0 COMMENT '父部门id',
  `ancestors` varchar(50) CHARACTER SET utf8mb3 COLLATE utf8mb3_unicode_ci NULL DEFAULT '' COMMENT '祖级列表',
  `dept_name` varchar(30) CHARACTER SET utf8mb3 COLLATE utf8mb3_unicode_ci NULL DEFAULT '' COMMENT '部门名称',
  `order_num` int NULL DEFAULT 0 COMMENT '显示顺序',
  `leader` varchar(20) CHARACTER SET utf8mb3 COLLATE utf8mb3_unicode_ci NULL DEFAULT NULL COMMENT '负责人',
  `phone` varchar(11) CHARACTER SET utf8mb3 COLLATE utf8mb3_unicode_ci NULL DEFAULT NULL COMMENT '联系电话',
  `email` varchar(50) CHARACTER SET utf8mb3 COLLATE utf8mb3_unicode_ci NULL DEFAULT NULL COMMENT '邮箱',
  `status` char(1) CHARACTER SET utf8mb3 COLLATE utf8mb3_unicode_ci NULL DEFAULT '0' COMMENT '部门状态（0正常 1停用）',
  `del_flag` char(1) CHARACTER SET utf8mb3 COLLATE utf8mb3_unicode_ci NULL DEFAULT '0' COMMENT '删除标志（0代表存在 2代表删除）',
  `create_by` varchar(64) CHARACTER SET utf8mb3 COLLATE utf8mb3_unicode_ci NULL DEFAULT '' COMMENT '创建者',
  `create_time` datetime NULL DEFAULT NULL COMMENT '创建时间',
  `update_by` varchar(64) CHARACTER SET utf8mb3 COLLATE utf8mb3_unicode_ci NULL DEFAULT '' COMMENT '更新者',
  `update_time` datetime NULL DEFAULT NULL COMMENT '更新时间',
  PRIMARY KEY (`dept_id`) USING BTREE
) ENGINE = InnoDB AUTO_INCREMENT = 4100 CHARACTER SET = utf8mb3 COLLATE = utf8mb3_unicode_ci COMMENT = '部门表' ROW_FORMAT = DYNAMIC;

-- ----------------------------
-- Records of sys_dept
-- ----------------------------
INSERT INTO `sys_dept` VALUES (100, 0, '0', '新乡学院', 0, '', '', '', '0', '0', 'admin', '2023-07-02 12:38:43', 'admin', '2023-07-05 10:12:18');
INSERT INTO `sys_dept` VALUES (101, 100, '0,100', '计算机与信息工程学院', 1, '', '', '', '0', '0', 'admin', '2023-07-02 12:38:43', 'admin', '2023-07-05 10:12:08');
INSERT INTO `sys_dept` VALUES (102, 100, '0,100', '药学院', 2, '', '', '', '0', '0', 'admin', '2023-07-02 12:38:43', 'admin', '2023-07-02 12:51:06');

-- ----------------------------
-- Table structure for sys_dict_data
-- ----------------------------
DROP TABLE IF EXISTS `sys_dict_data`;
CREATE TABLE `sys_dict_data`  (
  `dict_code` bigint NOT NULL AUTO_INCREMENT COMMENT '字典编码',
  `dict_sort` int NULL DEFAULT 0 COMMENT '字典排序',
  `dict_label` varchar(100) CHARACTER SET utf8mb3 COLLATE utf8mb3_unicode_ci NULL DEFAULT '' COMMENT '字典标签',
  `dict_value` varchar(100) CHARACTER SET utf8mb3 COLLATE utf8mb3_unicode_ci NULL DEFAULT '' COMMENT '字典键值',
  `dict_type` varchar(100) CHARACTER SET utf8mb3 COLLATE utf8mb3_unicode_ci NULL DEFAULT '' COMMENT '字典类型',
  `css_class` varchar(100) CHARACTER SET utf8mb3 COLLATE utf8mb3_unicode_ci NULL DEFAULT NULL COMMENT '样式属性（其他样式扩展）',
  `list_class` varchar(100) CHARACTER SET utf8mb3 COLLATE utf8mb3_unicode_ci NULL DEFAULT NULL COMMENT '表格回显样式',
  `is_default` char(1) CHARACTER SET utf8mb3 COLLATE utf8mb3_unicode_ci NULL DEFAULT 'N' COMMENT '是否默认（Y是 N否）',
  `status` char(1) CHARACTER SET utf8mb3 COLLATE utf8mb3_unicode_ci NULL DEFAULT '0' COMMENT '状态（0正常 1停用）',
  `create_by` varchar(64) CHARACTER SET utf8mb3 COLLATE utf8mb3_unicode_ci NULL DEFAULT '' COMMENT '创建者',
  `create_time` datetime NULL DEFAULT NULL COMMENT '创建时间',
  `update_by` varchar(64) CHARACTER SET utf8mb3 COLLATE utf8mb3_unicode_ci NULL DEFAULT '' COMMENT '更新者',
  `update_time` datetime NULL DEFAULT NULL COMMENT '更新时间',
  `remark` varchar(500) CHARACTER SET utf8mb3 COLLATE utf8mb3_unicode_ci NULL DEFAULT NULL COMMENT '备注',
  PRIMARY KEY (`dict_code`) USING BTREE
) ENGINE = InnoDB AUTO_INCREMENT = 100 CHARACTER SET = utf8mb3 COLLATE = utf8mb3_unicode_ci COMMENT = '字典数据表' ROW_FORMAT = DYNAMIC;

-- ----------------------------
-- Records of sys_dict_data
-- ----------------------------
INSERT INTO `sys_dict_data` VALUES (1, 1, '男', '0', 'sys_user_sex', '', '', 'Y', '0', 'admin', '2023-07-02 12:38:43', '', NULL, '性别男');
INSERT INTO `sys_dict_data` VALUES (2, 2, '女', '1', 'sys_user_sex', '', '', 'N', '0', 'admin', '2023-07-02 12:38:43', '', NULL, '性别女');
INSERT INTO `sys_dict_data` VALUES (3, 3, '未知', '2', 'sys_user_sex', '', '', 'N', '0', 'admin', '2023-07-02 12:38:43', '', NULL, '性别未知');
INSERT INTO `sys_dict_data` VALUES (4, 1, '显示', '0', 'sys_show_hide', '', 'primary', 'Y', '0', 'admin', '2023-07-02 12:38:43', '', NULL, '显示菜单');
INSERT INTO `sys_dict_data` VALUES (5, 2, '隐藏', '1', 'sys_show_hide', '', 'danger', 'N', '0', 'admin', '2023-07-02 12:38:43', '', NULL, '隐藏菜单');
INSERT INTO `sys_dict_data` VALUES (6, 1, '正常', '0', 'sys_normal_disable', '', 'primary', 'Y', '0', 'admin', '2023-07-02 12:38:43', '', NULL, '正常状态');
INSERT INTO `sys_dict_data` VALUES (7, 2, '停用', '1', 'sys_normal_disable', '', 'danger', 'N', '0', 'admin', '2023-07-02 12:38:43', '', NULL, '停用状态');
INSERT INTO `sys_dict_data` VALUES (8, 1, '正常', '0', 'sys_job_status', '', 'primary', 'Y', '0', 'admin', '2023-07-02 12:38:43', '', NULL, '正常状态');
INSERT INTO `sys_dict_data` VALUES (9, 2, '暂停', '1', 'sys_job_status', '', 'danger', 'N', '0', 'admin', '2023-07-02 12:38:43', '', NULL, '停用状态');
INSERT INTO `sys_dict_data` VALUES (10, 1, '默认', 'DEFAULT', 'sys_job_group', '', '', 'Y', '0', 'admin', '2023-07-02 12:38:43', '', NULL, '默认分组');
INSERT INTO `sys_dict_data` VALUES (11, 2, '系统', 'SYSTEM', 'sys_job_group', '', '', 'N', '0', 'admin', '2023-07-02 12:38:43', '', NULL, '系统分组');
INSERT INTO `sys_dict_data` VALUES (12, 1, '是', 'Y', 'sys_yes_no', '', 'primary', 'Y', '0', 'admin', '2023-07-02 12:38:43', '', NULL, '系统默认是');
INSERT INTO `sys_dict_data` VALUES (13, 2, '否', 'N', 'sys_yes_no', '', 'danger', 'N', '0', 'admin', '2023-07-02 12:38:43', '', NULL, '系统默认否');
INSERT INTO `sys_dict_data` VALUES (14, 1, '通知', '1', 'sys_notice_type', '', 'warning', 'Y', '0', 'admin', '2023-07-02 12:38:43', '', NULL, '通知');
INSERT INTO `sys_dict_data` VALUES (15, 2, '公告', '2', 'sys_notice_type', '', 'success', 'N', '0', 'admin', '2023-07-02 12:38:43', '', NULL, '公告');
INSERT INTO `sys_dict_data` VALUES (16, 1, '正常', '0', 'sys_notice_status', '', 'primary', 'Y', '0', 'admin', '2023-07-02 12:38:43', '', NULL, '正常状态');
INSERT INTO `sys_dict_data` VALUES (17, 2, '关闭', '1', 'sys_notice_status', '', 'danger', 'N', '0', 'admin', '2023-07-02 12:38:43', '', NULL, '关闭状态');
INSERT INTO `sys_dict_data` VALUES (18, 99, '其他', '0', 'sys_oper_type', '', 'info', 'N', '0', 'admin', '2023-07-02 12:38:43', '', NULL, '其他操作');
INSERT INTO `sys_dict_data` VALUES (19, 1, '新增', '1', 'sys_oper_type', '', 'info', 'N', '0', 'admin', '2023-07-02 12:38:43', '', NULL, '新增操作');
INSERT INTO `sys_dict_data` VALUES (20, 2, '修改', '2', 'sys_oper_type', '', 'info', 'N', '0', 'admin', '2023-07-02 12:38:43', '', NULL, '修改操作');
INSERT INTO `sys_dict_data` VALUES (21, 3, '删除', '3', 'sys_oper_type', '', 'danger', 'N', '0', 'admin', '2023-07-02 12:38:43', '', NULL, '删除操作');
INSERT INTO `sys_dict_data` VALUES (22, 4, '授权', '4', 'sys_oper_type', '', 'primary', 'N', '0', 'admin', '2023-07-02 12:38:43', '', NULL, '授权操作');
INSERT INTO `sys_dict_data` VALUES (23, 5, '导出', '5', 'sys_oper_type', '', 'warning', 'N', '0', 'admin', '2023-07-02 12:38:43', '', NULL, '导出操作');
INSERT INTO `sys_dict_data` VALUES (24, 6, '导入', '6', 'sys_oper_type', '', 'warning', 'N', '0', 'admin', '2023-07-02 12:38:43', '', NULL, '导入操作');
INSERT INTO `sys_dict_data` VALUES (25, 7, '强退', '7', 'sys_oper_type', '', 'danger', 'N', '0', 'admin', '2023-07-02 12:38:43', '', NULL, '强退操作');
INSERT INTO `sys_dict_data` VALUES (26, 8, '生成代码', '8', 'sys_oper_type', '', 'warning', 'N', '0', 'admin', '2023-07-02 12:38:43', '', NULL, '生成操作');
INSERT INTO `sys_dict_data` VALUES (27, 9, '清空数据', '9', 'sys_oper_type', '', 'danger', 'N', '0', 'admin', '2023-07-02 12:38:43', '', NULL, '清空操作');
INSERT INTO `sys_dict_data` VALUES (28, 1, '成功', '0', 'sys_common_status', '', 'primary', 'N', '0', 'admin', '2023-07-02 12:38:43', '', NULL, '正常状态');
INSERT INTO `sys_dict_data` VALUES (29, 2, '失败', '1', 'sys_common_status', '', 'danger', 'N', '0', 'admin', '2023-07-02 12:38:43', '', NULL, '停用状态');

-- ----------------------------
-- Table structure for sys_dict_type
-- ----------------------------
DROP TABLE IF EXISTS `sys_dict_type`;
CREATE TABLE `sys_dict_type`  (
  `dict_id` bigint NOT NULL AUTO_INCREMENT COMMENT '字典主键',
  `dict_name` varchar(100) CHARACTER SET utf8mb3 COLLATE utf8mb3_unicode_ci NULL DEFAULT '' COMMENT '字典名称',
  `dict_type` varchar(100) CHARACTER SET utf8mb3 COLLATE utf8mb3_unicode_ci NULL DEFAULT '' COMMENT '字典类型',
  `status` char(1) CHARACTER SET utf8mb3 COLLATE utf8mb3_unicode_ci NULL DEFAULT '0' COMMENT '状态（0正常 1停用）',
  `create_by` varchar(64) CHARACTER SET utf8mb3 COLLATE utf8mb3_unicode_ci NULL DEFAULT '' COMMENT '创建者',
  `create_time` datetime NULL DEFAULT NULL COMMENT '创建时间',
  `update_by` varchar(64) CHARACTER SET utf8mb3 COLLATE utf8mb3_unicode_ci NULL DEFAULT '' COMMENT '更新者',
  `update_time` datetime NULL DEFAULT NULL COMMENT '更新时间',
  `remark` varchar(500) CHARACTER SET utf8mb3 COLLATE utf8mb3_unicode_ci NULL DEFAULT NULL COMMENT '备注',
  PRIMARY KEY (`dict_id`) USING BTREE,
  UNIQUE INDEX `dict_type`(`dict_type` ASC) USING BTREE
) ENGINE = InnoDB AUTO_INCREMENT = 100 CHARACTER SET = utf8mb3 COLLATE = utf8mb3_unicode_ci COMMENT = '字典类型表' ROW_FORMAT = DYNAMIC;

-- ----------------------------
-- Records of sys_dict_type
-- ----------------------------
INSERT INTO `sys_dict_type` VALUES (1, '用户性别', 'sys_user_sex', '0', 'admin', '2023-07-02 12:38:43', '', NULL, '用户性别列表');
INSERT INTO `sys_dict_type` VALUES (2, '菜单状态', 'sys_show_hide', '0', 'admin', '2023-07-02 12:38:43', '', NULL, '菜单状态列表');
INSERT INTO `sys_dict_type` VALUES (3, '系统开关', 'sys_normal_disable', '0', 'admin', '2023-07-02 12:38:43', '', NULL, '系统开关列表');
INSERT INTO `sys_dict_type` VALUES (4, '任务状态', 'sys_job_status', '0', 'admin', '2023-07-02 12:38:43', '', NULL, '任务状态列表');
INSERT INTO `sys_dict_type` VALUES (5, '任务分组', 'sys_job_group', '0', 'admin', '2023-07-02 12:38:43', '', NULL, '任务分组列表');
INSERT INTO `sys_dict_type` VALUES (6, '系统是否', 'sys_yes_no', '0', 'admin', '2023-07-02 12:38:43', '', NULL, '系统是否列表');
INSERT INTO `sys_dict_type` VALUES (7, '通知类型', 'sys_notice_type', '0', 'admin', '2023-07-02 12:38:43', '', NULL, '通知类型列表');
INSERT INTO `sys_dict_type` VALUES (8, '通知状态', 'sys_notice_status', '0', 'admin', '2023-07-02 12:38:43', '', NULL, '通知状态列表');
INSERT INTO `sys_dict_type` VALUES (9, '操作类型', 'sys_oper_type', '0', 'admin', '2023-07-02 12:38:43', '', NULL, '操作类型列表');
INSERT INTO `sys_dict_type` VALUES (10, '系统状态', 'sys_common_status', '0', 'admin', '2023-07-02 12:38:43', '', NULL, '登录状态列表');

-- ----------------------------
-- Table structure for sys_job
-- ----------------------------
DROP TABLE IF EXISTS `sys_job`;
CREATE TABLE `sys_job`  (
  `job_id` bigint NOT NULL AUTO_INCREMENT COMMENT '任务ID',
  `job_name` varchar(64) CHARACTER SET utf8mb3 COLLATE utf8mb3_unicode_ci NOT NULL DEFAULT '' COMMENT '任务名称',
  `job_group` varchar(64) CHARACTER SET utf8mb3 COLLATE utf8mb3_unicode_ci NOT NULL DEFAULT 'DEFAULT' COMMENT '任务组名',
  `invoke_target` varchar(500) CHARACTER SET utf8mb3 COLLATE utf8mb3_unicode_ci NOT NULL COMMENT '调用目标字符串',
  `cron_expression` varchar(255) CHARACTER SET utf8mb3 COLLATE utf8mb3_unicode_ci NULL DEFAULT '' COMMENT 'cron执行表达式',
  `misfire_policy` varchar(20) CHARACTER SET utf8mb3 COLLATE utf8mb3_unicode_ci NULL DEFAULT '3' COMMENT '计划执行错误策略（1立即执行 2执行一次 3放弃执行）',
  `concurrent` char(1) CHARACTER SET utf8mb3 COLLATE utf8mb3_unicode_ci NULL DEFAULT '1' COMMENT '是否并发执行（0允许 1禁止）',
  `status` char(1) CHARACTER SET utf8mb3 COLLATE utf8mb3_unicode_ci NULL DEFAULT '0' COMMENT '状态（0正常 1暂停）',
  `create_by` varchar(64) CHARACTER SET utf8mb3 COLLATE utf8mb3_unicode_ci NULL DEFAULT '' COMMENT '创建者',
  `create_time` datetime NULL DEFAULT NULL COMMENT '创建时间',
  `update_by` varchar(64) CHARACTER SET utf8mb3 COLLATE utf8mb3_unicode_ci NULL DEFAULT '' COMMENT '更新者',
  `update_time` datetime NULL DEFAULT NULL COMMENT '更新时间',
  `remark` varchar(500) CHARACTER SET utf8mb3 COLLATE utf8mb3_unicode_ci NULL DEFAULT '' COMMENT '备注信息',
  PRIMARY KEY (`job_id`, `job_name`, `job_group`) USING BTREE
) ENGINE = InnoDB AUTO_INCREMENT = 100 CHARACTER SET = utf8mb3 COLLATE = utf8mb3_unicode_ci COMMENT = '定时任务调度表' ROW_FORMAT = DYNAMIC;

-- ----------------------------
-- Records of sys_job
-- ----------------------------
INSERT INTO `sys_job` VALUES (1, '系统默认（无参）', 'DEFAULT', 'ryTask.ryNoParams', '0/10 * * * * ?', '3', '1', '1', 'admin', '2023-07-02 12:38:43', '', NULL, '');
INSERT INTO `sys_job` VALUES (2, '系统默认（有参）', 'DEFAULT', 'ryTask.ryParams(\'ry\')', '0/15 * * * * ?', '3', '1', '1', 'admin', '2023-07-02 12:38:43', '', NULL, '');
INSERT INTO `sys_job` VALUES (3, '系统默认（多参）', 'DEFAULT', 'ryTask.ryMultipleParams(\'ry\', true, 2000L, 316.50D, 100)', '0/20 * * * * ?', '3', '1', '1', 'admin', '2023-07-02 12:38:43', '', NULL, '');

-- ----------------------------
-- Table structure for sys_job_log
-- ----------------------------
DROP TABLE IF EXISTS `sys_job_log`;
CREATE TABLE `sys_job_log`  (
  `job_log_id` bigint NOT NULL AUTO_INCREMENT COMMENT '任务日志ID',
  `job_name` varchar(64) CHARACTER SET utf8mb3 COLLATE utf8mb3_unicode_ci NOT NULL COMMENT '任务名称',
  `job_group` varchar(64) CHARACTER SET utf8mb3 COLLATE utf8mb3_unicode_ci NOT NULL COMMENT '任务组名',
  `invoke_target` varchar(500) CHARACTER SET utf8mb3 COLLATE utf8mb3_unicode_ci NOT NULL COMMENT '调用目标字符串',
  `job_message` varchar(500) CHARACTER SET utf8mb3 COLLATE utf8mb3_unicode_ci NULL DEFAULT NULL COMMENT '日志信息',
  `status` char(1) CHARACTER SET utf8mb3 COLLATE utf8mb3_unicode_ci NULL DEFAULT '0' COMMENT '执行状态（0正常 1失败）',
  `exception_info` varchar(2000) CHARACTER SET utf8mb3 COLLATE utf8mb3_unicode_ci NULL DEFAULT '' COMMENT '异常信息',
  `create_time` datetime NULL DEFAULT NULL COMMENT '创建时间',
  PRIMARY KEY (`job_log_id`) USING BTREE
) ENGINE = InnoDB AUTO_INCREMENT = 1 CHARACTER SET = utf8mb3 COLLATE = utf8mb3_unicode_ci COMMENT = '定时任务调度日志表' ROW_FORMAT = DYNAMIC;

-- ----------------------------
-- Records of sys_job_log
-- ----------------------------

-- ----------------------------
-- Table structure for sys_logininfor
-- ----------------------------
DROP TABLE IF EXISTS `sys_logininfor`;
CREATE TABLE `sys_logininfor`  (
  `info_id` bigint NOT NULL AUTO_INCREMENT COMMENT '访问ID',
  `user_name` varchar(50) CHARACTER SET utf8mb3 COLLATE utf8mb3_unicode_ci NULL DEFAULT '' COMMENT '用户账号',
  `ipaddr` varchar(128) CHARACTER SET utf8mb3 COLLATE utf8mb3_unicode_ci NULL DEFAULT '' COMMENT '登录IP地址',
  `login_location` varchar(255) CHARACTER SET utf8mb3 COLLATE utf8mb3_unicode_ci NULL DEFAULT '' COMMENT '登录地点',
  `browser` varchar(50) CHARACTER SET utf8mb3 COLLATE utf8mb3_unicode_ci NULL DEFAULT '' COMMENT '浏览器类型',
  `os` varchar(50) CHARACTER SET utf8mb3 COLLATE utf8mb3_unicode_ci NULL DEFAULT '' COMMENT '操作系统',
  `status` char(1) CHARACTER SET utf8mb3 COLLATE utf8mb3_unicode_ci NULL DEFAULT '0' COMMENT '登录状态（0成功 1失败）',
  `msg` varchar(255) CHARACTER SET utf8mb3 COLLATE utf8mb3_unicode_ci NULL DEFAULT '' COMMENT '提示消息',
  `login_time` datetime NULL DEFAULT NULL COMMENT '访问时间',
  PRIMARY KEY (`info_id`) USING BTREE,
  INDEX `idx_sys_logininfor_s`(`status` ASC) USING BTREE,
  INDEX `idx_sys_logininfor_lt`(`login_time` ASC) USING BTREE
) ENGINE = InnoDB AUTO_INCREMENT = 737 CHARACTER SET = utf8mb3 COLLATE = utf8mb3_unicode_ci COMMENT = '系统访问记录' ROW_FORMAT = DYNAMIC;

-- ----------------------------
-- Records of sys_logininfor
-- ----------------------------
INSERT INTO `sys_logininfor` VALUES (100, 'admin', '127.0.0.1', '内网IP', 'Chrome 11', 'Windows 10', '0', '退出成功', '2023-07-02 13:22:44');
INSERT INTO `sys_logininfor` VALUES (101, 'ry', '127.0.0.1', '内网IP', 'Chrome 11', 'Windows 10', '1', '密码输入错误1次', '2023-07-02 13:22:52');
INSERT INTO `sys_logininfor` VALUES (102, 'ry', '127.0.0.1', '内网IP', 'Chrome 11', 'Windows 10', '1', '用户不存在/密码错误', '2023-07-02 13:22:52');
INSERT INTO `sys_logininfor` VALUES (103, 'ry', '127.0.0.1', '内网IP', 'Chrome 11', 'Windows 10', '1', '验证码错误', '2023-07-02 13:22:54');
INSERT INTO `sys_logininfor` VALUES (104, 'ry', '127.0.0.1', '内网IP', 'Chrome 11', 'Windows 10', '0', '登录成功', '2023-07-02 13:22:57');
INSERT INTO `sys_logininfor` VALUES (105, 'admin', '127.0.0.1', '内网IP', 'Chrome 11', 'Windows 10', '0', '登录成功', '2023-07-02 13:24:22');
INSERT INTO `sys_logininfor` VALUES (106, 'admin', '127.0.0.1', '内网IP', 'Chrome 11', 'Windows 10', '1', '密码输入错误1次', '2023-07-02 13:28:37');
INSERT INTO `sys_logininfor` VALUES (107, 'admin', '127.0.0.1', '内网IP', 'Chrome 11', 'Windows 10', '1', '用户不存在/密码错误', '2023-07-02 13:28:37');
INSERT INTO `sys_logininfor` VALUES (108, 'admin', '127.0.0.1', '内网IP', 'Chrome 11', 'Windows 10', '1', '密码输入错误2次', '2023-07-02 13:28:47');
INSERT INTO `sys_logininfor` VALUES (109, 'admin', '127.0.0.1', '内网IP', 'Chrome 11', 'Windows 10', '1', '用户不存在/密码错误', '2023-07-02 13:28:47');
INSERT INTO `sys_logininfor` VALUES (110, 'admin', '127.0.0.1', '内网IP', 'Chrome 11', 'Windows 10', '0', '登录成功', '2023-07-02 13:28:54');
INSERT INTO `sys_logininfor` VALUES (111, 'ry', '127.0.0.1', '内网IP', 'Chrome 11', 'Windows 10', '0', '登录成功', '2023-07-02 13:29:11');
INSERT INTO `sys_logininfor` VALUES (112, 'ry', '127.0.0.1', '内网IP', 'Chrome 11', 'Windows 10', '0', '退出成功', '2023-07-02 13:34:43');
INSERT INTO `sys_logininfor` VALUES (113, 'ry', '127.0.0.1', '内网IP', 'Chrome 11', 'Windows 10', '0', '登录成功', '2023-07-02 13:34:49');
INSERT INTO `sys_logininfor` VALUES (114, 'admin', '127.0.0.1', '内网IP', 'Chrome 11', 'Windows 10', '0', '登录成功', '2023-07-02 14:23:47');
INSERT INTO `sys_logininfor` VALUES (115, 'xiaohong', '127.0.0.1', '内网IP', 'Chrome 11', 'Windows 10', '0', '登录成功', '2023-07-02 14:25:11');
INSERT INTO `sys_logininfor` VALUES (116, 'admin', '127.0.0.1', '内网IP', 'Chrome 11', 'Windows 10', '0', '登录成功', '2023-07-02 15:22:00');
INSERT INTO `sys_logininfor` VALUES (117, 'admin', '127.0.0.1', '内网IP', 'Chrome 11', 'Windows 10', '0', '登录成功', '2023-07-05 10:03:56');
INSERT INTO `sys_logininfor` VALUES (118, 'admin', '127.0.0.1', '内网IP', 'Chrome 11', 'Windows 10', '0', '退出成功', '2023-07-05 10:23:09');
INSERT INTO `sys_logininfor` VALUES (119, 'admin', '127.0.0.1', '内网IP', 'Chrome 11', 'Windows 10', '1', '验证码错误', '2023-07-05 10:23:14');
INSERT INTO `sys_logininfor` VALUES (120, 'admin', '127.0.0.1', '内网IP', 'Chrome 11', 'Windows 10', '0', '登录成功', '2023-07-05 10:23:19');
INSERT INTO `sys_logininfor` VALUES (121, 'admin', '127.0.0.1', '内网IP', 'Chrome 11', 'Windows 10', '0', '登录成功', '2023-07-05 11:39:35');
INSERT INTO `sys_logininfor` VALUES (122, 'admin', '127.0.0.1', '内网IP', 'Chrome 11', 'Windows 10', '0', '退出成功', '2023-07-05 12:17:10');
INSERT INTO `sys_logininfor` VALUES (123, 'admin', '127.0.0.1', '内网IP', 'Chrome 11', 'Windows 10', '0', '登录成功', '2023-07-05 12:17:13');
INSERT INTO `sys_logininfor` VALUES (124, 'admin', '127.0.0.1', '内网IP', 'Chrome 11', 'Windows 10', '0', '退出成功', '2023-07-05 12:20:30');
INSERT INTO `sys_logininfor` VALUES (125, '一营一连', '127.0.0.1', '内网IP', 'Chrome 11', 'Windows 10', '1', '密码输入错误1次', '2023-07-05 12:20:50');
INSERT INTO `sys_logininfor` VALUES (126, '一营一连', '127.0.0.1', '内网IP', 'Chrome 11', 'Windows 10', '1', '用户不存在/密码错误', '2023-07-05 12:20:50');
INSERT INTO `sys_logininfor` VALUES (127, '一营一连', '127.0.0.1', '内网IP', 'Chrome 11', 'Windows 10', '1', '验证码错误', '2023-07-05 12:21:01');
INSERT INTO `sys_logininfor` VALUES (128, '一营一连', '127.0.0.1', '内网IP', 'Chrome 11', 'Windows 10', '1', '用户不存在/密码错误', '2023-07-05 12:21:04');
INSERT INTO `sys_logininfor` VALUES (129, '一营一连', '127.0.0.1', '内网IP', 'Chrome 11', 'Windows 10', '1', '密码输入错误2次', '2023-07-05 12:21:04');
INSERT INTO `sys_logininfor` VALUES (130, '一营一连', '127.0.0.1', '内网IP', 'Chrome 11', 'Windows 10', '0', '登录成功', '2023-07-05 12:21:10');
INSERT INTO `sys_logininfor` VALUES (131, '一营一连', '127.0.0.1', '内网IP', 'Chrome 11', 'Windows 10', '0', '退出成功', '2023-07-05 12:22:07');
INSERT INTO `sys_logininfor` VALUES (132, 'admin', '127.0.0.1', '内网IP', 'Chrome 11', 'Windows 10', '0', '登录成功', '2023-07-05 12:22:11');
INSERT INTO `sys_logininfor` VALUES (133, '一营', '127.0.0.1', '内网IP', 'Chrome 11', 'Windows 10', '0', '登录成功', '2023-07-05 12:23:17');
INSERT INTO `sys_logininfor` VALUES (134, '一营', '127.0.0.1', '内网IP', 'Chrome 11', 'Windows 10', '0', '退出成功', '2023-07-05 12:58:14');
INSERT INTO `sys_logininfor` VALUES (135, '一营', '127.0.0.1', '内网IP', 'Chrome 11', 'Windows 10', '0', '登录成功', '2023-07-05 12:58:27');
INSERT INTO `sys_logininfor` VALUES (136, '一营', '127.0.0.1', '内网IP', 'Chrome 11', 'Windows 10', '0', '退出成功', '2023-07-05 13:00:52');
INSERT INTO `sys_logininfor` VALUES (137, '一营一连', '127.0.0.1', '内网IP', 'Chrome 11', 'Windows 10', '0', '登录成功', '2023-07-05 13:01:02');
INSERT INTO `sys_logininfor` VALUES (138, '一营一连', '127.0.0.1', '内网IP', 'Chrome 11', 'Windows 10', '0', '退出成功', '2023-07-05 13:03:49');
INSERT INTO `sys_logininfor` VALUES (139, '一营一连', '127.0.0.1', '内网IP', 'Chrome 11', 'Windows 10', '0', '登录成功', '2023-07-05 13:03:57');
INSERT INTO `sys_logininfor` VALUES (140, 'admin', '127.0.0.1', '内网IP', 'Chrome 11', 'Windows 10', '0', '登录成功', '2023-07-05 13:31:07');
INSERT INTO `sys_logininfor` VALUES (141, 'admin', '127.0.0.1', '内网IP', 'Chrome 11', 'Windows 10', '0', '登录成功', '2023-07-05 13:32:15');
INSERT INTO `sys_logininfor` VALUES (142, '一营二连', '127.0.0.1', '内网IP', 'Chrome 11', 'Windows 10', '0', '登录成功', '2023-07-05 13:33:06');
INSERT INTO `sys_logininfor` VALUES (143, 'admin', '127.0.0.1', '内网IP', 'Chrome 11', 'Windows 10', '0', '登录成功', '2023-07-06 12:22:24');
INSERT INTO `sys_logininfor` VALUES (144, '一营二连', '127.0.0.1', '内网IP', 'Chrome 11', 'Windows 10', '0', '登录成功', '2023-07-06 12:24:57');
INSERT INTO `sys_logininfor` VALUES (145, 'admin', '127.0.0.1', '内网IP', 'Chrome 11', 'Windows 10', '0', '登录成功', '2023-07-06 20:44:36');
INSERT INTO `sys_logininfor` VALUES (146, 'admin', '127.0.0.1', '内网IP', 'Chrome 11', 'Windows 10', '0', '退出成功', '2023-07-06 20:52:52');
INSERT INTO `sys_logininfor` VALUES (147, 'admin', '127.0.0.1', '内网IP', 'Chrome 11', 'Windows 10', '0', '登录成功', '2023-07-06 20:54:19');
INSERT INTO `sys_logininfor` VALUES (148, '二营三连', '127.0.0.1', '内网IP', 'Chrome 11', 'Windows 10', '0', '注册成功', '2023-07-06 20:55:32');
INSERT INTO `sys_logininfor` VALUES (149, 'admin', '127.0.0.1', '内网IP', 'Chrome 11', 'Windows 10', '0', '退出成功', '2023-07-06 20:58:02');
INSERT INTO `sys_logininfor` VALUES (150, 'admin', '127.0.0.1', '内网IP', 'Chrome 11', 'Windows 10', '0', '登录成功', '2023-07-06 20:58:33');
INSERT INTO `sys_logininfor` VALUES (151, '一营二连', '127.0.0.1', '内网IP', 'Chrome 11', 'Windows 10', '0', '登录成功', '2023-07-06 21:01:35');
INSERT INTO `sys_logininfor` VALUES (152, 'admin', '127.0.0.1', '内网IP', 'Chrome 11', 'Windows 10', '1', '密码输入错误1次', '2023-07-07 07:28:45');
INSERT INTO `sys_logininfor` VALUES (153, 'admin', '127.0.0.1', '内网IP', 'Chrome 11', 'Windows 10', '1', '用户不存在/密码错误', '2023-07-07 07:28:45');
INSERT INTO `sys_logininfor` VALUES (154, 'admin', '127.0.0.1', '内网IP', 'Chrome 11', 'Windows 10', '0', '登录成功', '2023-07-07 07:28:56');
INSERT INTO `sys_logininfor` VALUES (155, '一营二连', '127.0.0.1', '内网IP', 'Chrome 11', 'Windows 10', '0', '登录成功', '2023-07-07 08:12:39');
INSERT INTO `sys_logininfor` VALUES (156, 'admin', '127.0.0.1', '内网IP', 'Chrome 11', 'Windows 10', '0', '登录成功', '2023-07-07 09:27:25');
INSERT INTO `sys_logininfor` VALUES (157, 'admin', '127.0.0.1', '内网IP', 'Chrome 11', 'Windows 10', '0', '登录成功', '2023-07-08 08:12:01');
INSERT INTO `sys_logininfor` VALUES (158, '学校管理员', '127.0.0.1', '内网IP', 'Chrome 11', 'Windows 10', '0', '登录成功', '2023-07-08 08:56:01');
INSERT INTO `sys_logininfor` VALUES (159, 'admin', '127.0.0.1', '内网IP', 'Chrome 11', 'Windows 10', '1', '密码输入错误1次', '2023-07-08 09:39:07');
INSERT INTO `sys_logininfor` VALUES (160, 'admin', '127.0.0.1', '内网IP', 'Chrome 11', 'Windows 10', '1', '用户不存在/密码错误', '2023-07-08 09:39:07');
INSERT INTO `sys_logininfor` VALUES (161, 'admin', '127.0.0.1', '内网IP', 'Chrome 11', 'Windows 10', '1', '密码输入错误2次', '2023-07-08 09:39:10');
INSERT INTO `sys_logininfor` VALUES (162, 'admin', '127.0.0.1', '内网IP', 'Chrome 11', 'Windows 10', '1', '用户不存在/密码错误', '2023-07-08 09:39:10');
INSERT INTO `sys_logininfor` VALUES (163, 'admin', '127.0.0.1', '内网IP', 'Chrome 11', 'Windows 10', '0', '登录成功', '2023-07-08 09:39:14');
INSERT INTO `sys_logininfor` VALUES (164, '学院管理员', '127.0.0.1', '内网IP', 'Chrome 11', 'Windows 10', '0', '登录成功', '2023-07-08 11:57:27');
INSERT INTO `sys_logininfor` VALUES (165, 'admin', '127.0.0.1', '内网IP', 'Chrome 11', 'Windows 10', '0', '登录成功', '2023-07-08 12:05:31');
INSERT INTO `sys_logininfor` VALUES (166, '学校管理员', '127.0.0.1', '内网IP', 'Chrome 11', 'Windows 10', '0', '登录成功', '2023-07-08 12:05:46');
INSERT INTO `sys_logininfor` VALUES (167, '学校管理员', '127.0.0.1', '内网IP', 'Chrome 11', 'Windows 10', '0', '退出成功', '2023-07-08 12:05:57');
INSERT INTO `sys_logininfor` VALUES (168, '教师一', '127.0.0.1', '内网IP', 'Chrome 11', 'Windows 10', '0', '登录成功', '2023-07-08 12:06:07');
INSERT INTO `sys_logininfor` VALUES (169, 'admin', '127.0.0.1', '内网IP', 'Chrome 11', 'Windows 10', '0', '登录成功', '2023-07-08 18:06:00');
INSERT INTO `sys_logininfor` VALUES (170, '教师一', '127.0.0.1', '内网IP', 'Chrome 11', 'Windows 10', '0', '登录成功', '2023-07-08 18:10:52');
INSERT INTO `sys_logininfor` VALUES (171, 'admin', '127.0.0.1', '内网IP', 'Chrome 11', 'Windows 10', '1', '用户不存在/密码错误', '2023-07-08 19:25:01');
INSERT INTO `sys_logininfor` VALUES (172, 'admin', '127.0.0.1', '内网IP', 'Chrome 11', 'Windows 10', '1', '密码输入错误1次', '2023-07-08 19:25:01');
INSERT INTO `sys_logininfor` VALUES (173, 'admin', '127.0.0.1', '内网IP', 'Chrome 11', 'Windows 10', '0', '登录成功', '2023-07-08 19:25:08');
INSERT INTO `sys_logininfor` VALUES (174, '教师一', '127.0.0.1', '内网IP', 'Chrome 11', 'Windows 10', '0', '登录成功', '2023-07-08 20:05:46');
INSERT INTO `sys_logininfor` VALUES (175, '教师一', '127.0.0.1', '内网IP', 'Chrome 11', 'Windows 10', '0', '退出成功', '2023-07-08 20:12:28');
INSERT INTO `sys_logininfor` VALUES (176, '学校管理员', '127.0.0.1', '内网IP', 'Chrome 11', 'Windows 10', '0', '登录成功', '2023-07-08 20:12:31');
INSERT INTO `sys_logininfor` VALUES (177, 'admin', '127.0.0.1', '内网IP', 'Chrome 11', 'Windows 10', '0', '登录成功', '2023-07-08 20:54:31');
INSERT INTO `sys_logininfor` VALUES (178, '学校管理员', '127.0.0.1', '内网IP', 'Chrome 11', 'Windows 10', '0', '登录成功', '2023-07-08 20:58:26');
INSERT INTO `sys_logininfor` VALUES (179, 'admin', '127.0.0.1', '内网IP', 'Chrome 11', 'Windows 10', '0', '登录成功', '2023-07-09 08:59:48');
INSERT INTO `sys_logininfor` VALUES (180, '学校管理员', '127.0.0.1', '内网IP', 'Chrome 11', 'Windows 10', '0', '登录成功', '2023-07-09 09:15:07');
INSERT INTO `sys_logininfor` VALUES (181, 'admin', '127.0.0.1', '内网IP', 'Chrome 11', 'Windows 10', '0', '登录成功', '2023-07-09 13:01:26');
INSERT INTO `sys_logininfor` VALUES (182, 'admin', '127.0.0.1', '内网IP', 'Chrome 11', 'Windows 10', '0', '登录成功', '2023-07-09 20:41:16');
INSERT INTO `sys_logininfor` VALUES (183, 'admin', '127.0.0.1', '内网IP', 'Chrome 11', 'Windows 10', '0', '登录成功', '2023-07-10 09:10:36');
INSERT INTO `sys_logininfor` VALUES (184, 'admin', '127.0.0.1', '内网IP', 'Chrome 11', 'Windows 10', '1', '密码输入错误1次', '2023-07-10 12:19:51');
INSERT INTO `sys_logininfor` VALUES (185, 'admin', '127.0.0.1', '内网IP', 'Chrome 11', 'Windows 10', '1', '用户不存在/密码错误', '2023-07-10 12:19:51');
INSERT INTO `sys_logininfor` VALUES (186, 'admin', '127.0.0.1', '内网IP', 'Chrome 11', 'Windows 10', '1', '密码输入错误2次', '2023-07-10 12:19:52');
INSERT INTO `sys_logininfor` VALUES (187, 'admin', '127.0.0.1', '内网IP', 'Chrome 11', 'Windows 10', '1', '用户不存在/密码错误', '2023-07-10 12:19:52');
INSERT INTO `sys_logininfor` VALUES (188, 'admin', '127.0.0.1', '内网IP', 'Chrome 11', 'Windows 10', '0', '登录成功', '2023-07-10 12:19:56');
INSERT INTO `sys_logininfor` VALUES (189, 'admin', '127.0.0.1', '内网IP', 'Chrome 11', 'Windows 10', '0', '登录成功', '2023-07-10 18:12:57');
INSERT INTO `sys_logininfor` VALUES (190, 'admin', '127.0.0.1', '内网IP', 'Chrome 11', 'Windows 10', '0', '登录成功', '2023-07-10 20:10:33');
INSERT INTO `sys_logininfor` VALUES (191, 'admin', '127.0.0.1', '内网IP', 'Chrome 11', 'Windows 10', '0', '登录成功', '2023-07-11 11:34:28');
INSERT INTO `sys_logininfor` VALUES (192, '学校管理员', '127.0.0.1', '内网IP', 'Chrome 11', 'Windows 10', '0', '登录成功', '2023-07-11 11:41:31');
INSERT INTO `sys_logininfor` VALUES (193, 'admin', '127.0.0.1', '内网IP', 'Chrome 11', 'Windows 10', '0', '登录成功', '2023-07-11 18:03:41');
INSERT INTO `sys_logininfor` VALUES (194, '学校管理员', '127.0.0.1', '内网IP', 'Chrome 11', 'Windows 10', '0', '登录成功', '2023-07-11 18:04:43');
INSERT INTO `sys_logininfor` VALUES (195, 'admin', '127.0.0.1', '内网IP', 'Chrome 11', 'Windows 10', '0', '登录成功', '2023-07-11 18:15:09');
INSERT INTO `sys_logininfor` VALUES (196, '学校管理员', '127.0.0.1', '内网IP', 'Chrome 11', 'Windows 10', '0', '登录成功', '2023-07-11 18:15:13');
INSERT INTO `sys_logininfor` VALUES (197, '学校管理员', '127.0.0.1', '内网IP', 'Chrome 11', 'Windows 10', '0', '退出成功', '2023-07-11 18:24:03');
INSERT INTO `sys_logininfor` VALUES (198, '教师一', '127.0.0.1', '内网IP', 'Chrome 11', 'Windows 10', '0', '登录成功', '2023-07-11 18:24:07');
INSERT INTO `sys_logininfor` VALUES (199, '教师一', '127.0.0.1', '内网IP', 'Chrome 11', 'Windows 10', '0', '退出成功', '2023-07-11 18:26:54');
INSERT INTO `sys_logininfor` VALUES (200, '教师一', '127.0.0.1', '内网IP', 'Chrome 11', 'Windows 10', '0', '登录成功', '2023-07-11 18:26:56');
INSERT INTO `sys_logininfor` VALUES (201, '教师一', '127.0.0.1', '内网IP', 'Chrome 11', 'Windows 10', '0', '退出成功', '2023-07-11 18:26:59');
INSERT INTO `sys_logininfor` VALUES (202, '学校管理员', '127.0.0.1', '内网IP', 'Chrome 11', 'Windows 10', '0', '登录成功', '2023-07-11 18:27:04');
INSERT INTO `sys_logininfor` VALUES (203, 'admin', '127.0.0.1', '内网IP', 'Chrome 11', 'Windows 10', '0', '登录成功', '2023-07-11 18:49:56');
INSERT INTO `sys_logininfor` VALUES (204, '学校管理员', '127.0.0.1', '内网IP', 'Chrome 11', 'Windows 10', '0', '登录成功', '2023-07-11 18:50:15');
INSERT INTO `sys_logininfor` VALUES (205, 'admin', '127.0.0.1', '内网IP', 'Chrome 11', 'Windows 10', '0', '登录成功', '2023-07-11 18:55:26');
INSERT INTO `sys_logininfor` VALUES (206, '学校管理员', '127.0.0.1', '内网IP', 'Chrome 11', 'Windows 10', '0', '登录成功', '2023-07-11 18:55:31');
INSERT INTO `sys_logininfor` VALUES (207, '学校管理员', '127.0.0.1', '内网IP', 'Chrome 11', 'Windows 10', '0', '退出成功', '2023-07-11 19:02:58');
INSERT INTO `sys_logininfor` VALUES (208, '学院管理员', '127.0.0.1', '内网IP', 'Chrome 11', 'Windows 10', '0', '登录成功', '2023-07-11 19:03:06');
INSERT INTO `sys_logininfor` VALUES (209, 'admin', '127.0.0.1', '内网IP', 'Chrome 11', 'Windows 10', '1', '密码输入错误1次', '2023-07-11 19:07:37');
INSERT INTO `sys_logininfor` VALUES (210, 'admin', '127.0.0.1', '内网IP', 'Chrome 11', 'Windows 10', '1', '用户不存在/密码错误', '2023-07-11 19:07:37');
INSERT INTO `sys_logininfor` VALUES (211, 'admin', '127.0.0.1', '内网IP', 'Chrome 11', 'Windows 10', '1', '用户不存在/密码错误', '2023-07-11 19:07:40');
INSERT INTO `sys_logininfor` VALUES (212, 'admin', '127.0.0.1', '内网IP', 'Chrome 11', 'Windows 10', '1', '密码输入错误2次', '2023-07-11 19:07:40');
INSERT INTO `sys_logininfor` VALUES (213, 'admin', '127.0.0.1', '内网IP', 'Chrome 11', 'Windows 10', '1', '密码输入错误3次', '2023-07-11 19:07:43');
INSERT INTO `sys_logininfor` VALUES (214, 'admin', '127.0.0.1', '内网IP', 'Chrome 11', 'Windows 10', '1', '用户不存在/密码错误', '2023-07-11 19:07:43');
INSERT INTO `sys_logininfor` VALUES (215, 'admin', '127.0.0.1', '内网IP', 'Chrome 11', 'Windows 10', '1', '密码输入错误4次', '2023-07-11 19:07:45');
INSERT INTO `sys_logininfor` VALUES (216, 'admin', '127.0.0.1', '内网IP', 'Chrome 11', 'Windows 10', '1', '用户不存在/密码错误', '2023-07-11 19:07:45');
INSERT INTO `sys_logininfor` VALUES (217, 'admin', '127.0.0.1', '内网IP', 'Chrome 11', 'Windows 10', '0', '登录成功', '2023-07-11 19:07:53');
INSERT INTO `sys_logininfor` VALUES (218, '学院管理员', '127.0.0.1', '内网IP', 'Chrome 11', 'Windows 10', '0', '登录成功', '2023-07-11 19:08:00');
INSERT INTO `sys_logininfor` VALUES (219, '学院管理员', '127.0.0.1', '内网IP', 'Chrome 11', 'Windows 10', '0', '退出成功', '2023-07-11 19:16:19');
INSERT INTO `sys_logininfor` VALUES (220, '学生一', '127.0.0.1', '内网IP', 'Chrome 11', 'Windows 10', '0', '登录成功', '2023-07-11 19:16:22');
INSERT INTO `sys_logininfor` VALUES (221, '学生一', '127.0.0.1', '内网IP', 'Chrome 11', 'Windows 10', '0', '退出成功', '2023-07-11 19:16:36');
INSERT INTO `sys_logininfor` VALUES (222, '教师一', '127.0.0.1', '内网IP', 'Chrome 11', 'Windows 10', '0', '登录成功', '2023-07-11 19:16:41');
INSERT INTO `sys_logininfor` VALUES (223, 'admin', '127.0.0.1', '内网IP', 'Chrome 11', 'Windows 10', '1', '用户不存在/密码错误', '2023-07-11 19:20:02');
INSERT INTO `sys_logininfor` VALUES (224, 'admin', '127.0.0.1', '内网IP', 'Chrome 11', 'Windows 10', '1', '密码输入错误1次', '2023-07-11 19:20:02');
INSERT INTO `sys_logininfor` VALUES (225, 'admin', '127.0.0.1', '内网IP', 'Chrome 11', 'Windows 10', '0', '登录成功', '2023-07-11 19:20:07');
INSERT INTO `sys_logininfor` VALUES (226, '教师一', '127.0.0.1', '内网IP', 'Chrome 11', 'Windows 10', '0', '登录成功', '2023-07-11 19:20:10');
INSERT INTO `sys_logininfor` VALUES (227, 'admin', '127.0.0.1', '内网IP', 'Chrome 11', 'Windows 10', '1', '密码输入错误1次', '2023-07-11 20:01:53');
INSERT INTO `sys_logininfor` VALUES (228, 'admin', '127.0.0.1', '内网IP', 'Chrome 11', 'Windows 10', '1', '用户不存在/密码错误', '2023-07-11 20:01:53');
INSERT INTO `sys_logininfor` VALUES (229, 'admin', '127.0.0.1', '内网IP', 'Chrome 11', 'Windows 10', '0', '登录成功', '2023-07-11 20:02:02');
INSERT INTO `sys_logininfor` VALUES (230, '教师一', '127.0.0.1', '内网IP', 'Chrome 11', 'Windows 10', '0', '登录成功', '2023-07-11 21:01:25');
INSERT INTO `sys_logininfor` VALUES (231, '教师一', '127.0.0.1', '内网IP', 'Chrome 11', 'Windows 10', '0', '退出成功', '2023-07-11 21:01:38');
INSERT INTO `sys_logininfor` VALUES (232, '学院管理员', '127.0.0.1', '内网IP', 'Chrome 11', 'Windows 10', '0', '登录成功', '2023-07-11 21:01:47');
INSERT INTO `sys_logininfor` VALUES (233, '学院管理员', '127.0.0.1', '内网IP', 'Chrome 11', 'Windows 10', '0', '退出成功', '2023-07-11 21:03:04');
INSERT INTO `sys_logininfor` VALUES (234, '学校管理员', '127.0.0.1', '内网IP', 'Chrome 11', 'Windows 10', '0', '登录成功', '2023-07-11 21:03:11');
INSERT INTO `sys_logininfor` VALUES (235, 'admin', '127.0.0.1', '内网IP', 'Chrome 11', 'Windows 10', '0', '登录成功', '2023-07-12 07:07:00');
INSERT INTO `sys_logininfor` VALUES (236, 'admin', '127.0.0.1', '内网IP', 'Chrome 11', 'Windows 10', '0', '登录成功', '2023-07-12 14:19:41');
INSERT INTO `sys_logininfor` VALUES (237, 'admin', '127.0.0.1', '内网IP', 'Chrome 11', 'Windows 10', '0', '登录成功', '2023-07-12 17:01:45');
INSERT INTO `sys_logininfor` VALUES (238, 'admin', '127.0.0.1', '内网IP', 'Chrome 11', 'Windows 10', '0', '登录成功', '2023-07-12 19:05:26');
INSERT INTO `sys_logininfor` VALUES (239, '牛教师', '127.0.0.1', '内网IP', 'Chrome 11', 'Windows 10', '0', '登录成功', '2023-07-12 19:12:36');
INSERT INTO `sys_logininfor` VALUES (240, '牛教师', '127.0.0.1', '内网IP', 'Chrome 11', 'Windows 10', '0', '登录成功', '2023-07-12 19:57:53');
INSERT INTO `sys_logininfor` VALUES (241, 'admin', '127.0.0.1', '内网IP', 'Chrome 11', 'Windows 10', '0', '登录成功', '2023-07-12 20:00:28');
INSERT INTO `sys_logininfor` VALUES (242, 'admin', '127.0.0.1', '内网IP', 'Chrome 11', 'Windows 10', '0', '登录成功', '2023-07-12 20:12:53');
INSERT INTO `sys_logininfor` VALUES (243, '牛教师', '127.0.0.1', '内网IP', 'Chrome 11', 'Windows 10', '0', '登录成功', '2023-07-12 20:12:57');
INSERT INTO `sys_logininfor` VALUES (244, '牛教师', '127.0.0.1', '内网IP', 'Chrome 11', 'Windows 10', '0', '登录成功', '2023-07-12 22:12:11');
INSERT INTO `sys_logininfor` VALUES (245, '牛教师', '127.0.0.1', '内网IP', 'Chrome 11', 'Windows 10', '0', '登录成功', '2023-07-13 06:34:31');
INSERT INTO `sys_logininfor` VALUES (246, 'admin', '127.0.0.1', '内网IP', 'Chrome 11', 'Windows 10', '0', '登录成功', '2023-07-13 06:48:49');
INSERT INTO `sys_logininfor` VALUES (247, 'admin', '127.0.0.1', '内网IP', 'Chrome 11', 'Windows 10', '0', '登录成功', '2023-07-13 07:39:15');
INSERT INTO `sys_logininfor` VALUES (248, '牛教师', '127.0.0.1', '内网IP', 'Chrome 11', 'Windows 10', '0', '登录成功', '2023-07-13 07:39:19');
INSERT INTO `sys_logininfor` VALUES (249, 'admin', '127.0.0.1', '内网IP', 'Chrome 11', 'Windows 10', '0', '登录成功', '2023-07-13 12:36:23');
INSERT INTO `sys_logininfor` VALUES (250, '牛教师', '127.0.0.1', '内网IP', 'Chrome 11', 'Windows 10', '0', '登录成功', '2023-07-13 12:39:54');
INSERT INTO `sys_logininfor` VALUES (251, '牛教师', '127.0.0.1', '内网IP', 'Chrome 11', 'Windows 10', '0', '退出成功', '2023-07-13 12:50:29');
INSERT INTO `sys_logininfor` VALUES (252, '学生一', '127.0.0.1', '内网IP', 'Chrome 11', 'Windows 10', '0', '登录成功', '2023-07-13 12:50:34');
INSERT INTO `sys_logininfor` VALUES (253, '学生一', '127.0.0.1', '内网IP', 'Chrome 11', 'Windows 10', '0', '登录成功', '2023-07-13 12:51:47');
INSERT INTO `sys_logininfor` VALUES (254, 'admin', '127.0.0.1', '内网IP', 'Chrome 11', 'Windows 10', '0', '登录成功', '2023-07-13 12:51:55');
INSERT INTO `sys_logininfor` VALUES (255, 'admin', '127.0.0.1', '内网IP', 'Chrome 11', 'Windows 10', '0', '登录成功', '2023-07-13 20:01:13');
INSERT INTO `sys_logininfor` VALUES (256, '学生一', '127.0.0.1', '内网IP', 'Chrome 11', 'Windows 10', '0', '登录成功', '2023-07-13 20:49:43');
INSERT INTO `sys_logininfor` VALUES (257, 'admin', '127.0.0.1', '内网IP', 'Chrome 11', 'Windows 10', '0', '登录成功', '2023-07-13 20:50:25');
INSERT INTO `sys_logininfor` VALUES (258, 'admin', '127.0.0.1', '内网IP', 'Chrome 11', 'Windows 10', '0', '退出成功', '2023-07-13 21:07:46');
INSERT INTO `sys_logininfor` VALUES (259, 'admin', '127.0.0.1', '内网IP', 'Chrome 11', 'Windows 10', '0', '登录成功', '2023-07-14 17:44:30');
INSERT INTO `sys_logininfor` VALUES (260, 'admin', '39.149.220.177', 'XX XX', 'Chrome 11', 'Windows 10', '0', '登录成功', '2023-07-14 18:32:24');
INSERT INTO `sys_logininfor` VALUES (261, 'admin', '39.149.220.177', 'XX XX', 'Chrome 11', 'Windows 10', '0', '退出成功', '2023-07-14 18:39:23');
INSERT INTO `sys_logininfor` VALUES (262, '教师一', '39.149.220.177', 'XX XX', 'Chrome 11', 'Windows 10', '0', '登录成功', '2023-07-14 18:40:23');
INSERT INTO `sys_logininfor` VALUES (263, '教师一', '39.149.220.177', 'XX XX', 'Chrome 11', 'Windows 10', '0', '退出成功', '2023-07-14 18:41:11');
INSERT INTO `sys_logininfor` VALUES (264, 'admin', '39.149.220.177', 'XX XX', 'Chrome Mobile', 'Android 1.x', '0', '登录成功', '2023-07-14 19:01:04');
INSERT INTO `sys_logininfor` VALUES (265, 'admin', '182.123.145.152', 'XX XX', 'Chrome Mobile', 'Android 1.x', '0', '登录成功', '2023-07-14 19:01:06');
INSERT INTO `sys_logininfor` VALUES (266, 'admin', '39.149.220.177', 'XX XX', 'Chrome Mobile', 'Android 1.x', '0', '退出成功', '2023-07-14 19:01:51');
INSERT INTO `sys_logininfor` VALUES (267, 'admin', '39.149.220.177', 'XX XX', 'Chrome 11', 'Windows 10', '0', '登录成功', '2023-07-14 19:04:07');
INSERT INTO `sys_logininfor` VALUES (268, 'admin', '182.123.145.152', 'XX XX', 'Chrome Mobile', 'Android 1.x', '0', '退出成功', '2023-07-14 19:05:33');
INSERT INTO `sys_logininfor` VALUES (269, '学生一', '182.123.145.152', 'XX XX', 'Chrome Mobile', 'Android 1.x', '1', '密码输入错误1次', '2023-07-14 19:05:45');
INSERT INTO `sys_logininfor` VALUES (270, '学生一', '182.123.145.152', 'XX XX', 'Chrome Mobile', 'Android 1.x', '1', '用户不存在/密码错误', '2023-07-14 19:05:45');
INSERT INTO `sys_logininfor` VALUES (271, '学生一', '182.123.145.152', 'XX XX', 'Chrome Mobile', 'Android 1.x', '0', '登录成功', '2023-07-14 19:05:58');
INSERT INTO `sys_logininfor` VALUES (272, '学生一', '182.123.145.152', 'XX XX', 'Chrome Mobile', 'Android 1.x', '0', '退出成功', '2023-07-14 19:07:00');
INSERT INTO `sys_logininfor` VALUES (273, 'admin', '182.123.145.152', 'XX XX', 'Chrome Mobile', 'Android 1.x', '0', '登录成功', '2023-07-14 19:07:09');
INSERT INTO `sys_logininfor` VALUES (274, 'admin', '182.123.145.152', 'XX XX', 'Chrome 11', 'Windows 10', '0', '登录成功', '2023-07-14 19:10:44');
INSERT INTO `sys_logininfor` VALUES (275, 'admin', '182.123.145.152', 'XX XX', 'Chrome 11', 'Windows 10', '0', '退出成功', '2023-07-14 19:15:23');
INSERT INTO `sys_logininfor` VALUES (276, 'admin', '39.149.220.177', 'XX XX', 'Chrome Mobile', 'Android 1.x', '0', '登录成功', '2023-07-14 19:21:34');
INSERT INTO `sys_logininfor` VALUES (277, 'admin', '182.123.145.152', 'XX XX', 'Chrome 11', 'Windows 10', '0', '登录成功', '2023-07-14 19:24:16');
INSERT INTO `sys_logininfor` VALUES (278, 'admin', '182.123.145.152', 'XX XX', 'Chrome 11', 'Windows 10', '0', '退出成功', '2023-07-14 19:26:12');
INSERT INTO `sys_logininfor` VALUES (279, '教师一', '182.123.145.152', 'XX XX', 'Chrome 11', 'Windows 10', '0', '登录成功', '2023-07-14 19:26:44');
INSERT INTO `sys_logininfor` VALUES (280, '教师一', '182.123.145.152', 'XX XX', 'Chrome 11', 'Windows 10', '0', '退出成功', '2023-07-14 19:35:56');
INSERT INTO `sys_logininfor` VALUES (281, 'admin', '182.123.145.152', 'XX XX', 'Chrome 11', 'Windows 10', '0', '登录成功', '2023-07-14 19:36:04');
INSERT INTO `sys_logininfor` VALUES (282, 'admin', '182.123.145.152', 'XX XX', 'Chrome 11', 'Windows 10', '0', '退出成功', '2023-07-14 19:37:57');
INSERT INTO `sys_logininfor` VALUES (283, '学生一', '182.123.145.152', 'XX XX', 'Chrome 11', 'Windows 10', '0', '登录成功', '2023-07-14 19:38:18');
INSERT INTO `sys_logininfor` VALUES (284, '学生一', '182.123.145.152', 'XX XX', 'Chrome 11', 'Windows 10', '0', '退出成功', '2023-07-14 19:40:04');
INSERT INTO `sys_logininfor` VALUES (285, 'admin', '182.123.145.152', 'XX XX', 'Chrome 11', 'Windows 10', '0', '登录成功', '2023-07-14 19:40:15');
INSERT INTO `sys_logininfor` VALUES (286, 'admin', '39.149.220.177', 'XX XX', 'Chrome 11', 'Windows 10', '0', '登录成功', '2023-07-14 21:20:24');
INSERT INTO `sys_logininfor` VALUES (287, 'admin', '39.149.220.147', 'XX XX', 'Chrome 11', 'Windows 10', '0', '登录成功', '2023-07-23 13:25:26');
INSERT INTO `sys_logininfor` VALUES (288, 'admin', '120.219.175.75', 'XX XX', 'Chrome Mobile', 'Android 1.x', '0', '登录成功', '2023-07-23 13:26:28');
INSERT INTO `sys_logininfor` VALUES (289, 'admin', '222.136.184.120', 'XX XX', 'Chrome Mobile', 'Android 1.x', '0', '登录成功', '2023-07-26 16:45:36');
INSERT INTO `sys_logininfor` VALUES (290, 'admin', '223.91.194.18', 'XX XX', 'Chrome 11', 'Windows 10', '0', '登录成功', '2023-07-26 16:48:56');
INSERT INTO `sys_logininfor` VALUES (291, 'admin', '223.91.194.18', 'XX XX', 'Chrome 11', 'Windows 10', '0', '退出成功', '2023-07-26 16:50:43');
INSERT INTO `sys_logininfor` VALUES (292, 'admin', '223.91.194.18', 'XX XX', 'Chrome 11', 'Windows 10', '0', '登录成功', '2023-07-26 16:50:57');
INSERT INTO `sys_logininfor` VALUES (293, 'admin', '222.136.184.120', 'XX XX', 'Chrome 10', 'Windows 10', '0', '登录成功', '2023-07-26 16:53:21');
INSERT INTO `sys_logininfor` VALUES (294, 'admin', '39.149.220.248', 'XX XX', 'Chrome 11', 'Windows 10', '0', '登录成功', '2023-07-26 16:55:41');
INSERT INTO `sys_logininfor` VALUES (295, 'admin', '39.149.220.248', 'XX XX', 'Chrome 11', 'Windows 10', '0', '退出成功', '2023-07-26 16:56:11');
INSERT INTO `sys_logininfor` VALUES (296, '学院管理员', '39.149.220.248', 'XX XX', 'Chrome 11', 'Windows 10', '0', '登录成功', '2023-07-26 16:56:21');
INSERT INTO `sys_logininfor` VALUES (297, '学院管理员', '39.149.220.248', 'XX XX', 'Chrome 11', 'Windows 10', '0', '退出成功', '2023-07-26 16:57:11');
INSERT INTO `sys_logininfor` VALUES (298, '张教师', '39.149.220.248', 'XX XX', 'Chrome 11', 'Windows 10', '0', '登录成功', '2023-07-26 16:57:19');
INSERT INTO `sys_logininfor` VALUES (299, '张教师', '39.149.220.248', 'XX XX', 'Chrome 11', 'Windows 10', '0', '退出成功', '2023-07-26 16:57:32');
INSERT INTO `sys_logininfor` VALUES (300, 'admin', '39.149.220.248', 'XX XX', 'Chrome 11', 'Windows 10', '0', '登录成功', '2023-07-26 17:02:15');
INSERT INTO `sys_logininfor` VALUES (301, 'admin', '39.149.220.248', 'XX XX', 'Chrome 11', 'Windows 10', '0', '退出成功', '2023-07-26 17:02:51');
INSERT INTO `sys_logininfor` VALUES (302, 'admin', '222.136.184.120', 'XX XX', 'Chrome 10', 'Windows 10', '0', '登录成功', '2023-07-26 18:08:10');
INSERT INTO `sys_logininfor` VALUES (303, 'admin', '127.0.0.1', '内网IP', 'Chrome 11', 'Windows 10', '0', '登录成功', '2023-07-28 17:36:52');
INSERT INTO `sys_logininfor` VALUES (304, 'admin', '127.0.0.1', '内网IP', 'Chrome 11', 'Windows 10', '0', '退出成功', '2023-07-28 17:37:31');
INSERT INTO `sys_logininfor` VALUES (305, '教师一', '127.0.0.1', '内网IP', 'Chrome 11', 'Windows 10', '1', '密码输入错误1次', '2023-07-28 17:37:48');
INSERT INTO `sys_logininfor` VALUES (306, '教师一', '127.0.0.1', '内网IP', 'Chrome 11', 'Windows 10', '1', '用户不存在/密码错误', '2023-07-28 17:37:48');
INSERT INTO `sys_logininfor` VALUES (307, '教师一', '127.0.0.1', '内网IP', 'Chrome 11', 'Windows 10', '0', '登录成功', '2023-07-28 17:38:08');
INSERT INTO `sys_logininfor` VALUES (308, 'admin', '127.0.0.1', '内网IP', 'Chrome 11', 'Windows 10', '0', '登录成功', '2023-07-29 20:39:05');
INSERT INTO `sys_logininfor` VALUES (309, 'admin', '127.0.0.1', '内网IP', 'Chrome 11', 'Windows 10', '0', '退出成功', '2023-07-29 20:39:43');
INSERT INTO `sys_logininfor` VALUES (310, '教师一', '127.0.0.1', '内网IP', 'Chrome 11', 'Windows 10', '1', '密码输入错误1次', '2023-07-29 20:39:52');
INSERT INTO `sys_logininfor` VALUES (311, '教师一', '127.0.0.1', '内网IP', 'Chrome 11', 'Windows 10', '1', '用户不存在/密码错误', '2023-07-29 20:39:52');
INSERT INTO `sys_logininfor` VALUES (312, '教师一', '127.0.0.1', '内网IP', 'Chrome 11', 'Windows 10', '1', '用户不存在/密码错误', '2023-07-29 20:40:21');
INSERT INTO `sys_logininfor` VALUES (313, '教师一', '127.0.0.1', '内网IP', 'Chrome 11', 'Windows 10', '1', '用户不存在/密码错误', '2023-07-29 20:40:25');
INSERT INTO `sys_logininfor` VALUES (314, '教师一', '127.0.0.1', '内网IP', 'Chrome 11', 'Windows 10', '1', '密码输入错误2次', '2023-07-29 20:40:25');
INSERT INTO `sys_logininfor` VALUES (315, '教师一', '127.0.0.1', '内网IP', 'Chrome 11', 'Windows 10', '0', '登录成功', '2023-07-29 20:40:28');
INSERT INTO `sys_logininfor` VALUES (316, '教师一', '127.0.0.1', '内网IP', 'Chrome 11', 'Windows 10', '0', '退出成功', '2023-07-29 20:40:53');
INSERT INTO `sys_logininfor` VALUES (317, '学院管理员', '127.0.0.1', '内网IP', 'Chrome 11', 'Windows 10', '1', '密码输入错误1次', '2023-07-29 20:41:11');
INSERT INTO `sys_logininfor` VALUES (318, '学院管理员', '127.0.0.1', '内网IP', 'Chrome 11', 'Windows 10', '1', '用户不存在/密码错误', '2023-07-29 20:41:11');
INSERT INTO `sys_logininfor` VALUES (319, '学院管理员', '127.0.0.1', '内网IP', 'Chrome 11', 'Windows 10', '0', '登录成功', '2023-07-29 20:41:14');
INSERT INTO `sys_logininfor` VALUES (320, 'admin', '127.0.0.1', '内网IP', 'Chrome 11', 'Windows 10', '0', '登录成功', '2023-07-30 10:39:09');
INSERT INTO `sys_logininfor` VALUES (321, 'admin', '127.0.0.1', '内网IP', 'Chrome 11', 'Windows 10', '0', '退出成功', '2023-07-30 10:53:17');
INSERT INTO `sys_logininfor` VALUES (322, '教师一', '127.0.0.1', '内网IP', 'Chrome 11', 'Windows 10', '0', '登录成功', '2023-07-30 10:53:31');
INSERT INTO `sys_logininfor` VALUES (323, 'admin', '127.0.0.1', '内网IP', 'Unknown', 'Unknown', '1', '用户不存在/密码错误', '2023-07-30 11:51:15');
INSERT INTO `sys_logininfor` VALUES (324, 'admin', '127.0.0.1', '内网IP', 'Unknown', 'Unknown', '1', '密码输入错误1次', '2023-07-30 11:51:15');
INSERT INTO `sys_logininfor` VALUES (325, 'admin', '127.0.0.1', '内网IP', 'Unknown', 'Unknown', '1', '用户不存在/密码错误', '2023-07-30 11:51:23');
INSERT INTO `sys_logininfor` VALUES (326, 'admin', '127.0.0.1', '内网IP', 'Unknown', 'Unknown', '1', '密码输入错误2次', '2023-07-30 11:51:23');
INSERT INTO `sys_logininfor` VALUES (327, NULL, '127.0.0.1', '内网IP', 'Unknown', 'Unknown', '1', '* 必须填写', '2023-07-30 11:52:04');
INSERT INTO `sys_logininfor` VALUES (328, NULL, '127.0.0.1', '内网IP', 'Unknown', 'Unknown', '1', '* 必须填写', '2023-07-30 11:52:26');
INSERT INTO `sys_logininfor` VALUES (329, NULL, '127.0.0.1', '内网IP', 'Unknown', 'Unknown', '1', '* 必须填写', '2023-07-30 11:53:23');
INSERT INTO `sys_logininfor` VALUES (330, NULL, '127.0.0.1', '内网IP', 'Unknown', 'Unknown', '1', '* 必须填写', '2023-07-30 11:54:17');
INSERT INTO `sys_logininfor` VALUES (331, 'admin', '127.0.0.1', '内网IP', 'Unknown', 'Unknown', '0', '登录成功', '2023-07-30 11:54:32');
INSERT INTO `sys_logininfor` VALUES (332, 'admin', '127.0.0.1', '内网IP', 'Unknown', 'Unknown', '0', '登录成功', '2023-07-30 12:03:54');
INSERT INTO `sys_logininfor` VALUES (333, '教师一', '127.0.0.1', '内网IP', 'Chrome 11', 'Windows 10', '0', '登录成功', '2023-07-30 12:05:37');
INSERT INTO `sys_logininfor` VALUES (334, '教师一', '127.0.0.1', '内网IP', 'Chrome 11', 'Windows 10', '0', '退出成功', '2023-07-30 12:21:36');
INSERT INTO `sys_logininfor` VALUES (335, 'admin', '127.0.0.1', '内网IP', 'Chrome 11', 'Windows 10', '0', '登录成功', '2023-07-30 12:21:41');
INSERT INTO `sys_logininfor` VALUES (336, '教师一', '127.0.0.1', '内网IP', 'Chrome 11', 'Windows 10', '0', '登录成功', '2023-07-30 13:00:20');
INSERT INTO `sys_logininfor` VALUES (337, '教师一', '127.0.0.1', '内网IP', 'Chrome 11', 'Windows 10', '0', '退出成功', '2023-07-30 13:00:20');
INSERT INTO `sys_logininfor` VALUES (338, '教师一', '127.0.0.1', '内网IP', 'Chrome 11', 'Windows 10', '0', '登录成功', '2023-07-30 13:00:46');
INSERT INTO `sys_logininfor` VALUES (339, '教师一', '127.0.0.1', '内网IP', 'Chrome 11', 'Windows 10', '0', '退出成功', '2023-07-30 13:00:47');
INSERT INTO `sys_logininfor` VALUES (340, '教师一', '127.0.0.1', '内网IP', 'Chrome 11', 'Windows 10', '0', '登录成功', '2023-07-30 13:02:10');
INSERT INTO `sys_logininfor` VALUES (341, '教师一', '127.0.0.1', '内网IP', 'Chrome 11', 'Windows 10', '0', '退出成功', '2023-07-30 13:02:10');
INSERT INTO `sys_logininfor` VALUES (342, 'admin', '127.0.0.1', '内网IP', 'Chrome 11', 'Windows 10', '0', '登录成功', '2023-07-30 13:05:33');
INSERT INTO `sys_logininfor` VALUES (343, 'admin', '127.0.0.1', '内网IP', 'Chrome 11', 'Windows 10', '0', '退出成功', '2023-07-30 13:05:33');
INSERT INTO `sys_logininfor` VALUES (344, 'admin', '127.0.0.1', '内网IP', 'Chrome 11', 'Windows 10', '0', '登录成功', '2023-07-30 13:06:26');
INSERT INTO `sys_logininfor` VALUES (345, 'admin', '127.0.0.1', '内网IP', 'Chrome 11', 'Windows 10', '0', '退出成功', '2023-07-30 13:06:26');
INSERT INTO `sys_logininfor` VALUES (346, 'admin', '127.0.0.1', '内网IP', 'Chrome 11', 'Windows 10', '0', '登录成功', '2023-07-30 13:06:36');
INSERT INTO `sys_logininfor` VALUES (347, 'admin', '127.0.0.1', '内网IP', 'Chrome 11', 'Windows 10', '0', '退出成功', '2023-07-30 13:07:28');
INSERT INTO `sys_logininfor` VALUES (348, 'admin', '127.0.0.1', '内网IP', 'Chrome 11', 'Windows 10', '0', '登录成功', '2023-07-30 13:07:30');
INSERT INTO `sys_logininfor` VALUES (349, 'admin', '127.0.0.1', '内网IP', 'Chrome 11', 'Windows 10', '0', '退出成功', '2023-07-30 13:07:30');
INSERT INTO `sys_logininfor` VALUES (350, 'admin', '127.0.0.1', '内网IP', 'Chrome 11', 'Windows 10', '0', '登录成功', '2023-07-30 13:08:49');
INSERT INTO `sys_logininfor` VALUES (351, 'admin', '127.0.0.1', '内网IP', 'Chrome 11', 'Windows 10', '0', '退出成功', '2023-07-30 13:08:50');
INSERT INTO `sys_logininfor` VALUES (352, 'admin', '127.0.0.1', '内网IP', 'Chrome 11', 'Windows 10', '0', '登录成功', '2023-07-30 13:09:14');
INSERT INTO `sys_logininfor` VALUES (353, 'admin', '127.0.0.1', '内网IP', 'Chrome 11', 'Windows 10', '0', '退出成功', '2023-07-30 13:09:15');
INSERT INTO `sys_logininfor` VALUES (354, 'admin', '127.0.0.1', '内网IP', 'Chrome 11', 'Windows 10', '0', '登录成功', '2023-07-30 13:09:28');
INSERT INTO `sys_logininfor` VALUES (355, 'admin', '127.0.0.1', '内网IP', 'Chrome 11', 'Windows 10', '0', '退出成功', '2023-07-30 13:09:33');
INSERT INTO `sys_logininfor` VALUES (356, '教师一', '127.0.0.1', '内网IP', 'Chrome 11', 'Windows 10', '0', '登录成功', '2023-07-30 13:09:46');
INSERT INTO `sys_logininfor` VALUES (357, 'admin', '127.0.0.1', '内网IP', 'Chrome 11', 'Windows 10', '0', '登录成功', '2023-07-30 16:17:36');
INSERT INTO `sys_logininfor` VALUES (358, 'admin', '127.0.0.1', '内网IP', 'Chrome 11', 'Windows 10', '0', '退出成功', '2023-07-30 16:17:43');
INSERT INTO `sys_logininfor` VALUES (359, '教师一', '127.0.0.1', '内网IP', 'Chrome 11', 'Windows 10', '0', '登录成功', '2023-07-30 16:17:53');
INSERT INTO `sys_logininfor` VALUES (360, '教师一', '127.0.0.1', '内网IP', 'Chrome 11', 'Windows 10', '0', '退出成功', '2023-07-30 16:30:04');
INSERT INTO `sys_logininfor` VALUES (361, 'admin', '127.0.0.1', '内网IP', 'Chrome 11', 'Windows 10', '0', '登录成功', '2023-07-30 16:30:07');
INSERT INTO `sys_logininfor` VALUES (362, 'admin', '127.0.0.1', '内网IP', 'Chrome 11', 'Windows 10', '0', '退出成功', '2023-07-30 16:30:45');
INSERT INTO `sys_logininfor` VALUES (363, '教师一', '127.0.0.1', '内网IP', 'Chrome 11', 'Windows 10', '0', '登录成功', '2023-07-30 16:30:55');
INSERT INTO `sys_logininfor` VALUES (364, '教师一', '127.0.0.1', '内网IP', 'Chrome 11', 'Windows 10', '0', '退出成功', '2023-07-30 16:35:44');
INSERT INTO `sys_logininfor` VALUES (365, 'admin', '127.0.0.1', '内网IP', 'Chrome 11', 'Windows 10', '0', '登录成功', '2023-07-30 16:35:48');
INSERT INTO `sys_logininfor` VALUES (366, 'admin', '127.0.0.1', '内网IP', 'Chrome 11', 'Windows 10', '0', '退出成功', '2023-07-30 16:45:24');
INSERT INTO `sys_logininfor` VALUES (367, 'admin', '127.0.0.1', '内网IP', 'Chrome 11', 'Windows 10', '0', '登录成功', '2023-07-30 16:45:29');
INSERT INTO `sys_logininfor` VALUES (368, 'admin', '127.0.0.1', '内网IP', 'Chrome 11', 'Windows 10', '0', '退出成功', '2023-07-30 16:45:44');
INSERT INTO `sys_logininfor` VALUES (369, '学生一', '127.0.0.1', '内网IP', 'Chrome 11', 'Windows 10', '0', '登录成功', '2023-07-30 16:46:01');
INSERT INTO `sys_logininfor` VALUES (370, '学生一', '127.0.0.1', '内网IP', 'Chrome 11', 'Windows 10', '0', '退出成功', '2023-07-30 16:46:31');
INSERT INTO `sys_logininfor` VALUES (371, 'admin', '127.0.0.1', '内网IP', 'Chrome 11', 'Windows 10', '0', '登录成功', '2023-07-30 16:46:35');
INSERT INTO `sys_logininfor` VALUES (372, 'admin', '127.0.0.1', '内网IP', 'Chrome 11', 'Windows 10', '0', '退出成功', '2023-07-30 16:51:51');
INSERT INTO `sys_logininfor` VALUES (373, '教师一', '127.0.0.1', '内网IP', 'Chrome 11', 'Windows 10', '0', '登录成功', '2023-07-30 16:52:04');
INSERT INTO `sys_logininfor` VALUES (374, '教师一', '127.0.0.1', '内网IP', 'Chrome 11', 'Windows 10', '0', '退出成功', '2023-07-30 17:09:31');
INSERT INTO `sys_logininfor` VALUES (375, 'admin', '127.0.0.1', '内网IP', 'Chrome 11', 'Windows 10', '0', '登录成功', '2023-07-30 17:09:35');
INSERT INTO `sys_logininfor` VALUES (376, 'admin', '127.0.0.1', '内网IP', 'Chrome 11', 'Windows 10', '0', '退出成功', '2023-07-30 17:15:19');
INSERT INTO `sys_logininfor` VALUES (377, '教师一', '127.0.0.1', '内网IP', 'Chrome 11', 'Windows 10', '0', '登录成功', '2023-07-30 17:15:32');
INSERT INTO `sys_logininfor` VALUES (378, 'admin', '127.0.0.1', '内网IP', 'Chrome 11', 'Windows 10', '0', '登录成功', '2023-07-30 18:48:36');
INSERT INTO `sys_logininfor` VALUES (379, 'admin', '127.0.0.1', '内网IP', 'Chrome 11', 'Windows 10', '0', '登录成功', '2023-07-30 19:27:05');
INSERT INTO `sys_logininfor` VALUES (380, 'admin', '127.0.0.1', '内网IP', 'Chrome 11', 'Windows 10', '0', '登录成功', '2023-08-01 09:58:28');
INSERT INTO `sys_logininfor` VALUES (381, 'admin', '127.0.0.1', '内网IP', 'Chrome 11', 'Windows 10', '0', '登录成功', '2023-08-01 10:58:26');
INSERT INTO `sys_logininfor` VALUES (382, 'admin', '127.0.0.1', '内网IP', 'Chrome 11', 'Windows 10', '0', '退出成功', '2023-08-01 11:11:08');
INSERT INTO `sys_logininfor` VALUES (383, '教师一', '127.0.0.1', '内网IP', 'Chrome 11', 'Windows 10', '0', '登录成功', '2023-08-01 11:11:20');
INSERT INTO `sys_logininfor` VALUES (384, 'admin', '127.0.0.1', '内网IP', 'Chrome 11', 'Windows 10', '0', '登录成功', '2023-08-02 16:49:47');
INSERT INTO `sys_logininfor` VALUES (385, 'admin', '127.0.0.1', '内网IP', 'Chrome 11', 'Windows 10', '0', '登录成功', '2023-08-10 17:20:12');
INSERT INTO `sys_logininfor` VALUES (386, 'admin', '127.0.0.1', '内网IP', 'Chrome 11', 'Windows 10', '0', '退出成功', '2023-08-10 17:22:49');
INSERT INTO `sys_logininfor` VALUES (387, '教师一', '127.0.0.1', '内网IP', 'Chrome 11', 'Windows 10', '0', '登录成功', '2023-08-10 17:23:01');
INSERT INTO `sys_logininfor` VALUES (388, 'admin', '127.0.0.1', '内网IP', 'Chrome 11', 'Windows 10', '0', '登录成功', '2023-08-11 12:07:17');
INSERT INTO `sys_logininfor` VALUES (389, 'admin', '127.0.0.1', '内网IP', 'Chrome 11', 'Windows 10', '0', '登录成功', '2023-08-11 13:58:35');
INSERT INTO `sys_logininfor` VALUES (390, 'admin', '127.0.0.1', '内网IP', 'Chrome 11', 'Windows 10', '0', '退出成功', '2023-08-11 14:01:11');
INSERT INTO `sys_logininfor` VALUES (391, '教师一', '127.0.0.1', '内网IP', 'Chrome 11', 'Windows 10', '1', '密码输入错误1次', '2023-08-11 14:01:21');
INSERT INTO `sys_logininfor` VALUES (392, '教师一', '127.0.0.1', '内网IP', 'Chrome 11', 'Windows 10', '1', '用户不存在/密码错误', '2023-08-11 14:01:21');
INSERT INTO `sys_logininfor` VALUES (393, '教师一', '127.0.0.1', '内网IP', 'Chrome 11', 'Windows 10', '0', '登录成功', '2023-08-11 14:01:26');
INSERT INTO `sys_logininfor` VALUES (394, '教师一', '127.0.0.1', '内网IP', 'Chrome 11', 'Windows 10', '0', '退出成功', '2023-08-11 14:01:33');
INSERT INTO `sys_logininfor` VALUES (395, 'admin', '127.0.0.1', '内网IP', 'Chrome 11', 'Windows 10', '0', '登录成功', '2023-08-11 14:01:36');
INSERT INTO `sys_logininfor` VALUES (396, 'admin', '127.0.0.1', '内网IP', 'Chrome 11', 'Windows 10', '0', '退出成功', '2023-08-11 14:01:58');
INSERT INTO `sys_logininfor` VALUES (397, '教师一', '127.0.0.1', '内网IP', 'Chrome 11', 'Windows 10', '0', '登录成功', '2023-08-11 14:02:06');
INSERT INTO `sys_logininfor` VALUES (398, '教师一', '127.0.0.1', '内网IP', 'Chrome 11', 'Windows 10', '0', '退出成功', '2023-08-11 14:19:02');
INSERT INTO `sys_logininfor` VALUES (399, 'admin', '127.0.0.1', '内网IP', 'Chrome 11', 'Windows 10', '0', '登录成功', '2023-08-11 14:19:05');
INSERT INTO `sys_logininfor` VALUES (400, 'admin', '127.0.0.1', '内网IP', 'Chrome 11', 'Windows 10', '0', '登录成功', '2023-08-27 01:14:44');
INSERT INTO `sys_logininfor` VALUES (401, 'admin', '127.0.0.1', '内网IP', 'Chrome 11', 'Windows 10', '0', '退出成功', '2023-08-27 01:17:18');
INSERT INTO `sys_logininfor` VALUES (402, 'admin', '127.0.0.1', '内网IP', 'Chrome 11', 'Windows 10', '0', '登录成功', '2023-08-27 01:17:21');
INSERT INTO `sys_logininfor` VALUES (403, 'admin', '127.0.0.1', '内网IP', 'Chrome 11', 'Windows 10', '0', '登录成功', '2023-08-27 10:46:50');
INSERT INTO `sys_logininfor` VALUES (404, 'admin', '127.0.0.1', '内网IP', 'Chrome 11', 'Windows 10', '0', '登录成功', '2023-08-27 11:30:14');
INSERT INTO `sys_logininfor` VALUES (405, 'admin', '127.0.0.1', '内网IP', 'Chrome 11', 'Windows 10', '0', '登录成功', '2023-08-27 12:31:57');
INSERT INTO `sys_logininfor` VALUES (406, 'admin', '127.0.0.1', '内网IP', 'Chrome 11', 'Windows 10', '0', '退出成功', '2023-08-27 12:46:47');
INSERT INTO `sys_logininfor` VALUES (407, 'admin', '127.0.0.1', '内网IP', 'Chrome 11', 'Windows 10', '0', '登录成功', '2023-08-27 12:46:50');
INSERT INTO `sys_logininfor` VALUES (408, 'admin', '127.0.0.1', '内网IP', 'Chrome 11', 'Windows 10', '0', '登录成功', '2023-08-27 13:22:58');
INSERT INTO `sys_logininfor` VALUES (409, 'admin', '127.0.0.1', '内网IP', 'Chrome 11', 'Windows 10', '0', '退出成功', '2023-08-27 13:25:20');
INSERT INTO `sys_logininfor` VALUES (410, 'admin', '127.0.0.1', '内网IP', 'Chrome 11', 'Windows 10', '0', '登录成功', '2023-08-27 13:25:21');
INSERT INTO `sys_logininfor` VALUES (411, 'admin', '127.0.0.1', '内网IP', 'Chrome 11', 'Windows 10', '0', '退出成功', '2023-08-27 13:36:38');
INSERT INTO `sys_logininfor` VALUES (412, 'admin', '127.0.0.1', '内网IP', 'Chrome 11', 'Windows 10', '0', '登录成功', '2023-08-27 13:36:39');
INSERT INTO `sys_logininfor` VALUES (413, 'admin', '127.0.0.1', '内网IP', 'Chrome 11', 'Windows 10', '0', '退出成功', '2023-08-27 13:50:36');
INSERT INTO `sys_logininfor` VALUES (414, 'admin', '127.0.0.1', '内网IP', 'Chrome 11', 'Windows 10', '0', '登录成功', '2023-08-27 13:50:38');
INSERT INTO `sys_logininfor` VALUES (415, 'admin', '127.0.0.1', '内网IP', 'Chrome 11', 'Windows 10', '0', '登录成功', '2023-08-27 13:54:57');
INSERT INTO `sys_logininfor` VALUES (416, 'admin', '127.0.0.1', '内网IP', 'Chrome 11', 'Windows 10', '0', '退出成功', '2023-08-27 14:31:24');
INSERT INTO `sys_logininfor` VALUES (417, 'admin', '127.0.0.1', '内网IP', 'Chrome 11', 'Windows 10', '0', '登录成功', '2023-08-27 14:31:26');
INSERT INTO `sys_logininfor` VALUES (418, 'admin', '127.0.0.1', '内网IP', 'Chrome 11', 'Windows 10', '0', '登录成功', '2023-08-27 14:35:19');
INSERT INTO `sys_logininfor` VALUES (419, 'admin', '127.0.0.1', '内网IP', 'Chrome 11', 'Windows 10', '0', '登录成功', '2023-08-27 17:18:31');
INSERT INTO `sys_logininfor` VALUES (420, 'admin', '127.0.0.1', '内网IP', 'Chrome 11', 'Windows 10', '0', '登录成功', '2023-08-28 00:14:52');
INSERT INTO `sys_logininfor` VALUES (421, 'admin', '127.0.0.1', '内网IP', 'Chrome 11', 'Windows 10', '0', '登录成功', '2023-08-28 10:30:46');
INSERT INTO `sys_logininfor` VALUES (422, 'admin', '127.0.0.1', '内网IP', 'Chrome 11', 'Windows 10', '0', '登录成功', '2023-08-28 11:05:17');
INSERT INTO `sys_logininfor` VALUES (423, 'admin', '127.0.0.1', '内网IP', 'Chrome 11', 'Windows 10', '0', '登录成功', '2023-08-28 15:53:14');
INSERT INTO `sys_logininfor` VALUES (424, 'admin', '127.0.0.1', '内网IP', 'Chrome 11', 'Windows 10', '0', '登录成功', '2023-08-28 16:53:37');
INSERT INTO `sys_logininfor` VALUES (425, 'admin', '127.0.0.1', '内网IP', 'Chrome 11', 'Windows 10', '0', '登录成功', '2023-08-28 21:27:04');
INSERT INTO `sys_logininfor` VALUES (426, 'admin', '127.0.0.1', '内网IP', 'Chrome 11', 'Windows 10', '0', '登录成功', '2023-08-29 08:10:01');
INSERT INTO `sys_logininfor` VALUES (427, 'admin', '127.0.0.1', '内网IP', 'Chrome 11', 'Windows 10', '0', '登录成功', '2023-08-29 09:11:45');
INSERT INTO `sys_logininfor` VALUES (428, 'admin', '127.0.0.1', '内网IP', 'Chrome 11', 'Windows 10', '0', '登录成功', '2023-08-29 13:13:14');
INSERT INTO `sys_logininfor` VALUES (429, 'admin', '127.0.0.1', '内网IP', 'Chrome 11', 'Windows 10', '0', '登录成功', '2023-08-29 14:33:24');
INSERT INTO `sys_logininfor` VALUES (430, 'admin', '127.0.0.1', '内网IP', 'Chrome 11', 'Windows 10', '0', '登录成功', '2023-08-29 16:09:50');
INSERT INTO `sys_logininfor` VALUES (431, 'admin', '127.0.0.1', '内网IP', 'Chrome 11', 'Windows 10', '0', '登录成功', '2023-08-29 17:15:13');
INSERT INTO `sys_logininfor` VALUES (432, 'admin', '127.0.0.1', '内网IP', 'Chrome 11', 'Windows 10', '0', '登录成功', '2023-08-29 17:56:15');
INSERT INTO `sys_logininfor` VALUES (433, 'admin', '127.0.0.1', '内网IP', 'Chrome 11', 'Windows 10', '0', '登录成功', '2023-08-29 20:09:12');
INSERT INTO `sys_logininfor` VALUES (434, 'admin', '127.0.0.1', '内网IP', 'Chrome 11', 'Windows 10', '0', '登录成功', '2023-08-29 21:16:20');
INSERT INTO `sys_logininfor` VALUES (435, 'admin', '127.0.0.1', '内网IP', 'Chrome 11', 'Windows 10', '0', '登录成功', '2023-08-30 10:46:12');
INSERT INTO `sys_logininfor` VALUES (436, 'admin', '127.0.0.1', '内网IP', 'Chrome 11', 'Windows 10', '0', '登录成功', '2023-08-30 11:23:26');
INSERT INTO `sys_logininfor` VALUES (437, 'admin', '127.0.0.1', '内网IP', 'Chrome 11', 'Windows 10', '0', '登录成功', '2023-08-30 12:09:28');
INSERT INTO `sys_logininfor` VALUES (438, 'admin', '127.0.0.1', '内网IP', 'Chrome 11', 'Windows 10', '0', '登录成功', '2023-08-30 13:46:09');
INSERT INTO `sys_logininfor` VALUES (439, 'admin', '127.0.0.1', '内网IP', 'Chrome 11', 'Windows 10', '0', '退出成功', '2023-08-30 13:58:41');
INSERT INTO `sys_logininfor` VALUES (440, '小王', '127.0.0.1', '内网IP', 'Chrome 11', 'Windows 10', '0', '登录成功', '2023-08-30 14:00:10');
INSERT INTO `sys_logininfor` VALUES (441, 'admin', '127.0.0.1', '内网IP', 'Chrome 11', 'Windows 10', '0', '登录成功', '2023-08-30 15:41:55');
INSERT INTO `sys_logininfor` VALUES (442, 'admin', '127.0.0.1', '内网IP', 'Chrome 11', 'Windows 10', '0', '退出成功', '2023-08-30 15:43:22');
INSERT INTO `sys_logininfor` VALUES (443, 'admin', '127.0.0.1', '内网IP', 'Chrome 11', 'Windows 10', '1', '用户不存在/密码错误', '2023-08-30 15:43:39');
INSERT INTO `sys_logininfor` VALUES (444, 'admin', '127.0.0.1', '内网IP', 'Chrome 11', 'Windows 10', '1', '密码输入错误1次', '2023-08-30 15:43:39');
INSERT INTO `sys_logininfor` VALUES (445, 'admin', '127.0.0.1', '内网IP', 'Chrome 11', 'Windows 10', '0', '登录成功', '2023-08-30 15:43:43');
INSERT INTO `sys_logininfor` VALUES (446, 'admin', '127.0.0.1', '内网IP', 'Chrome 11', 'Windows 10', '0', '退出成功', '2023-08-30 16:09:58');
INSERT INTO `sys_logininfor` VALUES (447, 'admin', '127.0.0.1', '内网IP', 'Chrome 11', 'Windows 10', '0', '登录成功', '2023-08-30 16:10:04');
INSERT INTO `sys_logininfor` VALUES (448, 'admin', '127.0.0.1', '内网IP', 'Chrome 11', 'Windows 10', '0', '退出成功', '2023-08-30 16:13:46');
INSERT INTO `sys_logininfor` VALUES (449, 'admin', '127.0.0.1', '内网IP', 'Chrome 11', 'Windows 10', '0', '登录成功', '2023-08-30 16:13:51');
INSERT INTO `sys_logininfor` VALUES (450, 'admin', '127.0.0.1', '内网IP', 'Chrome 11', 'Windows 10', '0', '退出成功', '2023-08-30 16:46:11');
INSERT INTO `sys_logininfor` VALUES (451, '李华', '127.0.0.1', '内网IP', 'Chrome 11', 'Windows 10', '0', '登录成功', '2023-08-30 16:46:20');
INSERT INTO `sys_logininfor` VALUES (452, '李华', '127.0.0.1', '内网IP', 'Chrome 11', 'Windows 10', '0', '退出成功', '2023-08-30 16:46:37');
INSERT INTO `sys_logininfor` VALUES (453, 'admin', '127.0.0.1', '内网IP', 'Chrome 11', 'Windows 10', '0', '登录成功', '2023-08-30 16:46:42');
INSERT INTO `sys_logininfor` VALUES (454, 'admin', '127.0.0.1', '内网IP', 'Chrome 11', 'Windows 10', '0', '退出成功', '2023-08-30 16:51:42');
INSERT INTO `sys_logininfor` VALUES (455, '李华', '127.0.0.1', '内网IP', 'Chrome 11', 'Windows 10', '1', '密码输入错误1次', '2023-08-30 16:51:53');
INSERT INTO `sys_logininfor` VALUES (456, '李华', '127.0.0.1', '内网IP', 'Chrome 11', 'Windows 10', '1', '用户不存在/密码错误', '2023-08-30 16:51:53');
INSERT INTO `sys_logininfor` VALUES (457, '李华', '127.0.0.1', '内网IP', 'Chrome 11', 'Windows 10', '0', '登录成功', '2023-08-30 16:51:58');
INSERT INTO `sys_logininfor` VALUES (458, '李华', '127.0.0.1', '内网IP', 'Chrome 11', 'Windows 10', '0', '退出成功', '2023-08-30 16:53:11');
INSERT INTO `sys_logininfor` VALUES (459, 'admin', '127.0.0.1', '内网IP', 'Chrome 11', 'Windows 10', '0', '登录成功', '2023-08-30 16:53:17');
INSERT INTO `sys_logininfor` VALUES (460, 'admin', '127.0.0.1', '内网IP', 'Chrome 11', 'Windows 10', '0', '退出成功', '2023-08-30 16:53:40');
INSERT INTO `sys_logininfor` VALUES (461, '李华', '127.0.0.1', '内网IP', 'Chrome 11', 'Windows 10', '0', '登录成功', '2023-08-30 16:53:50');
INSERT INTO `sys_logininfor` VALUES (462, '李华', '127.0.0.1', '内网IP', 'Chrome 11', 'Windows 10', '0', '退出成功', '2023-08-30 16:54:02');
INSERT INTO `sys_logininfor` VALUES (463, '李华', '127.0.0.1', '内网IP', 'Chrome 11', 'Windows 10', '0', '登录成功', '2023-08-30 16:54:13');
INSERT INTO `sys_logininfor` VALUES (464, '李华', '127.0.0.1', '内网IP', 'Chrome 11', 'Windows 10', '0', '退出成功', '2023-08-30 17:00:40');
INSERT INTO `sys_logininfor` VALUES (465, 'admin', '127.0.0.1', '内网IP', 'Chrome 11', 'Windows 10', '0', '登录成功', '2023-08-30 17:00:42');
INSERT INTO `sys_logininfor` VALUES (466, 'admin', '127.0.0.1', '内网IP', 'Chrome 11', 'Windows 10', '0', '登录成功', '2023-08-30 17:55:06');
INSERT INTO `sys_logininfor` VALUES (467, 'admin', '127.0.0.1', '内网IP', 'Chrome 11', 'Windows 10', '0', '登录成功', '2023-08-31 09:08:07');
INSERT INTO `sys_logininfor` VALUES (468, 'admin', '127.0.0.1', '内网IP', 'Chrome 11', 'Windows 10', '0', '退出成功', '2023-08-31 09:24:55');
INSERT INTO `sys_logininfor` VALUES (469, '李华', '127.0.0.1', '内网IP', 'Chrome 11', 'Windows 10', '0', '登录成功', '2023-08-31 09:25:02');
INSERT INTO `sys_logininfor` VALUES (470, '李华', '127.0.0.1', '内网IP', 'Chrome 11', 'Windows 10', '0', '退出成功', '2023-08-31 09:25:14');
INSERT INTO `sys_logininfor` VALUES (471, 'admin', '127.0.0.1', '内网IP', 'Chrome 11', 'Windows 10', '0', '登录成功', '2023-08-31 09:25:15');
INSERT INTO `sys_logininfor` VALUES (472, 'admin', '127.0.0.1', '内网IP', 'Chrome 11', 'Windows 10', '0', '退出成功', '2023-08-31 09:25:29');
INSERT INTO `sys_logininfor` VALUES (473, '李华', '127.0.0.1', '内网IP', 'Chrome 11', 'Windows 10', '0', '登录成功', '2023-08-31 09:25:35');
INSERT INTO `sys_logininfor` VALUES (474, '李华', '127.0.0.1', '内网IP', 'Chrome 11', 'Windows 10', '0', '退出成功', '2023-08-31 09:25:39');
INSERT INTO `sys_logininfor` VALUES (475, 'admin', '127.0.0.1', '内网IP', 'Chrome 11', 'Windows 10', '0', '登录成功', '2023-08-31 09:25:42');
INSERT INTO `sys_logininfor` VALUES (476, 'admin', '127.0.0.1', '内网IP', 'Chrome 11', 'Windows 10', '0', '退出成功', '2023-08-31 09:25:56');
INSERT INTO `sys_logininfor` VALUES (477, '李华', '127.0.0.1', '内网IP', 'Chrome 11', 'Windows 10', '0', '登录成功', '2023-08-31 09:26:04');
INSERT INTO `sys_logininfor` VALUES (478, '李华', '127.0.0.1', '内网IP', 'Chrome 11', 'Windows 10', '0', '退出成功', '2023-08-31 09:27:11');
INSERT INTO `sys_logininfor` VALUES (479, 'admin', '127.0.0.1', '内网IP', 'Chrome 11', 'Windows 10', '0', '登录成功', '2023-08-31 09:27:13');
INSERT INTO `sys_logininfor` VALUES (480, 'admin', '127.0.0.1', '内网IP', 'Chrome 11', 'Windows 10', '0', '退出成功', '2023-08-31 09:27:26');
INSERT INTO `sys_logininfor` VALUES (481, '李华', '127.0.0.1', '内网IP', 'Chrome 11', 'Windows 10', '0', '登录成功', '2023-08-31 09:27:33');
INSERT INTO `sys_logininfor` VALUES (482, '李华', '127.0.0.1', '内网IP', 'Chrome 11', 'Windows 10', '0', '退出成功', '2023-08-31 09:27:44');
INSERT INTO `sys_logininfor` VALUES (483, 'admin', '127.0.0.1', '内网IP', 'Chrome 11', 'Windows 10', '0', '登录成功', '2023-08-31 09:27:45');
INSERT INTO `sys_logininfor` VALUES (484, 'admin', '127.0.0.1', '内网IP', 'Chrome 11', 'Windows 10', '0', '退出成功', '2023-08-31 09:28:03');
INSERT INTO `sys_logininfor` VALUES (485, '李华', '127.0.0.1', '内网IP', 'Chrome 11', 'Windows 10', '0', '登录成功', '2023-08-31 09:28:09');
INSERT INTO `sys_logininfor` VALUES (486, '李华', '127.0.0.1', '内网IP', 'Chrome 11', 'Windows 10', '0', '退出成功', '2023-08-31 09:28:18');
INSERT INTO `sys_logininfor` VALUES (487, 'admin', '127.0.0.1', '内网IP', 'Chrome 11', 'Windows 10', '0', '登录成功', '2023-08-31 09:28:20');
INSERT INTO `sys_logininfor` VALUES (488, 'admin', '127.0.0.1', '内网IP', 'Chrome 11', 'Windows 10', '0', '退出成功', '2023-08-31 09:35:44');
INSERT INTO `sys_logininfor` VALUES (489, '李华', '127.0.0.1', '内网IP', 'Chrome 11', 'Windows 10', '0', '登录成功', '2023-08-31 09:35:50');
INSERT INTO `sys_logininfor` VALUES (490, '李华', '127.0.0.1', '内网IP', 'Chrome 11', 'Windows 10', '0', '退出成功', '2023-08-31 09:37:08');
INSERT INTO `sys_logininfor` VALUES (491, 'admin', '127.0.0.1', '内网IP', 'Chrome 11', 'Windows 10', '0', '登录成功', '2023-08-31 09:37:11');
INSERT INTO `sys_logininfor` VALUES (492, 'admin', '127.0.0.1', '内网IP', 'Chrome 11', 'Windows 10', '0', '退出成功', '2023-08-31 09:37:46');
INSERT INTO `sys_logininfor` VALUES (493, '李华', '127.0.0.1', '内网IP', 'Chrome 11', 'Windows 10', '0', '登录成功', '2023-08-31 09:37:51');
INSERT INTO `sys_logininfor` VALUES (494, '李华', '127.0.0.1', '内网IP', 'Chrome 11', 'Windows 10', '0', '退出成功', '2023-08-31 09:38:13');
INSERT INTO `sys_logininfor` VALUES (495, 'admin', '127.0.0.1', '内网IP', 'Chrome 11', 'Windows 10', '0', '登录成功', '2023-08-31 09:38:15');
INSERT INTO `sys_logininfor` VALUES (496, 'admin', '127.0.0.1', '内网IP', 'Chrome 11', 'Windows 10', '0', '退出成功', '2023-08-31 09:38:34');
INSERT INTO `sys_logininfor` VALUES (497, '李华', '127.0.0.1', '内网IP', 'Chrome 11', 'Windows 10', '0', '登录成功', '2023-08-31 09:38:39');
INSERT INTO `sys_logininfor` VALUES (498, '李华', '127.0.0.1', '内网IP', 'Chrome 11', 'Windows 10', '0', '退出成功', '2023-08-31 09:39:12');
INSERT INTO `sys_logininfor` VALUES (499, '李华', '127.0.0.1', '内网IP', 'Chrome 11', 'Windows 10', '0', '登录成功', '2023-08-31 09:39:17');
INSERT INTO `sys_logininfor` VALUES (500, '李华', '127.0.0.1', '内网IP', 'Chrome 11', 'Windows 10', '0', '退出成功', '2023-08-31 09:39:22');
INSERT INTO `sys_logininfor` VALUES (501, 'admin', '127.0.0.1', '内网IP', 'Chrome 11', 'Windows 10', '0', '登录成功', '2023-08-31 09:39:23');
INSERT INTO `sys_logininfor` VALUES (502, 'admin', '127.0.0.1', '内网IP', 'Chrome 11', 'Windows 10', '0', '退出成功', '2023-08-31 09:51:09');
INSERT INTO `sys_logininfor` VALUES (503, '李华', '127.0.0.1', '内网IP', 'Chrome 11', 'Windows 10', '0', '登录成功', '2023-08-31 09:51:15');
INSERT INTO `sys_logininfor` VALUES (504, '李华', '127.0.0.1', '内网IP', 'Chrome 11', 'Windows 10', '0', '退出成功', '2023-08-31 09:52:36');
INSERT INTO `sys_logininfor` VALUES (505, 'admin', '127.0.0.1', '内网IP', 'Chrome 11', 'Windows 10', '0', '登录成功', '2023-08-31 09:52:38');
INSERT INTO `sys_logininfor` VALUES (506, 'admin', '127.0.0.1', '内网IP', 'Chrome 11', 'Windows 10', '0', '退出成功', '2023-08-31 09:53:02');
INSERT INTO `sys_logininfor` VALUES (507, 'admin', '127.0.0.1', '内网IP', 'Chrome 11', 'Windows 10', '0', '登录成功', '2023-08-31 09:53:04');
INSERT INTO `sys_logininfor` VALUES (508, 'admin', '127.0.0.1', '内网IP', 'Chrome 11', 'Windows 10', '0', '退出成功', '2023-08-31 09:53:07');
INSERT INTO `sys_logininfor` VALUES (509, '李华', '127.0.0.1', '内网IP', 'Chrome 11', 'Windows 10', '0', '登录成功', '2023-08-31 09:53:15');
INSERT INTO `sys_logininfor` VALUES (510, '李华', '127.0.0.1', '内网IP', 'Chrome 11', 'Windows 10', '0', '退出成功', '2023-08-31 10:08:04');
INSERT INTO `sys_logininfor` VALUES (511, 'admin', '127.0.0.1', '内网IP', 'Chrome 11', 'Windows 10', '0', '登录成功', '2023-08-31 10:08:06');
INSERT INTO `sys_logininfor` VALUES (512, 'admin', '127.0.0.1', '内网IP', 'Chrome 11', 'Windows 10', '0', '退出成功', '2023-08-31 10:08:50');
INSERT INTO `sys_logininfor` VALUES (513, 'admin', '127.0.0.1', '内网IP', 'Chrome 11', 'Windows 10', '0', '登录成功', '2023-08-31 10:08:51');
INSERT INTO `sys_logininfor` VALUES (514, 'admin', '127.0.0.1', '内网IP', 'Chrome 11', 'Windows 10', '0', '退出成功', '2023-08-31 10:08:56');
INSERT INTO `sys_logininfor` VALUES (515, '李华', '127.0.0.1', '内网IP', 'Chrome 11', 'Windows 10', '0', '登录成功', '2023-08-31 10:09:02');
INSERT INTO `sys_logininfor` VALUES (516, '李华', '127.0.0.1', '内网IP', 'Chrome 11', 'Windows 10', '0', '退出成功', '2023-08-31 10:09:34');
INSERT INTO `sys_logininfor` VALUES (517, '李华', '127.0.0.1', '内网IP', 'Chrome 11', 'Windows 10', '0', '登录成功', '2023-08-31 10:09:40');
INSERT INTO `sys_logininfor` VALUES (518, '李华', '127.0.0.1', '内网IP', 'Chrome 11', 'Windows 10', '0', '退出成功', '2023-08-31 10:09:47');
INSERT INTO `sys_logininfor` VALUES (519, 'admin', '127.0.0.1', '内网IP', 'Chrome 11', 'Windows 10', '0', '登录成功', '2023-08-31 10:09:49');
INSERT INTO `sys_logininfor` VALUES (520, 'admin', '127.0.0.1', '内网IP', 'Chrome 11', 'Windows 10', '0', '退出成功', '2023-08-31 10:10:15');
INSERT INTO `sys_logininfor` VALUES (521, '李华', '127.0.0.1', '内网IP', 'Chrome 11', 'Windows 10', '0', '登录成功', '2023-08-31 10:10:20');
INSERT INTO `sys_logininfor` VALUES (522, '李华', '127.0.0.1', '内网IP', 'Chrome 11', 'Windows 10', '0', '退出成功', '2023-08-31 10:17:41');
INSERT INTO `sys_logininfor` VALUES (523, 'admin', '127.0.0.1', '内网IP', 'Chrome 11', 'Windows 10', '0', '登录成功', '2023-08-31 10:17:43');
INSERT INTO `sys_logininfor` VALUES (524, 'admin', '127.0.0.1', '内网IP', 'Chrome 11', 'Windows 10', '0', '退出成功', '2023-08-31 10:18:02');
INSERT INTO `sys_logininfor` VALUES (525, '李华', '127.0.0.1', '内网IP', 'Chrome 11', 'Windows 10', '0', '登录成功', '2023-08-31 10:18:09');
INSERT INTO `sys_logininfor` VALUES (526, '李华', '127.0.0.1', '内网IP', 'Chrome 11', 'Windows 10', '0', '退出成功', '2023-08-31 10:30:01');
INSERT INTO `sys_logininfor` VALUES (527, 'admin', '127.0.0.1', '内网IP', 'Chrome 11', 'Windows 10', '0', '登录成功', '2023-08-31 10:30:03');
INSERT INTO `sys_logininfor` VALUES (528, 'admin', '127.0.0.1', '内网IP', 'Chrome 11', 'Windows 10', '0', '退出成功', '2023-08-31 10:33:25');
INSERT INTO `sys_logininfor` VALUES (529, '李华', '127.0.0.1', '内网IP', 'Chrome 11', 'Windows 10', '0', '登录成功', '2023-08-31 10:33:32');
INSERT INTO `sys_logininfor` VALUES (530, '李华', '127.0.0.1', '内网IP', 'Chrome 11', 'Windows 10', '0', '退出成功', '2023-08-31 10:46:03');
INSERT INTO `sys_logininfor` VALUES (531, 'admin', '127.0.0.1', '内网IP', 'Chrome 11', 'Windows 10', '0', '登录成功', '2023-08-31 10:46:05');
INSERT INTO `sys_logininfor` VALUES (532, 'admin', '127.0.0.1', '内网IP', 'Chrome 11', 'Windows 10', '0', '退出成功', '2023-08-31 10:47:00');
INSERT INTO `sys_logininfor` VALUES (533, '李华', '127.0.0.1', '内网IP', 'Chrome 11', 'Windows 10', '0', '登录成功', '2023-08-31 10:47:08');
INSERT INTO `sys_logininfor` VALUES (534, '李华', '127.0.0.1', '内网IP', 'Chrome 11', 'Windows 10', '0', '退出成功', '2023-08-31 10:49:10');
INSERT INTO `sys_logininfor` VALUES (535, '李华', '127.0.0.1', '内网IP', 'Chrome 11', 'Windows 10', '0', '登录成功', '2023-08-31 10:49:15');
INSERT INTO `sys_logininfor` VALUES (536, '李华', '127.0.0.1', '内网IP', 'Chrome 11', 'Windows 10', '0', '退出成功', '2023-08-31 10:59:31');
INSERT INTO `sys_logininfor` VALUES (537, 'admin', '127.0.0.1', '内网IP', 'Chrome 11', 'Windows 10', '0', '登录成功', '2023-08-31 10:59:33');
INSERT INTO `sys_logininfor` VALUES (538, 'admin', '127.0.0.1', '内网IP', 'Chrome 11', 'Windows 10', '0', '退出成功', '2023-08-31 11:01:29');
INSERT INTO `sys_logininfor` VALUES (539, '李华', '127.0.0.1', '内网IP', 'Chrome 11', 'Windows 10', '0', '登录成功', '2023-08-31 11:01:36');
INSERT INTO `sys_logininfor` VALUES (540, '李华', '127.0.0.1', '内网IP', 'Chrome 11', 'Windows 10', '0', '退出成功', '2023-08-31 11:08:21');
INSERT INTO `sys_logininfor` VALUES (541, 'admin', '127.0.0.1', '内网IP', 'Chrome 11', 'Windows 10', '0', '登录成功', '2023-08-31 11:08:23');
INSERT INTO `sys_logininfor` VALUES (542, 'admin', '127.0.0.1', '内网IP', 'Chrome 11', 'Windows 10', '0', '退出成功', '2023-08-31 11:09:29');
INSERT INTO `sys_logininfor` VALUES (543, '李华', '127.0.0.1', '内网IP', 'Chrome 11', 'Windows 10', '0', '登录成功', '2023-08-31 11:09:34');
INSERT INTO `sys_logininfor` VALUES (544, '李华', '127.0.0.1', '内网IP', 'Chrome 11', 'Windows 10', '0', '退出成功', '2023-08-31 11:12:21');
INSERT INTO `sys_logininfor` VALUES (545, 'admin', '127.0.0.1', '内网IP', 'Chrome 11', 'Windows 10', '0', '登录成功', '2023-08-31 11:12:24');
INSERT INTO `sys_logininfor` VALUES (546, 'admin', '127.0.0.1', '内网IP', 'Chrome 11', 'Windows 10', '0', '退出成功', '2023-08-31 11:36:44');
INSERT INTO `sys_logininfor` VALUES (547, '李四想', '127.0.0.1', '内网IP', 'Chrome 11', 'Windows 10', '0', '登录成功', '2023-08-31 11:36:50');
INSERT INTO `sys_logininfor` VALUES (548, '李四想', '127.0.0.1', '内网IP', 'Chrome 11', 'Windows 10', '0', '退出成功', '2023-08-31 11:37:10');
INSERT INTO `sys_logininfor` VALUES (549, 'admin', '127.0.0.1', '内网IP', 'Chrome 11', 'Windows 10', '0', '登录成功', '2023-08-31 11:37:13');
INSERT INTO `sys_logininfor` VALUES (550, 'admin', '127.0.0.1', '内网IP', 'Chrome 11', 'Windows 10', '0', '退出成功', '2023-08-31 11:43:18');
INSERT INTO `sys_logininfor` VALUES (551, '牛教师', '127.0.0.1', '内网IP', 'Chrome 11', 'Windows 10', '0', '登录成功', '2023-08-31 11:43:28');
INSERT INTO `sys_logininfor` VALUES (552, '牛教师', '127.0.0.1', '内网IP', 'Chrome 11', 'Windows 10', '0', '退出成功', '2023-08-31 11:43:40');
INSERT INTO `sys_logininfor` VALUES (553, 'admin', '127.0.0.1', '内网IP', 'Chrome 11', 'Windows 10', '0', '登录成功', '2023-08-31 11:43:42');
INSERT INTO `sys_logininfor` VALUES (554, 'admin', '127.0.0.1', '内网IP', 'Chrome 11', 'Windows 10', '0', '退出成功', '2023-08-31 11:48:07');
INSERT INTO `sys_logininfor` VALUES (555, '李华', '127.0.0.1', '内网IP', 'Chrome 11', 'Windows 10', '0', '登录成功', '2023-08-31 11:48:13');
INSERT INTO `sys_logininfor` VALUES (556, '李华', '127.0.0.1', '内网IP', 'Chrome 11', 'Windows 10', '0', '退出成功', '2023-08-31 11:48:26');
INSERT INTO `sys_logininfor` VALUES (557, '李华', '127.0.0.1', '内网IP', 'Chrome 11', 'Windows 10', '0', '登录成功', '2023-08-31 11:48:33');
INSERT INTO `sys_logininfor` VALUES (558, '李华', '127.0.0.1', '内网IP', 'Chrome 11', 'Windows 10', '0', '退出成功', '2023-08-31 11:48:38');
INSERT INTO `sys_logininfor` VALUES (559, '李华', '127.0.0.1', '内网IP', 'Chrome 11', 'Windows 10', '0', '登录成功', '2023-08-31 11:48:45');
INSERT INTO `sys_logininfor` VALUES (560, '李华', '127.0.0.1', '内网IP', 'Chrome 11', 'Windows 10', '0', '退出成功', '2023-08-31 11:48:58');
INSERT INTO `sys_logininfor` VALUES (561, 'admin', '127.0.0.1', '内网IP', 'Chrome 11', 'Windows 10', '0', '登录成功', '2023-08-31 11:49:00');
INSERT INTO `sys_logininfor` VALUES (562, 'admin', '127.0.0.1', '内网IP', 'Chrome 11', 'Windows 10', '0', '退出成功', '2023-08-31 11:52:44');
INSERT INTO `sys_logininfor` VALUES (563, '李华', '127.0.0.1', '内网IP', 'Chrome 11', 'Windows 10', '0', '登录成功', '2023-08-31 11:52:52');
INSERT INTO `sys_logininfor` VALUES (564, '李华', '127.0.0.1', '内网IP', 'Chrome 11', 'Windows 10', '0', '退出成功', '2023-08-31 11:53:18');
INSERT INTO `sys_logininfor` VALUES (565, 'admin', '127.0.0.1', '内网IP', 'Chrome 11', 'Windows 10', '0', '登录成功', '2023-08-31 11:53:19');
INSERT INTO `sys_logininfor` VALUES (566, 'admin', '127.0.0.1', '内网IP', 'Chrome 11', 'Windows 10', '0', '退出成功', '2023-08-31 11:59:14');
INSERT INTO `sys_logininfor` VALUES (567, '李华', '127.0.0.1', '内网IP', 'Chrome 11', 'Windows 10', '0', '登录成功', '2023-08-31 11:59:20');
INSERT INTO `sys_logininfor` VALUES (568, '李华', '127.0.0.1', '内网IP', 'Chrome 11', 'Windows 10', '0', '退出成功', '2023-08-31 11:59:59');
INSERT INTO `sys_logininfor` VALUES (569, 'admin', '127.0.0.1', '内网IP', 'Chrome 11', 'Windows 10', '0', '登录成功', '2023-08-31 12:00:10');
INSERT INTO `sys_logininfor` VALUES (570, 'admin', '127.0.0.1', '内网IP', 'Chrome 11', 'Windows 10', '0', '退出成功', '2023-08-31 12:03:55');
INSERT INTO `sys_logininfor` VALUES (571, '李华', '127.0.0.1', '内网IP', 'Chrome 11', 'Windows 10', '0', '登录成功', '2023-08-31 12:04:03');
INSERT INTO `sys_logininfor` VALUES (572, '李华', '127.0.0.1', '内网IP', 'Chrome 11', 'Windows 10', '0', '退出成功', '2023-08-31 12:06:16');
INSERT INTO `sys_logininfor` VALUES (573, 'admin', '127.0.0.1', '内网IP', 'Chrome 11', 'Windows 10', '0', '登录成功', '2023-08-31 12:06:20');
INSERT INTO `sys_logininfor` VALUES (574, 'admin', '127.0.0.1', '内网IP', 'Chrome 11', 'Windows 10', '0', '退出成功', '2023-08-31 12:07:04');
INSERT INTO `sys_logininfor` VALUES (575, '赵孟硕', '127.0.0.1', '内网IP', 'Chrome 11', 'Windows 10', '0', '登录成功', '2023-08-31 12:07:10');
INSERT INTO `sys_logininfor` VALUES (576, 'admin', '127.0.0.1', '内网IP', 'Chrome 11', 'Windows 10', '0', '登录成功', '2023-08-31 13:22:02');
INSERT INTO `sys_logininfor` VALUES (577, 'admin', '127.0.0.1', '内网IP', 'Chrome 11', 'Windows 10', '0', '退出成功', '2023-08-31 13:23:25');
INSERT INTO `sys_logininfor` VALUES (578, '赵孟硕', '127.0.0.1', '内网IP', 'Chrome 11', 'Windows 10', '0', '登录成功', '2023-08-31 13:23:32');
INSERT INTO `sys_logininfor` VALUES (579, 'admin', '127.0.0.1', '内网IP', 'Chrome 11', 'Windows 10', '0', '登录成功', '2023-08-31 13:55:19');
INSERT INTO `sys_logininfor` VALUES (580, 'admin', '127.0.0.1', '内网IP', 'Chrome 11', 'Windows 10', '0', '退出成功', '2023-08-31 13:58:17');
INSERT INTO `sys_logininfor` VALUES (581, '赵孟硕', '127.0.0.1', '内网IP', 'Chrome 11', 'Windows 10', '0', '登录成功', '2023-08-31 13:58:36');
INSERT INTO `sys_logininfor` VALUES (582, '赵孟硕', '127.0.0.1', '内网IP', 'Chrome 11', 'Windows 10', '0', '退出成功', '2023-08-31 14:00:48');
INSERT INTO `sys_logininfor` VALUES (583, 'admin', '127.0.0.1', '内网IP', 'Chrome 11', 'Windows 10', '1', '用户不存在/密码错误', '2023-08-31 14:01:04');
INSERT INTO `sys_logininfor` VALUES (584, 'admin', '127.0.0.1', '内网IP', 'Chrome 11', 'Windows 10', '1', '密码输入错误1次', '2023-08-31 14:01:04');
INSERT INTO `sys_logininfor` VALUES (585, 'admin', '127.0.0.1', '内网IP', 'Chrome 11', 'Windows 10', '0', '登录成功', '2023-08-31 14:01:10');
INSERT INTO `sys_logininfor` VALUES (586, 'admin', '127.0.0.1', '内网IP', 'Chrome 11', 'Windows 10', '0', '退出成功', '2023-08-31 14:19:52');
INSERT INTO `sys_logininfor` VALUES (587, '赵孟硕', '127.0.0.1', '内网IP', 'Chrome 11', 'Windows 10', '0', '登录成功', '2023-08-31 14:20:02');
INSERT INTO `sys_logininfor` VALUES (588, '赵孟硕', '127.0.0.1', '内网IP', 'Chrome 11', 'Windows 10', '0', '退出成功', '2023-08-31 14:20:39');
INSERT INTO `sys_logininfor` VALUES (589, 'admin', '127.0.0.1', '内网IP', 'Chrome 11', 'Windows 10', '0', '登录成功', '2023-08-31 14:20:47');
INSERT INTO `sys_logininfor` VALUES (590, 'admin', '127.0.0.1', '内网IP', 'Chrome 11', 'Windows 10', '0', '退出成功', '2023-08-31 14:44:38');
INSERT INTO `sys_logininfor` VALUES (591, '赵孟硕', '127.0.0.1', '内网IP', 'Chrome 11', 'Windows 10', '0', '登录成功', '2023-08-31 14:44:50');
INSERT INTO `sys_logininfor` VALUES (592, '赵孟硕', '127.0.0.1', '内网IP', 'Chrome 11', 'Windows 10', '0', '退出成功', '2023-08-31 14:45:04');
INSERT INTO `sys_logininfor` VALUES (593, 'admin', '127.0.0.1', '内网IP', 'Chrome 11', 'Windows 10', '0', '登录成功', '2023-08-31 14:45:13');
INSERT INTO `sys_logininfor` VALUES (594, 'admin', '127.0.0.1', '内网IP', 'Chrome 11', 'Windows 10', '0', '登录成功', '2023-08-31 15:01:38');
INSERT INTO `sys_logininfor` VALUES (595, 'admin', '127.0.0.1', '内网IP', 'Chrome 11', 'Windows 10', '0', '登录成功', '2023-08-31 15:35:06');
INSERT INTO `sys_logininfor` VALUES (596, 'admin', '127.0.0.1', '内网IP', 'Chrome 11', 'Windows 10', '0', '退出成功', '2023-08-31 17:02:41');
INSERT INTO `sys_logininfor` VALUES (597, '赵孟硕', '127.0.0.1', '内网IP', 'Chrome 11', 'Windows 10', '0', '登录成功', '2023-08-31 17:02:56');
INSERT INTO `sys_logininfor` VALUES (598, '赵孟硕', '127.0.0.1', '内网IP', 'Chrome 11', 'Windows 10', '0', '退出成功', '2023-08-31 17:03:38');
INSERT INTO `sys_logininfor` VALUES (599, 'admin', '127.0.0.1', '内网IP', 'Chrome 11', 'Windows 10', '0', '登录成功', '2023-08-31 17:03:47');
INSERT INTO `sys_logininfor` VALUES (600, 'admin', '127.0.0.1', '内网IP', 'Chrome 11', 'Windows 10', '0', '登录成功', '2023-08-31 17:36:10');
INSERT INTO `sys_logininfor` VALUES (601, 'admin', '127.0.0.1', '内网IP', 'Chrome 11', 'Windows 10', '0', '登录成功', '2023-08-31 18:06:26');
INSERT INTO `sys_logininfor` VALUES (602, 'admin', '127.0.0.1', '内网IP', 'Chrome 11', 'Windows 10', '0', '登录成功', '2023-08-31 18:41:40');
INSERT INTO `sys_logininfor` VALUES (603, 'admin', '127.0.0.1', '内网IP', 'Chrome 11', 'Windows 10', '0', '登录成功', '2023-08-31 18:50:13');
INSERT INTO `sys_logininfor` VALUES (604, 'admin', '127.0.0.1', '内网IP', 'Chrome 11', 'Windows 10', '0', '登录成功', '2023-08-31 18:55:52');
INSERT INTO `sys_logininfor` VALUES (605, 'admin', '127.0.0.1', '内网IP', 'Chrome 11', 'Windows 10', '0', '退出成功', '2023-08-31 19:10:00');
INSERT INTO `sys_logininfor` VALUES (606, '牛教师', '127.0.0.1', '内网IP', 'Chrome 11', 'Windows 10', '0', '登录成功', '2023-08-31 19:10:22');
INSERT INTO `sys_logininfor` VALUES (607, '牛教师', '127.0.0.1', '内网IP', 'Chrome 11', 'Windows 10', '0', '退出成功', '2023-08-31 19:10:45');
INSERT INTO `sys_logininfor` VALUES (608, 'admin', '127.0.0.1', '内网IP', 'Chrome 11', 'Windows 10', '0', '登录成功', '2023-08-31 19:11:17');
INSERT INTO `sys_logininfor` VALUES (609, 'admin', '127.0.0.1', '内网IP', 'Chrome 11', 'Windows 10', '0', '退出成功', '2023-08-31 19:11:44');
INSERT INTO `sys_logininfor` VALUES (610, '学校管理员', '127.0.0.1', '内网IP', 'Chrome 11', 'Windows 10', '0', '登录成功', '2023-08-31 19:12:03');
INSERT INTO `sys_logininfor` VALUES (611, '学校管理员', '127.0.0.1', '内网IP', 'Chrome 11', 'Windows 10', '0', '登录成功', '2023-08-31 20:08:53');
INSERT INTO `sys_logininfor` VALUES (612, '学校管理员', '127.0.0.1', '内网IP', 'Chrome 11', 'Windows 10', '0', '登录成功', '2023-08-31 20:09:41');
INSERT INTO `sys_logininfor` VALUES (613, '学校管理员', '127.0.0.1', '内网IP', 'Chrome 11', 'Windows 10', '0', '登录成功', '2023-08-31 20:12:01');
INSERT INTO `sys_logininfor` VALUES (614, 'admin', '127.0.0.1', '内网IP', 'Chrome 11', 'Windows 10', '0', '登录成功', '2023-08-31 20:14:17');
INSERT INTO `sys_logininfor` VALUES (615, 'admin', '127.0.0.1', '内网IP', 'Chrome 11', 'Windows 10', '0', '登录成功', '2023-08-31 20:20:23');
INSERT INTO `sys_logininfor` VALUES (616, 'admin', '127.0.0.1', '内网IP', 'Chrome 11', 'Windows 10', '0', '登录成功', '2023-08-31 20:23:29');
INSERT INTO `sys_logininfor` VALUES (617, 'admin', '127.0.0.1', '内网IP', 'Chrome 11', 'Windows 10', '0', '退出成功', '2023-08-31 20:24:26');
INSERT INTO `sys_logininfor` VALUES (618, '学院管理员', '127.0.0.1', '内网IP', 'Chrome 11', 'Windows 10', '1', '用户不存在/密码错误', '2023-08-31 20:24:34');
INSERT INTO `sys_logininfor` VALUES (619, '学院管理员', '127.0.0.1', '内网IP', 'Chrome 11', 'Windows 10', '1', '密码输入错误1次', '2023-08-31 20:24:34');
INSERT INTO `sys_logininfor` VALUES (620, '学院管理员', '127.0.0.1', '内网IP', 'Chrome 11', 'Windows 10', '0', '登录成功', '2023-08-31 20:24:38');
INSERT INTO `sys_logininfor` VALUES (621, '学院管理员', '127.0.0.1', '内网IP', 'Chrome 11', 'Windows 10', '0', '登录成功', '2023-08-31 20:27:52');
INSERT INTO `sys_logininfor` VALUES (622, '学院管理员', '127.0.0.1', '内网IP', 'Chrome 11', 'Windows 10', '0', '登录成功', '2023-08-31 23:08:12');
INSERT INTO `sys_logininfor` VALUES (623, '学院管理员', '127.0.0.1', '内网IP', 'Chrome 11', 'Windows 10', '0', '退出成功', '2023-08-31 23:23:06');
INSERT INTO `sys_logininfor` VALUES (624, 'admin', '127.0.0.1', '内网IP', 'Chrome 11', 'Windows 10', '0', '登录成功', '2023-08-31 23:23:16');
INSERT INTO `sys_logininfor` VALUES (625, 'admin', '127.0.0.1', '内网IP', 'Chrome 11', 'Windows 10', '0', '登录成功', '2023-09-01 00:47:27');
INSERT INTO `sys_logininfor` VALUES (626, 'admin', '127.0.0.1', '内网IP', 'Chrome 11', 'Windows 10', '0', '登录成功', '2023-09-01 10:37:53');
INSERT INTO `sys_logininfor` VALUES (627, 'admin', '127.0.0.1', '内网IP', 'Chrome 11', 'Windows 10', '0', '退出成功', '2023-09-01 10:41:46');
INSERT INTO `sys_logininfor` VALUES (628, '赵孟硕', '127.0.0.1', '内网IP', 'Chrome 11', 'Windows 10', '0', '登录成功', '2023-09-01 10:41:56');
INSERT INTO `sys_logininfor` VALUES (629, '赵孟硕', '127.0.0.1', '内网IP', 'Chrome 11', 'Windows 10', '0', '退出成功', '2023-09-01 10:42:24');
INSERT INTO `sys_logininfor` VALUES (630, 'admin', '127.0.0.1', '内网IP', 'Chrome 11', 'Windows 10', '0', '登录成功', '2023-09-01 10:42:34');
INSERT INTO `sys_logininfor` VALUES (631, 'admin', '127.0.0.1', '内网IP', 'Chrome 11', 'Windows 10', '0', '登录成功', '2023-09-01 11:34:33');
INSERT INTO `sys_logininfor` VALUES (632, 'admin', '127.0.0.1', '内网IP', 'Chrome 11', 'Windows 10', '0', '登录成功', '2023-09-01 17:03:55');
INSERT INTO `sys_logininfor` VALUES (633, 'admin', '127.0.0.1', '内网IP', 'Chrome 11', 'Windows 10', '0', '登录成功', '2023-09-01 23:56:04');
INSERT INTO `sys_logininfor` VALUES (634, 'admin', '127.0.0.1', '内网IP', 'Chrome 11', 'Windows 10', '0', '登录成功', '2023-09-02 17:26:32');
INSERT INTO `sys_logininfor` VALUES (635, 'admin', '127.0.0.1', '内网IP', 'Chrome 11', 'Windows 10', '0', '退出成功', '2023-09-02 17:26:38');
INSERT INTO `sys_logininfor` VALUES (636, 'admin', '127.0.0.1', '内网IP', 'Chrome 11', 'Windows 10', '0', '登录成功', '2023-09-02 17:26:58');
INSERT INTO `sys_logininfor` VALUES (637, 'admin', '127.0.0.1', '内网IP', 'Chrome 11', 'Windows 10', '0', '退出成功', '2023-09-02 17:40:25');
INSERT INTO `sys_logininfor` VALUES (638, '赵孟硕', '127.0.0.1', '内网IP', 'Chrome 11', 'Windows 10', '0', '登录成功', '2023-09-02 17:40:36');
INSERT INTO `sys_logininfor` VALUES (639, '赵孟硕', '127.0.0.1', '内网IP', 'Chrome 11', 'Windows 10', '0', '退出成功', '2023-09-02 17:41:43');
INSERT INTO `sys_logininfor` VALUES (640, '学生一', '127.0.0.1', '内网IP', 'Chrome 11', 'Windows 10', '1', '用户不存在/密码错误', '2023-09-02 17:41:54');
INSERT INTO `sys_logininfor` VALUES (641, '学生一', '127.0.0.1', '内网IP', 'Chrome 11', 'Windows 10', '1', '用户不存在/密码错误', '2023-09-02 17:42:00');
INSERT INTO `sys_logininfor` VALUES (642, '学生一', '127.0.0.1', '内网IP', 'Chrome 11', 'Windows 10', '1', '用户不存在/密码错误', '2023-09-02 17:42:05');
INSERT INTO `sys_logininfor` VALUES (643, '学生一', '127.0.0.1', '内网IP', 'Chrome 11', 'Windows 10', '1', '用户不存在/密码错误', '2023-09-02 17:42:12');
INSERT INTO `sys_logininfor` VALUES (644, 'admin', '127.0.0.1', '内网IP', 'Chrome 11', 'Windows 10', '0', '登录成功', '2023-09-02 17:42:21');
INSERT INTO `sys_logininfor` VALUES (645, 'admin', '127.0.0.1', '内网IP', 'Chrome 11', 'Windows 10', '0', '退出成功', '2023-09-02 17:43:23');
INSERT INTO `sys_logininfor` VALUES (646, '学生一', '127.0.0.1', '内网IP', 'Chrome 11', 'Windows 10', '0', '登录成功', '2023-09-02 17:43:35');
INSERT INTO `sys_logininfor` VALUES (647, '学生一', '127.0.0.1', '内网IP', 'Chrome 11', 'Windows 10', '0', '退出成功', '2023-09-02 17:43:44');
INSERT INTO `sys_logininfor` VALUES (648, '学生一', '127.0.0.1', '内网IP', 'Chrome 11', 'Windows 10', '0', '登录成功', '2023-09-02 17:43:52');
INSERT INTO `sys_logininfor` VALUES (649, '学生一', '127.0.0.1', '内网IP', 'Chrome 11', 'Windows 10', '0', '退出成功', '2023-09-02 17:44:02');
INSERT INTO `sys_logininfor` VALUES (650, 'admin', '127.0.0.1', '内网IP', 'Chrome 11', 'Windows 10', '0', '登录成功', '2023-09-02 17:44:13');
INSERT INTO `sys_logininfor` VALUES (651, 'admin', '127.0.0.1', '内网IP', 'Chrome 11', 'Windows 10', '0', '退出成功', '2023-09-02 17:44:44');
INSERT INTO `sys_logininfor` VALUES (652, '学生一', '127.0.0.1', '内网IP', 'Chrome 11', 'Windows 10', '0', '登录成功', '2023-09-02 17:45:04');
INSERT INTO `sys_logininfor` VALUES (653, '学生一', '127.0.0.1', '内网IP', 'Chrome 11', 'Windows 10', '0', '退出成功', '2023-09-02 17:45:45');
INSERT INTO `sys_logininfor` VALUES (654, 'admin', '127.0.0.1', '内网IP', 'Chrome 11', 'Windows 10', '0', '登录成功', '2023-09-02 17:45:55');
INSERT INTO `sys_logininfor` VALUES (655, 'admin', '127.0.0.1', '内网IP', 'Chrome 11', 'Windows 10', '0', '登录成功', '2023-09-02 22:56:06');
INSERT INTO `sys_logininfor` VALUES (656, 'admin', '127.0.0.1', '内网IP', 'Chrome 11', 'Windows 10', '0', '登录成功', '2023-09-03 07:15:38');
INSERT INTO `sys_logininfor` VALUES (657, 'admin', '127.0.0.1', '内网IP', 'Chrome 11', 'Windows 10', '0', '退出成功', '2023-09-03 07:49:37');
INSERT INTO `sys_logininfor` VALUES (658, 'admin', '127.0.0.1', '内网IP', 'Chrome 11', 'Windows 10', '0', '登录成功', '2023-09-03 07:49:48');
INSERT INTO `sys_logininfor` VALUES (659, 'admin', '127.0.0.1', '内网IP', 'Chrome 11', 'Windows 10', '0', '退出成功', '2023-09-03 07:50:16');
INSERT INTO `sys_logininfor` VALUES (660, '教师一', '127.0.0.1', '内网IP', 'Chrome 11', 'Windows 10', '0', '登录成功', '2023-09-03 07:50:33');
INSERT INTO `sys_logininfor` VALUES (661, '教师一', '127.0.0.1', '内网IP', 'Chrome 11', 'Windows 10', '0', '退出成功', '2023-09-03 07:51:26');
INSERT INTO `sys_logininfor` VALUES (662, '学院管理员', '127.0.0.1', '内网IP', 'Chrome 11', 'Windows 10', '0', '登录成功', '2023-09-03 07:51:35');
INSERT INTO `sys_logininfor` VALUES (663, '学院管理员', '127.0.0.1', '内网IP', 'Chrome 11', 'Windows 10', '0', '退出成功', '2023-09-03 07:52:26');
INSERT INTO `sys_logininfor` VALUES (664, '学校管理员', '127.0.0.1', '内网IP', 'Chrome 11', 'Windows 10', '0', '登录成功', '2023-09-03 07:52:35');
INSERT INTO `sys_logininfor` VALUES (665, '学校管理员', '127.0.0.1', '内网IP', 'Chrome 11', 'Windows 10', '0', '退出成功', '2023-09-03 07:52:43');
INSERT INTO `sys_logininfor` VALUES (666, 'admin', '127.0.0.1', '内网IP', 'Chrome 11', 'Windows 10', '0', '登录成功', '2023-09-03 07:52:51');
INSERT INTO `sys_logininfor` VALUES (667, 'admin', '127.0.0.1', '内网IP', 'Chrome 11', 'Windows 10', '0', '登录成功', '2023-09-03 08:37:18');
INSERT INTO `sys_logininfor` VALUES (668, 'admin', '127.0.0.1', '内网IP', 'Chrome 11', 'Windows 10', '0', '登录成功', '2023-09-03 13:04:54');
INSERT INTO `sys_logininfor` VALUES (669, 'admin', '127.0.0.1', '内网IP', 'Chrome 11', 'Windows 10', '0', '登录成功', '2023-09-03 13:40:09');
INSERT INTO `sys_logininfor` VALUES (670, 'admin', '127.0.0.1', '内网IP', 'Chrome 11', 'Windows 10', '0', '登录成功', '2023-09-03 21:54:31');
INSERT INTO `sys_logininfor` VALUES (671, 'admin', '127.0.0.1', '内网IP', 'Chrome 11', 'Windows 10', '0', '登录成功', '2023-09-04 19:39:28');
INSERT INTO `sys_logininfor` VALUES (672, 'admin', '127.0.0.1', '内网IP', 'Chrome 11', 'Windows 10', '0', '退出成功', '2023-09-04 19:44:18');
INSERT INTO `sys_logininfor` VALUES (673, '学生一', '127.0.0.1', '内网IP', 'Chrome 11', 'Windows 10', '0', '登录成功', '2023-09-04 19:44:28');
INSERT INTO `sys_logininfor` VALUES (674, '学生一', '127.0.0.1', '内网IP', 'Chrome 11', 'Windows 10', '0', '退出成功', '2023-09-04 19:44:55');
INSERT INTO `sys_logininfor` VALUES (675, 'admin', '127.0.0.1', '内网IP', 'Chrome 11', 'Windows 10', '0', '登录成功', '2023-09-04 19:45:04');
INSERT INTO `sys_logininfor` VALUES (676, 'admin', '127.0.0.1', '内网IP', 'Chrome 11', 'Windows 10', '0', '退出成功', '2023-09-04 19:47:32');
INSERT INTO `sys_logininfor` VALUES (677, '学院管理员', '127.0.0.1', '内网IP', 'Chrome 11', 'Windows 10', '0', '登录成功', '2023-09-04 19:47:59');
INSERT INTO `sys_logininfor` VALUES (678, '学院管理员', '127.0.0.1', '内网IP', 'Chrome 11', 'Windows 10', '0', '登录成功', '2023-09-05 12:43:33');
INSERT INTO `sys_logininfor` VALUES (679, '学院管理员', '127.0.0.1', '内网IP', 'Chrome 11', 'Windows 10', '0', '退出成功', '2023-09-05 12:53:23');
INSERT INTO `sys_logininfor` VALUES (680, '学生一', '127.0.0.1', '内网IP', 'Chrome 11', 'Windows 10', '0', '登录成功', '2023-09-05 12:53:31');
INSERT INTO `sys_logininfor` VALUES (681, '学生一', '127.0.0.1', '内网IP', 'Chrome 11', 'Windows 10', '0', '退出成功', '2023-09-05 13:18:23');
INSERT INTO `sys_logininfor` VALUES (682, '学生一', '127.0.0.1', '内网IP', 'Chrome 11', 'Windows 10', '0', '登录成功', '2023-09-05 13:24:06');
INSERT INTO `sys_logininfor` VALUES (683, '学生一', '127.0.0.1', '内网IP', 'Chrome 11', 'Windows 10', '0', '退出成功', '2023-09-05 13:28:35');
INSERT INTO `sys_logininfor` VALUES (684, 'admin', '127.0.0.1', '内网IP', 'Chrome 11', 'Windows 10', '0', '登录成功', '2023-09-05 13:28:50');
INSERT INTO `sys_logininfor` VALUES (685, 'admin', '127.0.0.1', '内网IP', 'Chrome 11', 'Windows 10', '0', '登录成功', '2023-09-05 19:23:57');
INSERT INTO `sys_logininfor` VALUES (686, 'admin', '127.0.0.1', '内网IP', 'Chrome 11', 'Windows 10', '0', '退出成功', '2023-09-05 20:07:37');
INSERT INTO `sys_logininfor` VALUES (687, '学生一', '127.0.0.1', '内网IP', 'Chrome 11', 'Windows 10', '0', '登录成功', '2023-09-05 20:07:49');
INSERT INTO `sys_logininfor` VALUES (688, '学生一', '127.0.0.1', '内网IP', 'Chrome 11', 'Windows 10', '0', '退出成功', '2023-09-05 20:16:01');
INSERT INTO `sys_logininfor` VALUES (689, 'admin', '127.0.0.1', '内网IP', 'Chrome 11', 'Windows 10', '0', '登录成功', '2023-09-05 20:16:10');
INSERT INTO `sys_logininfor` VALUES (690, 'admin', '127.0.0.1', '内网IP', 'Chrome 11', 'Windows 10', '0', '退出成功', '2023-09-05 20:28:53');
INSERT INTO `sys_logininfor` VALUES (691, 'admin', '127.0.0.1', '内网IP', 'Chrome 11', 'Windows 10', '0', '登录成功', '2023-09-05 20:29:16');
INSERT INTO `sys_logininfor` VALUES (692, 'admin', '127.0.0.1', '内网IP', 'Chrome 11', 'Windows 10', '0', '退出成功', '2023-09-05 20:33:27');
INSERT INTO `sys_logininfor` VALUES (693, '学生一', '127.0.0.1', '内网IP', 'Chrome 11', 'Windows 10', '0', '登录成功', '2023-09-05 20:33:37');
INSERT INTO `sys_logininfor` VALUES (694, '学生一', '127.0.0.1', '内网IP', 'Chrome 11', 'Windows 10', '0', '登录成功', '2023-09-05 20:48:50');
INSERT INTO `sys_logininfor` VALUES (695, '学生一', '127.0.0.1', '内网IP', 'Chrome 11', 'Windows 10', '0', '登录成功', '2023-09-05 21:22:40');
INSERT INTO `sys_logininfor` VALUES (696, 'admin', '127.0.0.1', '内网IP', 'Chrome 11', 'Windows 10', '0', '登录成功', '2023-09-05 23:05:22');
INSERT INTO `sys_logininfor` VALUES (697, 'admin', '127.0.0.1', '内网IP', 'Chrome 11', 'Windows 10', '0', '退出成功', '2023-09-05 23:22:32');
INSERT INTO `sys_logininfor` VALUES (698, '李四', '127.0.0.1', '内网IP', 'Chrome 11', 'Windows 10', '0', '登录成功', '2023-09-05 23:22:37');
INSERT INTO `sys_logininfor` VALUES (699, '李四', '127.0.0.1', '内网IP', 'Chrome 11', 'Windows 10', '0', '退出成功', '2023-09-05 23:24:35');
INSERT INTO `sys_logininfor` VALUES (700, '学生一', '127.0.0.1', '内网IP', 'Chrome 11', 'Windows 10', '0', '登录成功', '2023-09-05 23:24:48');
INSERT INTO `sys_logininfor` VALUES (701, '学生一', '127.0.0.1', '内网IP', 'Chrome 11', 'Windows 10', '0', '退出成功', '2023-09-05 23:28:06');
INSERT INTO `sys_logininfor` VALUES (702, 'admin', '127.0.0.1', '内网IP', 'Chrome 11', 'Windows 10', '0', '登录成功', '2023-09-05 23:28:08');
INSERT INTO `sys_logininfor` VALUES (703, 'admin', '127.0.0.1', '内网IP', 'Chrome 11', 'Windows 10', '0', '登录成功', '2023-09-06 13:04:05');
INSERT INTO `sys_logininfor` VALUES (704, 'admin', '127.0.0.1', '内网IP', 'Chrome 11', 'Windows 10', '0', '登录成功', '2023-09-07 12:37:00');
INSERT INTO `sys_logininfor` VALUES (705, 'admin', '127.0.0.1', '内网IP', 'Chrome 11', 'Windows 10', '0', '退出成功', '2023-09-07 12:52:18');
INSERT INTO `sys_logininfor` VALUES (706, '学生一', '127.0.0.1', '内网IP', 'Chrome 11', 'Windows 10', '0', '登录成功', '2023-09-07 12:52:28');
INSERT INTO `sys_logininfor` VALUES (707, '学生一', '127.0.0.1', '内网IP', 'Chrome 11', 'Windows 10', '0', '退出成功', '2023-09-07 12:54:46');
INSERT INTO `sys_logininfor` VALUES (708, '牛教师', '127.0.0.1', '内网IP', 'Chrome 11', 'Windows 10', '0', '登录成功', '2023-09-07 12:55:58');
INSERT INTO `sys_logininfor` VALUES (709, '牛教师', '127.0.0.1', '内网IP', 'Chrome 11', 'Windows 10', '0', '退出成功', '2023-09-07 12:59:09');
INSERT INTO `sys_logininfor` VALUES (710, 'admin', '127.0.0.1', '内网IP', 'Chrome 11', 'Windows 10', '0', '登录成功', '2023-09-07 12:59:35');
INSERT INTO `sys_logininfor` VALUES (711, 'admin', '127.0.0.1', '内网IP', 'Chrome 11', 'Windows 10', '0', '退出成功', '2023-09-07 13:00:06');
INSERT INTO `sys_logininfor` VALUES (712, '李华', '127.0.0.1', '内网IP', 'Chrome 11', 'Windows 10', '0', '登录成功', '2023-09-07 13:00:12');
INSERT INTO `sys_logininfor` VALUES (713, '李华', '127.0.0.1', '内网IP', 'Chrome 11', 'Windows 10', '0', '退出成功', '2023-09-07 13:00:56');
INSERT INTO `sys_logininfor` VALUES (714, '李四想', '127.0.0.1', '内网IP', 'Chrome 11', 'Windows 10', '1', '用户不存在/密码错误', '2023-09-07 13:01:10');
INSERT INTO `sys_logininfor` VALUES (715, '李四想', '127.0.0.1', '内网IP', 'Chrome 11', 'Windows 10', '1', '用户不存在/密码错误', '2023-09-07 13:01:12');
INSERT INTO `sys_logininfor` VALUES (716, '李四想', '127.0.0.1', '内网IP', 'Chrome 11', 'Windows 10', '1', '用户不存在/密码错误', '2023-09-07 13:01:21');
INSERT INTO `sys_logininfor` VALUES (717, '李四想', '127.0.0.1', '内网IP', 'Chrome 11', 'Windows 10', '1', '用户不存在/密码错误', '2023-09-07 13:01:25');
INSERT INTO `sys_logininfor` VALUES (718, 'admin', '127.0.0.1', '内网IP', 'Chrome 11', 'Windows 10', '1', '密码输入错误1次', '2023-09-07 13:01:35');
INSERT INTO `sys_logininfor` VALUES (719, 'admin', '127.0.0.1', '内网IP', 'Chrome 11', 'Windows 10', '1', '用户不存在/密码错误', '2023-09-07 13:01:35');
INSERT INTO `sys_logininfor` VALUES (720, 'admin', '127.0.0.1', '内网IP', 'Chrome 11', 'Windows 10', '0', '登录成功', '2023-09-07 13:01:55');
INSERT INTO `sys_logininfor` VALUES (721, 'admin', '127.0.0.1', '内网IP', 'Chrome 11', 'Windows 10', '0', '退出成功', '2023-09-07 13:04:24');
INSERT INTO `sys_logininfor` VALUES (722, '学院管理员', '127.0.0.1', '内网IP', 'Chrome 11', 'Windows 10', '0', '登录成功', '2023-09-07 13:04:30');
INSERT INTO `sys_logininfor` VALUES (723, '学院管理员', '127.0.0.1', '内网IP', 'Chrome 11', 'Windows 10', '0', '退出成功', '2023-09-07 13:05:30');
INSERT INTO `sys_logininfor` VALUES (724, 'admin', '127.0.0.1', '内网IP', 'Chrome 11', 'Windows 10', '0', '登录成功', '2023-09-07 13:05:32');
INSERT INTO `sys_logininfor` VALUES (725, 'admin', '127.0.0.1', '内网IP', 'Chrome 11', 'Windows 10', '0', '退出成功', '2023-09-07 13:06:08');
INSERT INTO `sys_logininfor` VALUES (726, '学校管理员', '127.0.0.1', '内网IP', 'Chrome 11', 'Windows 10', '0', '登录成功', '2023-09-07 13:06:16');
INSERT INTO `sys_logininfor` VALUES (727, '学校管理员', '127.0.0.1', '内网IP', 'Chrome 11', 'Windows 10', '0', '退出成功', '2023-09-07 13:06:32');
INSERT INTO `sys_logininfor` VALUES (728, 'admin', '127.0.0.1', '内网IP', 'Chrome 11', 'Windows 10', '0', '登录成功', '2023-09-07 13:06:34');
INSERT INTO `sys_logininfor` VALUES (729, 'admin', '127.0.0.1', '内网IP', 'Chrome 11', 'Windows 10', '0', '退出成功', '2023-09-07 13:07:04');
INSERT INTO `sys_logininfor` VALUES (730, '学院', '127.0.0.1', '内网IP', 'Chrome 11', 'Windows 10', '0', '登录成功', '2023-09-07 13:07:10');
INSERT INTO `sys_logininfor` VALUES (731, '学院', '127.0.0.1', '内网IP', 'Chrome 11', 'Windows 10', '0', '退出成功', '2023-09-07 13:07:56');
INSERT INTO `sys_logininfor` VALUES (732, 'admin', '127.0.0.1', '内网IP', 'Chrome 11', 'Windows 10', '0', '登录成功', '2023-09-07 13:07:59');
INSERT INTO `sys_logininfor` VALUES (733, 'admin', '127.0.0.1', '内网IP', 'Chrome 11', 'Windows 10', '0', '退出成功', '2023-09-07 13:27:57');
INSERT INTO `sys_logininfor` VALUES (734, '学院管理员', '127.0.0.1', '内网IP', 'Chrome 11', 'Windows 10', '0', '登录成功', '2023-09-07 13:28:06');
INSERT INTO `sys_logininfor` VALUES (735, '学院管理员', '127.0.0.1', '内网IP', 'Chrome 11', 'Windows 10', '0', '退出成功', '2023-09-07 13:29:49');
INSERT INTO `sys_logininfor` VALUES (736, 'admin', '127.0.0.1', '内网IP', 'Chrome 11', 'Windows 10', '0', '登录成功', '2023-09-07 13:29:51');

-- ----------------------------
-- Table structure for sys_menu
-- ----------------------------
DROP TABLE IF EXISTS `sys_menu`;
CREATE TABLE `sys_menu`  (
  `menu_id` bigint NOT NULL AUTO_INCREMENT COMMENT '菜单ID',
  `menu_name` varchar(50) CHARACTER SET utf8mb3 COLLATE utf8mb3_unicode_ci NOT NULL COMMENT '菜单名称',
  `parent_id` bigint NULL DEFAULT 0 COMMENT '父菜单ID',
  `order_num` int NULL DEFAULT 0 COMMENT '显示顺序',
  `path` varchar(200) CHARACTER SET utf8mb3 COLLATE utf8mb3_unicode_ci NULL DEFAULT '' COMMENT '路由地址',
  `component` varchar(255) CHARACTER SET utf8mb3 COLLATE utf8mb3_unicode_ci NULL DEFAULT NULL COMMENT '组件路径',
  `query` varchar(255) CHARACTER SET utf8mb3 COLLATE utf8mb3_unicode_ci NULL DEFAULT NULL COMMENT '路由参数',
  `is_frame` int NULL DEFAULT 1 COMMENT '是否为外链（0是 1否）',
  `is_cache` int NULL DEFAULT 0 COMMENT '是否缓存（0缓存 1不缓存）',
  `menu_type` char(1) CHARACTER SET utf8mb3 COLLATE utf8mb3_unicode_ci NULL DEFAULT '' COMMENT '菜单类型（M目录 C菜单 F按钮）',
  `visible` char(1) CHARACTER SET utf8mb3 COLLATE utf8mb3_unicode_ci NULL DEFAULT '0' COMMENT '菜单状态（0显示 1隐藏）',
  `status` char(1) CHARACTER SET utf8mb3 COLLATE utf8mb3_unicode_ci NULL DEFAULT '0' COMMENT '菜单状态（0正常 1停用）',
  `perms` varchar(100) CHARACTER SET utf8mb3 COLLATE utf8mb3_unicode_ci NULL DEFAULT NULL COMMENT '权限标识',
  `icon` varchar(100) CHARACTER SET utf8mb3 COLLATE utf8mb3_unicode_ci NULL DEFAULT '#' COMMENT '菜单图标',
  `create_by` varchar(64) CHARACTER SET utf8mb3 COLLATE utf8mb3_unicode_ci NULL DEFAULT '' COMMENT '创建者',
  `create_time` datetime NULL DEFAULT NULL COMMENT '创建时间',
  `update_by` varchar(64) CHARACTER SET utf8mb3 COLLATE utf8mb3_unicode_ci NULL DEFAULT '' COMMENT '更新者',
  `update_time` datetime NULL DEFAULT NULL COMMENT '更新时间',
  `remark` varchar(500) CHARACTER SET utf8mb3 COLLATE utf8mb3_unicode_ci NULL DEFAULT '' COMMENT '备注',
  PRIMARY KEY (`menu_id`) USING BTREE
) ENGINE = InnoDB AUTO_INCREMENT = 2083 CHARACTER SET = utf8mb3 COLLATE = utf8mb3_unicode_ci COMMENT = '菜单权限表' ROW_FORMAT = DYNAMIC;

-- ----------------------------
-- Records of sys_menu
-- ----------------------------
INSERT INTO `sys_menu` VALUES (1, '系统管理', 0, 1, 'system', NULL, '', 1, 0, 'M', '0', '0', '', 'system', 'admin', '2023-07-02 12:38:43', '', NULL, '系统管理目录');
INSERT INTO `sys_menu` VALUES (2, '系统监控', 0, 2, 'monitor', NULL, '', 1, 0, 'M', '0', '0', '', 'monitor', 'admin', '2023-07-02 12:38:43', 'admin', '2023-08-31 17:24:27', '系统监控目录');
INSERT INTO `sys_menu` VALUES (3, '系统工具', 0, 3, 'tool', NULL, '', 1, 0, 'M', '0', '0', '', 'tool', 'admin', '2023-07-02 12:38:43', '', NULL, '系统工具目录');
INSERT INTO `sys_menu` VALUES (100, '用户管理', 1, 1, 'user', 'system/user/index', '', 1, 0, 'C', '0', '0', 'system:user:list', 'user', 'admin', '2023-07-02 12:38:43', '', NULL, '用户管理菜单');
INSERT INTO `sys_menu` VALUES (101, '角色管理', 1, 2, 'role', 'system/role/index', '', 1, 0, 'C', '0', '0', 'system:role:list', 'peoples', 'admin', '2023-07-02 12:38:43', '', NULL, '角色管理菜单');
INSERT INTO `sys_menu` VALUES (102, '菜单管理', 1, 3, 'menu', 'system/menu/index', '', 1, 0, 'C', '0', '0', 'system:menu:list', 'tree-table', 'admin', '2023-07-02 12:38:43', '', NULL, '菜单管理菜单');
INSERT INTO `sys_menu` VALUES (103, '部门管理', 1, 4, 'dept', 'system/dept/index', '', 1, 0, 'C', '0', '0', 'system:dept:list', 'tree', 'admin', '2023-07-02 12:38:43', 'admin', '2023-07-05 10:15:30', '部门管理菜单');
INSERT INTO `sys_menu` VALUES (104, '岗位管理', 1, 5, 'post', 'system/post/index', '', 1, 0, 'C', '0', '0', 'system:post:list', 'post', 'admin', '2023-07-02 12:38:43', 'admin', '2023-07-05 10:34:53', '岗位管理菜单');
INSERT INTO `sys_menu` VALUES (105, '字典管理', 1, 6, 'dict', 'system/dict/index', '', 1, 0, 'C', '0', '0', 'system:dict:list', 'dict', 'admin', '2023-07-02 12:38:43', '', NULL, '字典管理菜单');
INSERT INTO `sys_menu` VALUES (106, '参数设置', 1, 7, 'config', 'system/config/index', '', 1, 0, 'C', '0', '0', 'system:config:list', 'edit', 'admin', '2023-07-02 12:38:43', '', NULL, '参数设置菜单');
INSERT INTO `sys_menu` VALUES (107, '通知公告', 1, 8, 'notice', 'system/notice/index', '', 1, 0, 'C', '0', '0', 'system:notice:list', 'message', 'admin', '2023-07-02 12:38:43', '', NULL, '通知公告菜单');
INSERT INTO `sys_menu` VALUES (108, '日志管理', 1, 9, 'log', '', '', 1, 0, 'M', '0', '0', '', 'log', 'admin', '2023-07-02 12:38:43', '', NULL, '日志管理菜单');
INSERT INTO `sys_menu` VALUES (109, '在线用户', 2, 1, 'online', 'monitor/online/index', '', 1, 0, 'C', '0', '0', 'monitor:online:list', 'online', 'admin', '2023-07-02 12:38:43', '', NULL, '在线用户菜单');
INSERT INTO `sys_menu` VALUES (110, '定时任务', 2, 2, 'job', 'monitor/job/index', '', 1, 0, 'C', '0', '0', 'monitor:job:list', 'job', 'admin', '2023-07-02 12:38:43', '', NULL, '定时任务菜单');
INSERT INTO `sys_menu` VALUES (111, '数据监控', 2, 3, 'druid', 'monitor/druid/index', '', 1, 0, 'C', '0', '0', 'monitor:druid:list', 'druid', 'admin', '2023-07-02 12:38:43', '', NULL, '数据监控菜单');
INSERT INTO `sys_menu` VALUES (112, '服务监控', 2, 4, 'server', 'monitor/server/index', '', 1, 0, 'C', '0', '0', 'monitor:server:list', 'server', 'admin', '2023-07-02 12:38:43', '', NULL, '服务监控菜单');
INSERT INTO `sys_menu` VALUES (113, '缓存监控', 2, 5, 'cache', 'monitor/cache/index', '', 1, 0, 'C', '0', '0', 'monitor:cache:list', 'redis', 'admin', '2023-07-02 12:38:43', '', NULL, '缓存监控菜单');
INSERT INTO `sys_menu` VALUES (114, '缓存列表', 2, 6, 'cacheList', 'monitor/cache/list', '', 1, 0, 'C', '0', '0', 'monitor:cache:list', 'redis-list', 'admin', '2023-07-02 12:38:43', '', NULL, '缓存列表菜单');
INSERT INTO `sys_menu` VALUES (115, '表单构建', 3, 1, 'build', 'tool/build/index', '', 1, 0, 'C', '0', '0', 'tool:build:list', 'build', 'admin', '2023-07-02 12:38:43', '', NULL, '表单构建菜单');
INSERT INTO `sys_menu` VALUES (116, '代码生成', 3, 2, 'gen', 'tool/gen/index', '', 1, 0, 'C', '0', '0', 'tool:gen:list', 'code', 'admin', '2023-07-02 12:38:43', '', NULL, '代码生成菜单');
INSERT INTO `sys_menu` VALUES (117, '系统接口', 3, 3, 'swagger', 'tool/swagger/index', '', 1, 0, 'C', '0', '0', 'tool:swagger:list', 'swagger', 'admin', '2023-07-02 12:38:43', '', NULL, '系统接口菜单');
INSERT INTO `sys_menu` VALUES (500, '操作日志', 108, 1, 'operlog', 'monitor/operlog/index', '', 1, 0, 'C', '0', '0', 'monitor:operlog:list', 'form', 'admin', '2023-07-02 12:38:43', '', NULL, '操作日志菜单');
INSERT INTO `sys_menu` VALUES (501, '登录日志', 108, 2, 'logininfor', 'monitor/logininfor/index', '', 1, 0, 'C', '0', '0', 'monitor:logininfor:list', 'logininfor', 'admin', '2023-07-02 12:38:43', '', NULL, '登录日志菜单');
INSERT INTO `sys_menu` VALUES (1000, '用户查询', 100, 1, '', '', '', 1, 0, 'F', '0', '0', 'system:user:query', '#', 'admin', '2023-07-02 12:38:43', '', NULL, '');
INSERT INTO `sys_menu` VALUES (1001, '用户新增', 100, 2, '', '', '', 1, 0, 'F', '0', '0', 'system:user:add', '#', 'admin', '2023-07-02 12:38:43', '', NULL, '');
INSERT INTO `sys_menu` VALUES (1002, '用户修改', 100, 3, '', '', '', 1, 0, 'F', '0', '0', 'system:user:edit', '#', 'admin', '2023-07-02 12:38:43', '', NULL, '');
INSERT INTO `sys_menu` VALUES (1003, '用户删除', 100, 4, '', '', '', 1, 0, 'F', '0', '0', 'system:user:remove', '#', 'admin', '2023-07-02 12:38:43', '', NULL, '');
INSERT INTO `sys_menu` VALUES (1004, '用户导出', 100, 5, '', '', '', 1, 0, 'F', '0', '0', 'system:user:export', '#', 'admin', '2023-07-02 12:38:43', '', NULL, '');
INSERT INTO `sys_menu` VALUES (1005, '用户导入', 100, 6, '', '', '', 1, 0, 'F', '0', '0', 'system:user:import', '#', 'admin', '2023-07-02 12:38:43', '', NULL, '');
INSERT INTO `sys_menu` VALUES (1006, '重置密码', 100, 7, '', '', '', 1, 0, 'F', '0', '0', 'system:user:resetPwd', '#', 'admin', '2023-07-02 12:38:43', '', NULL, '');
INSERT INTO `sys_menu` VALUES (1007, '角色查询', 101, 1, '', '', '', 1, 0, 'F', '0', '0', 'system:role:query', '#', 'admin', '2023-07-02 12:38:43', '', NULL, '');
INSERT INTO `sys_menu` VALUES (1008, '角色新增', 101, 2, '', '', '', 1, 0, 'F', '0', '0', 'system:role:add', '#', 'admin', '2023-07-02 12:38:43', '', NULL, '');
INSERT INTO `sys_menu` VALUES (1009, '角色修改', 101, 3, '', '', '', 1, 0, 'F', '0', '0', 'system:role:edit', '#', 'admin', '2023-07-02 12:38:43', '', NULL, '');
INSERT INTO `sys_menu` VALUES (1010, '角色删除', 101, 4, '', '', '', 1, 0, 'F', '0', '0', 'system:role:remove', '#', 'admin', '2023-07-02 12:38:43', '', NULL, '');
INSERT INTO `sys_menu` VALUES (1011, '角色导出', 101, 5, '', '', '', 1, 0, 'F', '0', '0', 'system:role:export', '#', 'admin', '2023-07-02 12:38:43', '', NULL, '');
INSERT INTO `sys_menu` VALUES (1012, '菜单查询', 102, 1, '', '', '', 1, 0, 'F', '0', '0', 'system:menu:query', '#', 'admin', '2023-07-02 12:38:43', '', NULL, '');
INSERT INTO `sys_menu` VALUES (1013, '菜单新增', 102, 2, '', '', '', 1, 0, 'F', '0', '0', 'system:menu:add', '#', 'admin', '2023-07-02 12:38:43', '', NULL, '');
INSERT INTO `sys_menu` VALUES (1014, '菜单修改', 102, 3, '', '', '', 1, 0, 'F', '0', '0', 'system:menu:edit', '#', 'admin', '2023-07-02 12:38:43', '', NULL, '');
INSERT INTO `sys_menu` VALUES (1015, '菜单删除', 102, 4, '', '', '', 1, 0, 'F', '0', '0', 'system:menu:remove', '#', 'admin', '2023-07-02 12:38:43', '', NULL, '');
INSERT INTO `sys_menu` VALUES (1016, '部门查询', 103, 1, '', '', '', 1, 0, 'F', '0', '0', 'system:dept:query', '#', 'admin', '2023-07-02 12:38:43', '', NULL, '');
INSERT INTO `sys_menu` VALUES (1017, '部门新增', 103, 2, '', '', '', 1, 0, 'F', '0', '0', 'system:dept:add', '#', 'admin', '2023-07-02 12:38:43', '', NULL, '');
INSERT INTO `sys_menu` VALUES (1018, '部门修改', 103, 3, '', '', '', 1, 0, 'F', '0', '0', 'system:dept:edit', '#', 'admin', '2023-07-02 12:38:43', '', NULL, '');
INSERT INTO `sys_menu` VALUES (1019, '部门删除', 103, 4, '', '', '', 1, 0, 'F', '0', '0', 'system:dept:remove', '#', 'admin', '2023-07-02 12:38:43', '', NULL, '');
INSERT INTO `sys_menu` VALUES (1020, '岗位查询', 104, 1, '', '', '', 1, 0, 'F', '0', '0', 'system:post:query', '#', 'admin', '2023-07-02 12:38:43', '', NULL, '');
INSERT INTO `sys_menu` VALUES (1021, '岗位新增', 104, 2, '', '', '', 1, 0, 'F', '0', '0', 'system:post:add', '#', 'admin', '2023-07-02 12:38:43', '', NULL, '');
INSERT INTO `sys_menu` VALUES (1022, '岗位修改', 104, 3, '', '', '', 1, 0, 'F', '0', '0', 'system:post:edit', '#', 'admin', '2023-07-02 12:38:43', '', NULL, '');
INSERT INTO `sys_menu` VALUES (1023, '岗位删除', 104, 4, '', '', '', 1, 0, 'F', '0', '0', 'system:post:remove', '#', 'admin', '2023-07-02 12:38:43', '', NULL, '');
INSERT INTO `sys_menu` VALUES (1024, '岗位导出', 104, 5, '', '', '', 1, 0, 'F', '0', '0', 'system:post:export', '#', 'admin', '2023-07-02 12:38:43', '', NULL, '');
INSERT INTO `sys_menu` VALUES (1025, '字典查询', 105, 1, '#', '', '', 1, 0, 'F', '0', '0', 'system:dict:query', '#', 'admin', '2023-07-02 12:38:43', '', NULL, '');
INSERT INTO `sys_menu` VALUES (1026, '字典新增', 105, 2, '#', '', '', 1, 0, 'F', '0', '0', 'system:dict:add', '#', 'admin', '2023-07-02 12:38:43', '', NULL, '');
INSERT INTO `sys_menu` VALUES (1027, '字典修改', 105, 3, '#', '', '', 1, 0, 'F', '0', '0', 'system:dict:edit', '#', 'admin', '2023-07-02 12:38:43', '', NULL, '');
INSERT INTO `sys_menu` VALUES (1028, '字典删除', 105, 4, '#', '', '', 1, 0, 'F', '0', '0', 'system:dict:remove', '#', 'admin', '2023-07-02 12:38:43', '', NULL, '');
INSERT INTO `sys_menu` VALUES (1029, '字典导出', 105, 5, '#', '', '', 1, 0, 'F', '0', '0', 'system:dict:export', '#', 'admin', '2023-07-02 12:38:43', '', NULL, '');
INSERT INTO `sys_menu` VALUES (1030, '参数查询', 106, 1, '#', '', '', 1, 0, 'F', '0', '0', 'system:config:query', '#', 'admin', '2023-07-02 12:38:43', '', NULL, '');
INSERT INTO `sys_menu` VALUES (1031, '参数新增', 106, 2, '#', '', '', 1, 0, 'F', '0', '0', 'system:config:add', '#', 'admin', '2023-07-02 12:38:43', '', NULL, '');
INSERT INTO `sys_menu` VALUES (1032, '参数修改', 106, 3, '#', '', '', 1, 0, 'F', '0', '0', 'system:config:edit', '#', 'admin', '2023-07-02 12:38:43', '', NULL, '');
INSERT INTO `sys_menu` VALUES (1033, '参数删除', 106, 4, '#', '', '', 1, 0, 'F', '0', '0', 'system:config:remove', '#', 'admin', '2023-07-02 12:38:43', '', NULL, '');
INSERT INTO `sys_menu` VALUES (1034, '参数导出', 106, 5, '#', '', '', 1, 0, 'F', '0', '0', 'system:config:export', '#', 'admin', '2023-07-02 12:38:43', '', NULL, '');
INSERT INTO `sys_menu` VALUES (1035, '公告查询', 107, 1, '#', '', '', 1, 0, 'F', '0', '0', 'system:notice:query', '#', 'admin', '2023-07-02 12:38:43', '', NULL, '');
INSERT INTO `sys_menu` VALUES (1036, '公告新增', 107, 2, '#', '', '', 1, 0, 'F', '0', '0', 'system:notice:add', '#', 'admin', '2023-07-02 12:38:43', '', NULL, '');
INSERT INTO `sys_menu` VALUES (1037, '公告修改', 107, 3, '#', '', '', 1, 0, 'F', '0', '0', 'system:notice:edit', '#', 'admin', '2023-07-02 12:38:43', '', NULL, '');
INSERT INTO `sys_menu` VALUES (1038, '公告删除', 107, 4, '#', '', '', 1, 0, 'F', '0', '0', 'system:notice:remove', '#', 'admin', '2023-07-02 12:38:43', '', NULL, '');
INSERT INTO `sys_menu` VALUES (1039, '操作查询', 500, 1, '#', '', '', 1, 0, 'F', '0', '0', 'monitor:operlog:query', '#', 'admin', '2023-07-02 12:38:43', '', NULL, '');
INSERT INTO `sys_menu` VALUES (1040, '操作删除', 500, 2, '#', '', '', 1, 0, 'F', '0', '0', 'monitor:operlog:remove', '#', 'admin', '2023-07-02 12:38:43', '', NULL, '');
INSERT INTO `sys_menu` VALUES (1041, '日志导出', 500, 3, '#', '', '', 1, 0, 'F', '0', '0', 'monitor:operlog:export', '#', 'admin', '2023-07-02 12:38:43', '', NULL, '');
INSERT INTO `sys_menu` VALUES (1042, '登录查询', 501, 1, '#', '', '', 1, 0, 'F', '0', '0', 'monitor:logininfor:query', '#', 'admin', '2023-07-02 12:38:43', '', NULL, '');
INSERT INTO `sys_menu` VALUES (1043, '登录删除', 501, 2, '#', '', '', 1, 0, 'F', '0', '0', 'monitor:logininfor:remove', '#', 'admin', '2023-07-02 12:38:43', '', NULL, '');
INSERT INTO `sys_menu` VALUES (1044, '日志导出', 501, 3, '#', '', '', 1, 0, 'F', '0', '0', 'monitor:logininfor:export', '#', 'admin', '2023-07-02 12:38:43', '', NULL, '');
INSERT INTO `sys_menu` VALUES (1045, '账户解锁', 501, 4, '#', '', '', 1, 0, 'F', '0', '0', 'monitor:logininfor:unlock', '#', 'admin', '2023-07-02 12:38:43', '', NULL, '');
INSERT INTO `sys_menu` VALUES (1046, '在线查询', 109, 1, '#', '', '', 1, 0, 'F', '0', '0', 'monitor:online:query', '#', 'admin', '2023-07-02 12:38:43', '', NULL, '');
INSERT INTO `sys_menu` VALUES (1047, '批量强退', 109, 2, '#', '', '', 1, 0, 'F', '0', '0', 'monitor:online:batchLogout', '#', 'admin', '2023-07-02 12:38:43', '', NULL, '');
INSERT INTO `sys_menu` VALUES (1048, '单条强退', 109, 3, '#', '', '', 1, 0, 'F', '0', '0', 'monitor:online:forceLogout', '#', 'admin', '2023-07-02 12:38:43', '', NULL, '');
INSERT INTO `sys_menu` VALUES (1049, '任务查询', 110, 1, '#', '', '', 1, 0, 'F', '0', '0', 'monitor:job:query', '#', 'admin', '2023-07-02 12:38:43', '', NULL, '');
INSERT INTO `sys_menu` VALUES (1050, '任务新增', 110, 2, '#', '', '', 1, 0, 'F', '0', '0', 'monitor:job:add', '#', 'admin', '2023-07-02 12:38:43', '', NULL, '');
INSERT INTO `sys_menu` VALUES (1051, '任务修改', 110, 3, '#', '', '', 1, 0, 'F', '0', '0', 'monitor:job:edit', '#', 'admin', '2023-07-02 12:38:43', '', NULL, '');
INSERT INTO `sys_menu` VALUES (1052, '任务删除', 110, 4, '#', '', '', 1, 0, 'F', '0', '0', 'monitor:job:remove', '#', 'admin', '2023-07-02 12:38:43', '', NULL, '');
INSERT INTO `sys_menu` VALUES (1053, '状态修改', 110, 5, '#', '', '', 1, 0, 'F', '0', '0', 'monitor:job:changeStatus', '#', 'admin', '2023-07-02 12:38:43', '', NULL, '');
INSERT INTO `sys_menu` VALUES (1054, '任务导出', 110, 6, '#', '', '', 1, 0, 'F', '0', '0', 'monitor:job:export', '#', 'admin', '2023-07-02 12:38:43', '', NULL, '');
INSERT INTO `sys_menu` VALUES (1055, '生成查询', 116, 1, '#', '', '', 1, 0, 'F', '0', '0', 'tool:gen:query', '#', 'admin', '2023-07-02 12:38:43', '', NULL, '');
INSERT INTO `sys_menu` VALUES (1056, '生成修改', 116, 2, '#', '', '', 1, 0, 'F', '0', '0', 'tool:gen:edit', '#', 'admin', '2023-07-02 12:38:43', '', NULL, '');
INSERT INTO `sys_menu` VALUES (1057, '生成删除', 116, 3, '#', '', '', 1, 0, 'F', '0', '0', 'tool:gen:remove', '#', 'admin', '2023-07-02 12:38:43', '', NULL, '');
INSERT INTO `sys_menu` VALUES (1058, '导入代码', 116, 4, '#', '', '', 1, 0, 'F', '0', '0', 'tool:gen:import', '#', 'admin', '2023-07-02 12:38:43', '', NULL, '');
INSERT INTO `sys_menu` VALUES (1059, '预览代码', 116, 5, '#', '', '', 1, 0, 'F', '0', '0', 'tool:gen:preview', '#', 'admin', '2023-07-02 12:38:43', '', NULL, '');
INSERT INTO `sys_menu` VALUES (1060, '生成代码', 116, 6, '#', '', '', 1, 0, 'F', '0', '0', 'tool:gen:code', '#', 'admin', '2023-07-02 12:38:43', '', NULL, '');
INSERT INTO `sys_menu` VALUES (2064, '成绩管理系统', 0, 3, 'scoreManagement', NULL, NULL, 1, 0, 'M', '0', '0', '', 'education', 'admin', '2023-08-31 09:09:46', '学校管理员', '2023-08-31 19:43:58', '');
INSERT INTO `sys_menu` VALUES (2065, '课程管理', 2064, 1, 'course_management', 'scoreManagement/course_management/index', NULL, 1, 0, 'C', '0', '0', 'scoreManagement:course_management:list', '#', 'admin', '2023-08-31 09:11:38', 'admin', '2023-09-02 23:14:28', '');
INSERT INTO `sys_menu` VALUES (2066, '班级管理', 2064, 2, 'metaclass', 'scoreManagement/metaclass/index', NULL, 1, 0, 'C', '0', '0', 'scoreManagement:metaclass:list', '#', 'admin', '2023-08-31 09:13:23', '学院管理员', '2023-08-31 23:10:13', '');
INSERT INTO `sys_menu` VALUES (2067, '教师管理', 2064, 3, 'teacher_management', 'scoreManagement/teacher_management/index', NULL, 1, 0, 'C', '0', '0', 'scoreManagement:teacher_management:list', '#', 'admin', '2023-08-31 09:13:57', '学院管理员', '2023-08-31 20:33:21', '');
INSERT INTO `sys_menu` VALUES (2068, '学生管理', 2064, 4, 'student', 'scoreManagement/student/index', NULL, 1, 0, 'C', '0', '0', '', '#', 'admin', '2023-08-31 09:14:24', '学院管理员', '2023-08-31 21:10:42', '');
INSERT INTO `sys_menu` VALUES (2069, '成绩查询', 2064, 5, 'scoreSearch', 'scoreManagement/scoreSearch', NULL, 1, 0, 'C', '0', '0', 'scoreManagement:scoreSearch:list', '#', 'admin', '2023-08-31 09:15:45', 'admin', '2023-09-03 11:15:35', '');
INSERT INTO `sys_menu` VALUES (2070, '课程查询', 2064, 1, 'course', 'scoreManagement/course/index', NULL, 1, 0, 'C', '0', '0', 'scoreManagement:course:list', '#', 'admin', '2023-08-31 09:16:07', 'admin', '2023-08-31 23:23:48', '');
INSERT INTO `sys_menu` VALUES (2071, '查看授课', 2064, 7, 'teacherCourse', 'scoreManagement/teacherCourse/index', NULL, 1, 0, 'C', '0', '0', 'scoreManagement:teacherCourse:list', '#', 'admin', '2023-08-31 09:16:35', 'admin', '2023-09-01 00:17:07', '');
INSERT INTO `sys_menu` VALUES (2072, '学生成绩', 2064, 8, 'studentScore', 'scoreManagement/studentScore', NULL, 1, 0, 'C', '0', '0', '', '#', 'admin', '2023-08-31 09:17:03', 'admin', '2023-09-02 23:03:29', '');

-- ----------------------------
-- Table structure for sys_notice
-- ----------------------------
DROP TABLE IF EXISTS `sys_notice`;
CREATE TABLE `sys_notice`  (
  `notice_id` int NOT NULL AUTO_INCREMENT COMMENT '公告ID',
  `notice_title` varchar(50) CHARACTER SET utf8mb3 COLLATE utf8mb3_unicode_ci NOT NULL COMMENT '公告标题',
  `notice_type` char(1) CHARACTER SET utf8mb3 COLLATE utf8mb3_unicode_ci NOT NULL COMMENT '公告类型（1通知 2公告）',
  `notice_content` longblob NULL COMMENT '公告内容',
  `status` char(1) CHARACTER SET utf8mb3 COLLATE utf8mb3_unicode_ci NULL DEFAULT '0' COMMENT '公告状态（0正常 1关闭）',
  `create_by` varchar(64) CHARACTER SET utf8mb3 COLLATE utf8mb3_unicode_ci NULL DEFAULT '' COMMENT '创建者',
  `create_time` datetime NULL DEFAULT NULL COMMENT '创建时间',
  `update_by` varchar(64) CHARACTER SET utf8mb3 COLLATE utf8mb3_unicode_ci NULL DEFAULT '' COMMENT '更新者',
  `update_time` datetime NULL DEFAULT NULL COMMENT '更新时间',
  `remark` varchar(255) CHARACTER SET utf8mb3 COLLATE utf8mb3_unicode_ci NULL DEFAULT NULL COMMENT '备注',
  PRIMARY KEY (`notice_id`) USING BTREE
) ENGINE = InnoDB AUTO_INCREMENT = 12 CHARACTER SET = utf8mb3 COLLATE = utf8mb3_unicode_ci COMMENT = '通知公告表' ROW_FORMAT = DYNAMIC;

-- ----------------------------
-- Records of sys_notice
-- ----------------------------
INSERT INTO `sys_notice` VALUES (1, '温馨提醒：2023-07-08 若依新版本发布啦', '2', 0x3C703EE696B0E78988E69CACE58685E5AEB93C2F703E, '0', 'admin', '2023-07-02 12:38:43', 'admin', '2023-07-06 20:51:05', '管理员');
INSERT INTO `sys_notice` VALUES (2, '维护通知：2023-07-06 若依系统凌晨维护', '1', 0x3C703EE7BBB4E68AA4E58685E5AEB93C2F703E, '0', 'admin', '2023-07-02 12:38:43', 'admin', '2023-07-06 20:50:56', '管理员');
INSERT INTO `sys_notice` VALUES (10, '权限bug：查看学生权限问题，行政班级上课权限问题。', '1', 0x3C703E3C62723E3C2F703E, '0', 'admin', '2023-07-11 19:15:34', 'admin', '2023-07-11 19:15:46', NULL);
INSERT INTO `sys_notice` VALUES (11, '给教师分配上课班级，给学生分配上课班级，', '1', NULL, '0', 'admin', '2023-07-11 21:31:36', '', NULL, NULL);

-- ----------------------------
-- Table structure for sys_oper_log
-- ----------------------------
DROP TABLE IF EXISTS `sys_oper_log`;
CREATE TABLE `sys_oper_log`  (
  `oper_id` bigint NOT NULL AUTO_INCREMENT COMMENT '日志主键',
  `title` varchar(50) CHARACTER SET utf8mb3 COLLATE utf8mb3_unicode_ci NULL DEFAULT '' COMMENT '模块标题',
  `business_type` int NULL DEFAULT 0 COMMENT '业务类型（0其它 1新增 2修改 3删除）',
  `method` varchar(100) CHARACTER SET utf8mb3 COLLATE utf8mb3_unicode_ci NULL DEFAULT '' COMMENT '方法名称',
  `request_method` varchar(10) CHARACTER SET utf8mb3 COLLATE utf8mb3_unicode_ci NULL DEFAULT '' COMMENT '请求方式',
  `operator_type` int NULL DEFAULT 0 COMMENT '操作类别（0其它 1后台用户 2手机端用户）',
  `oper_name` varchar(50) CHARACTER SET utf8mb3 COLLATE utf8mb3_unicode_ci NULL DEFAULT '' COMMENT '操作人员',
  `dept_name` varchar(50) CHARACTER SET utf8mb3 COLLATE utf8mb3_unicode_ci NULL DEFAULT '' COMMENT '部门名称',
  `oper_url` varchar(255) CHARACTER SET utf8mb3 COLLATE utf8mb3_unicode_ci NULL DEFAULT '' COMMENT '请求URL',
  `oper_ip` varchar(128) CHARACTER SET utf8mb3 COLLATE utf8mb3_unicode_ci NULL DEFAULT '' COMMENT '主机地址',
  `oper_location` varchar(255) CHARACTER SET utf8mb3 COLLATE utf8mb3_unicode_ci NULL DEFAULT '' COMMENT '操作地点',
  `oper_param` varchar(2000) CHARACTER SET utf8mb3 COLLATE utf8mb3_unicode_ci NULL DEFAULT '' COMMENT '请求参数',
  `json_result` varchar(2000) CHARACTER SET utf8mb3 COLLATE utf8mb3_unicode_ci NULL DEFAULT '' COMMENT '返回参数',
  `status` int NULL DEFAULT 0 COMMENT '操作状态（0正常 1异常）',
  `error_msg` varchar(2000) CHARACTER SET utf8mb3 COLLATE utf8mb3_unicode_ci NULL DEFAULT '' COMMENT '错误消息',
  `oper_time` datetime NULL DEFAULT NULL COMMENT '操作时间',
  `cost_time` bigint NULL DEFAULT 0 COMMENT '消耗时间',
  PRIMARY KEY (`oper_id`) USING BTREE,
  INDEX `idx_sys_oper_log_bt`(`business_type` ASC) USING BTREE,
  INDEX `idx_sys_oper_log_s`(`status` ASC) USING BTREE,
  INDEX `idx_sys_oper_log_ot`(`oper_time` ASC) USING BTREE
) ENGINE = InnoDB AUTO_INCREMENT = 816 CHARACTER SET = utf8mb3 COLLATE = utf8mb3_unicode_ci COMMENT = '操作日志记录' ROW_FORMAT = DYNAMIC;

-- ----------------------------
-- Records of sys_oper_log
-- ----------------------------
INSERT INTO `sys_oper_log` VALUES (100, '角色管理', 1, 'com.ruoyi.web.controller.system.SysRoleController.add()', 'POST', 1, 'admin', NULL, '/system/role', '127.0.0.1', '内网IP', '{\"admin\":false,\"createBy\":\"admin\",\"deptCheckStrictly\":true,\"deptIds\":[],\"flag\":false,\"menuCheckStrictly\":true,\"menuIds\":[1,100,1000,1001,1002,1003,1004,1005,1006,101,1007,1008,1009,1010,1011,102,1012,1013,1014,1015,103,1016,1017,1018,1019,104,1020,1021,1022,1023,1024,105,1025,1026,1027,1028,1029,106,1030,1031,1032,1033,1034,107,1035,1036,1037,1038,108,500,1039,1040,1041,501,1042,1043,1044,1045],\"params\":{},\"roleId\":100,\"roleKey\":\"school\",\"roleName\":\"学校管理员\",\"roleSort\":0,\"status\":\"0\"}', '{\"msg\":\"操作成功\",\"code\":200}', 0, NULL, '2023-07-02 12:42:25', 43);
INSERT INTO `sys_oper_log` VALUES (101, '角色管理', 2, 'com.ruoyi.web.controller.system.SysRoleController.edit()', 'PUT', 1, 'admin', NULL, '/system/role', '127.0.0.1', '内网IP', '{\"admin\":false,\"createTime\":\"2023-07-02 12:42:25\",\"dataScope\":\"1\",\"delFlag\":\"0\",\"deptCheckStrictly\":true,\"flag\":false,\"menuCheckStrictly\":true,\"menuIds\":[1,100,1000,1001,1002,1003,1004,1005,1006,101,1007,1008,1009,1010,1011,102,1012,1013,1014,1015,103,1016,1017,1018,1019,104,1020,1021,1022,1023,1024,105,1025,1026,1027,1028,1029,106,1030,1031,1032,1033,1034,107,1035,1036,1037,1038,108,500,1039,1040,1041,501,1042,1043,1044,1045],\"params\":{},\"roleId\":100,\"roleKey\":\"school\",\"roleName\":\"学校管理员\",\"roleSort\":3,\"status\":\"0\",\"updateBy\":\"admin\"}', '{\"msg\":\"操作成功\",\"code\":200}', 0, NULL, '2023-07-02 12:42:39', 18);
INSERT INTO `sys_oper_log` VALUES (102, '角色管理', 1, 'com.ruoyi.web.controller.system.SysRoleController.add()', 'POST', 1, 'admin', NULL, '/system/role', '127.0.0.1', '内网IP', '{\"admin\":false,\"createBy\":\"admin\",\"deptCheckStrictly\":true,\"deptIds\":[],\"flag\":false,\"menuCheckStrictly\":true,\"menuIds\":[1,100,1000,1001,1002,1003,1004,1005,1006,101,1007,1008,1009,1010,1011,102,1012,1013,1014,1015,103,1016,1017,1018,1019,104,1020,1021,1022,1023,1024,105,1025,1026,1027,1028,1029,106,1030,1031,1032,1033,1034,107,1035,1036,1037,1038,108,500,1039,1040,1041,501,1042,1043,1044,1045],\"params\":{},\"roleId\":101,\"roleKey\":\"college\",\"roleName\":\"学院管理员\",\"roleSort\":4,\"status\":\"0\"}', '{\"msg\":\"操作成功\",\"code\":200}', 0, NULL, '2023-07-02 12:43:31', 20);
INSERT INTO `sys_oper_log` VALUES (103, '角色管理', 1, 'com.ruoyi.web.controller.system.SysRoleController.add()', 'POST', 1, 'admin', NULL, '/system/role', '127.0.0.1', '内网IP', '{\"admin\":false,\"createBy\":\"admin\",\"deptCheckStrictly\":true,\"deptIds\":[],\"flag\":false,\"menuCheckStrictly\":true,\"menuIds\":[1,100,1000,1001,1002,1003,1004,1005,1006,101,1007,1008,1009,1010,1011,102,1012,1013,1014,1015,103,1016,1017,1018,1019,104,1020,1021,1022,1023,1024,105,1025,1026,1027,1028,1029,106,1030,1031,1032,1033,1034,107,1035,1036,1037,1038,108,500,1039,1040,1041,501,1042,1043,1044,1045],\"params\":{},\"roleId\":102,\"roleKey\":\"teacher\",\"roleName\":\"教师\",\"roleSort\":5,\"status\":\"0\"}', '{\"msg\":\"操作成功\",\"code\":200}', 0, NULL, '2023-07-02 12:44:17', 16);
INSERT INTO `sys_oper_log` VALUES (104, '角色管理', 1, 'com.ruoyi.web.controller.system.SysRoleController.add()', 'POST', 1, 'admin', NULL, '/system/role', '127.0.0.1', '内网IP', '{\"admin\":false,\"createBy\":\"admin\",\"deptCheckStrictly\":true,\"deptIds\":[],\"flag\":false,\"menuCheckStrictly\":true,\"menuIds\":[1,100,1000,1001,1002,1003,1004,1005,1006,101,1007,1008,1009,1010,1011,102,1012,1013,1014,1015,103,1016,1017,1018,1019,104,1020,1021,1022,1023,1024,105,1025,1026,1027,1028,1029,106,1030,1031,1032,1033,1034,107,1035,1036,1037,1038,108,500,1039,1040,1041,501,1042,1043,1044,1045],\"params\":{},\"roleId\":103,\"roleKey\":\"student\",\"roleName\":\"学生\",\"roleSort\":6,\"status\":\"0\"}', '{\"msg\":\"操作成功\",\"code\":200}', 0, NULL, '2023-07-02 12:44:34', 16);
INSERT INTO `sys_oper_log` VALUES (105, '角色管理', 2, 'com.ruoyi.web.controller.system.SysRoleController.changeStatus()', 'PUT', 1, 'admin', NULL, '/system/role/changeStatus', '127.0.0.1', '内网IP', '{\"admin\":false,\"deptCheckStrictly\":false,\"flag\":false,\"menuCheckStrictly\":false,\"params\":{},\"roleId\":2,\"status\":\"1\",\"updateBy\":\"admin\"}', '{\"msg\":\"操作成功\",\"code\":200}', 0, NULL, '2023-07-02 12:44:48', 7);
INSERT INTO `sys_oper_log` VALUES (106, '部门管理', 2, 'com.ruoyi.web.controller.system.SysDeptController.edit()', 'PUT', 1, 'admin', NULL, '/system/dept', '127.0.0.1', '内网IP', '{\"ancestors\":\"0\",\"children\":[],\"deptId\":100,\"deptName\":\"新乡学院\",\"email\":\"ry@qq.com\",\"leader\":\"若依\",\"orderNum\":0,\"params\":{},\"parentId\":0,\"phone\":\"15888888888\",\"status\":\"0\",\"updateBy\":\"admin\"}', '{\"msg\":\"操作成功\",\"code\":200}', 0, NULL, '2023-07-02 12:48:53', 9);
INSERT INTO `sys_oper_log` VALUES (107, '部门管理', 2, 'com.ruoyi.web.controller.system.SysDeptController.edit()', 'PUT', 1, 'admin', NULL, '/system/dept', '127.0.0.1', '内网IP', '{\"ancestors\":\"0,100\",\"children\":[],\"deptId\":101,\"deptName\":\"计算机与信息工程学院\",\"email\":\"ry@qq.com\",\"leader\":\"若依\",\"orderNum\":1,\"params\":{},\"parentId\":100,\"parentName\":\"新乡学院\",\"phone\":\"15888888888\",\"status\":\"0\",\"updateBy\":\"admin\"}', '{\"msg\":\"操作成功\",\"code\":200}', 0, NULL, '2023-07-02 12:49:04', 19);
INSERT INTO `sys_oper_log` VALUES (108, '部门管理', 2, 'com.ruoyi.web.controller.system.SysDeptController.edit()', 'PUT', 1, 'admin', NULL, '/system/dept', '127.0.0.1', '内网IP', '{\"ancestors\":\"0,100,101\",\"children\":[],\"deptId\":103,\"deptName\":\"软件工程1班\",\"email\":\"ry@qq.com\",\"leader\":\"若依\",\"orderNum\":1,\"params\":{},\"parentId\":101,\"parentName\":\"计算机与信息工程学院\",\"phone\":\"15888888888\",\"status\":\"0\",\"updateBy\":\"admin\"}', '{\"msg\":\"操作成功\",\"code\":200}', 0, NULL, '2023-07-02 12:49:20', 13);
INSERT INTO `sys_oper_log` VALUES (109, '部门管理', 2, 'com.ruoyi.web.controller.system.SysDeptController.edit()', 'PUT', 1, 'admin', NULL, '/system/dept', '127.0.0.1', '内网IP', '{\"ancestors\":\"0,100,101\",\"children\":[],\"deptId\":104,\"deptName\":\"软件工程2班\",\"email\":\"ry@qq.com\",\"leader\":\"若依\",\"orderNum\":2,\"params\":{},\"parentId\":101,\"parentName\":\"计算机与信息工程学院\",\"phone\":\"15888888888\",\"status\":\"0\",\"updateBy\":\"admin\"}', '{\"msg\":\"操作成功\",\"code\":200}', 0, NULL, '2023-07-02 12:49:26', 14);
INSERT INTO `sys_oper_log` VALUES (110, '部门管理', 2, 'com.ruoyi.web.controller.system.SysDeptController.edit()', 'PUT', 1, 'admin', NULL, '/system/dept', '127.0.0.1', '内网IP', '{\"ancestors\":\"0,100,101\",\"children\":[],\"deptId\":105,\"deptName\":\"软件工程3班\",\"email\":\"ry@qq.com\",\"leader\":\"若依\",\"orderNum\":3,\"params\":{},\"parentId\":101,\"parentName\":\"计算机与信息工程学院\",\"phone\":\"15888888888\",\"status\":\"0\",\"updateBy\":\"admin\"}', '{\"msg\":\"操作成功\",\"code\":200}', 0, NULL, '2023-07-02 12:49:33', 15);
INSERT INTO `sys_oper_log` VALUES (111, '部门管理', 2, 'com.ruoyi.web.controller.system.SysDeptController.edit()', 'PUT', 1, 'admin', NULL, '/system/dept', '127.0.0.1', '内网IP', '{\"ancestors\":\"0,100,101\",\"children\":[],\"deptId\":106,\"deptName\":\"软件工程4班\",\"email\":\"ry@qq.com\",\"leader\":\"若依\",\"orderNum\":4,\"params\":{},\"parentId\":101,\"parentName\":\"计算机与信息工程学院\",\"phone\":\"15888888888\",\"status\":\"0\",\"updateBy\":\"admin\"}', '{\"msg\":\"操作成功\",\"code\":200}', 0, NULL, '2023-07-02 12:49:40', 13);
INSERT INTO `sys_oper_log` VALUES (112, '部门管理', 2, 'com.ruoyi.web.controller.system.SysDeptController.edit()', 'PUT', 1, 'admin', NULL, '/system/dept', '127.0.0.1', '内网IP', '{\"ancestors\":\"0,100,101\",\"children\":[],\"deptId\":107,\"deptName\":\"软件工程5班\",\"email\":\"ry@qq.com\",\"leader\":\"若依\",\"orderNum\":5,\"params\":{},\"parentId\":101,\"parentName\":\"计算机与信息工程学院\",\"phone\":\"15888888888\",\"status\":\"0\",\"updateBy\":\"admin\"}', '{\"msg\":\"操作成功\",\"code\":200}', 0, NULL, '2023-07-02 12:49:44', 14);
INSERT INTO `sys_oper_log` VALUES (113, '部门管理', 2, 'com.ruoyi.web.controller.system.SysDeptController.edit()', 'PUT', 1, 'admin', NULL, '/system/dept', '127.0.0.1', '内网IP', '{\"ancestors\":\"0,100\",\"children\":[],\"deptId\":102,\"deptName\":\"药学院\",\"email\":\"ry@qq.com\",\"leader\":\"若依\",\"orderNum\":2,\"params\":{},\"parentId\":100,\"parentName\":\"新乡学院\",\"phone\":\"15888888888\",\"status\":\"0\",\"updateBy\":\"admin\"}', '{\"msg\":\"操作成功\",\"code\":200}', 0, NULL, '2023-07-02 12:51:06', 16);
INSERT INTO `sys_oper_log` VALUES (114, '部门管理', 2, 'com.ruoyi.web.controller.system.SysDeptController.edit()', 'PUT', 1, 'admin', NULL, '/system/dept', '127.0.0.1', '内网IP', '{\"ancestors\":\"0,100,102\",\"children\":[],\"deptId\":108,\"deptName\":\"制药工程1班\",\"email\":\"ry@qq.com\",\"leader\":\"若依\",\"orderNum\":1,\"params\":{},\"parentId\":102,\"parentName\":\"药学院\",\"phone\":\"15888888888\",\"status\":\"0\",\"updateBy\":\"admin\"}', '{\"msg\":\"操作成功\",\"code\":200}', 0, NULL, '2023-07-02 12:51:26', 12);
INSERT INTO `sys_oper_log` VALUES (115, '部门管理', 2, 'com.ruoyi.web.controller.system.SysDeptController.edit()', 'PUT', 1, 'admin', NULL, '/system/dept', '127.0.0.1', '内网IP', '{\"ancestors\":\"0,100,102\",\"children\":[],\"deptId\":109,\"deptName\":\"制药工程2班\",\"email\":\"ry@qq.com\",\"leader\":\"若依\",\"orderNum\":2,\"params\":{},\"parentId\":102,\"parentName\":\"药学院\",\"phone\":\"15888888888\",\"status\":\"0\",\"updateBy\":\"admin\"}', '{\"msg\":\"操作成功\",\"code\":200}', 0, NULL, '2023-07-02 12:51:34', 13);
INSERT INTO `sys_oper_log` VALUES (116, '菜单管理', 2, 'com.ruoyi.web.controller.system.SysMenuController.edit()', 'PUT', 1, 'admin', NULL, '/system/menu', '127.0.0.1', '内网IP', '{\"children\":[],\"component\":\"system/dept/index\",\"createTime\":\"2023-07-02 12:38:43\",\"icon\":\"tree\",\"isCache\":\"0\",\"isFrame\":\"1\",\"menuId\":103,\"menuName\":\"班级管理\",\"menuType\":\"C\",\"orderNum\":4,\"params\":{},\"parentId\":1,\"path\":\"dept\",\"perms\":\"system:dept:list\",\"query\":\"\",\"status\":\"0\",\"updateBy\":\"admin\",\"visible\":\"0\"}', '{\"msg\":\"操作成功\",\"code\":200}', 0, NULL, '2023-07-02 12:52:37', 10);
INSERT INTO `sys_oper_log` VALUES (117, '菜单管理', 2, 'com.ruoyi.web.controller.system.SysMenuController.edit()', 'PUT', 1, 'admin', NULL, '/system/menu', '127.0.0.1', '内网IP', '{\"children\":[],\"component\":\"system/post/index\",\"createTime\":\"2023-07-02 12:38:43\",\"icon\":\"post\",\"isCache\":\"0\",\"isFrame\":\"1\",\"menuId\":104,\"menuName\":\"课程管理\",\"menuType\":\"C\",\"orderNum\":5,\"params\":{},\"parentId\":1,\"path\":\"post\",\"perms\":\"system:post:list\",\"query\":\"\",\"status\":\"0\",\"updateBy\":\"admin\",\"visible\":\"0\"}', '{\"msg\":\"操作成功\",\"code\":200}', 0, NULL, '2023-07-02 12:53:19', 5);
INSERT INTO `sys_oper_log` VALUES (118, '岗位管理', 2, 'com.ruoyi.web.controller.system.SysPostController.edit()', 'PUT', 1, 'admin', NULL, '/system/post', '127.0.0.1', '内网IP', '{\"createBy\":\"admin\",\"createTime\":\"2023-07-02 12:38:43\",\"flag\":false,\"params\":{},\"postCode\":\"ceo\",\"postId\":1,\"postName\":\"HTML\",\"postSort\":1,\"remark\":\"\",\"status\":\"0\",\"updateBy\":\"admin\"}', '{\"msg\":\"操作成功\",\"code\":200}', 0, NULL, '2023-07-02 12:59:48', 6);
INSERT INTO `sys_oper_log` VALUES (119, '岗位管理', 2, 'com.ruoyi.web.controller.system.SysPostController.edit()', 'PUT', 1, 'admin', NULL, '/system/post', '127.0.0.1', '内网IP', '{\"createBy\":\"admin\",\"createTime\":\"2023-07-02 12:38:43\",\"flag\":false,\"params\":{},\"postCode\":\"se\",\"postId\":2,\"postName\":\"JS\",\"postSort\":2,\"remark\":\"\",\"status\":\"0\",\"updateBy\":\"admin\"}', '{\"msg\":\"操作成功\",\"code\":200}', 0, NULL, '2023-07-02 12:59:55', 12);
INSERT INTO `sys_oper_log` VALUES (120, '岗位管理', 2, 'com.ruoyi.web.controller.system.SysPostController.edit()', 'PUT', 1, 'admin', NULL, '/system/post', '127.0.0.1', '内网IP', '{\"createBy\":\"admin\",\"createTime\":\"2023-07-02 12:38:43\",\"flag\":false,\"params\":{},\"postCode\":\"hr\",\"postId\":3,\"postName\":\"JAVA\",\"postSort\":3,\"remark\":\"\",\"status\":\"0\",\"updateBy\":\"admin\"}', '{\"msg\":\"操作成功\",\"code\":200}', 0, NULL, '2023-07-02 13:01:18', 7);
INSERT INTO `sys_oper_log` VALUES (121, '岗位管理', 2, 'com.ruoyi.web.controller.system.SysPostController.edit()', 'PUT', 1, 'admin', NULL, '/system/post', '127.0.0.1', '内网IP', '{\"createBy\":\"admin\",\"createTime\":\"2023-07-02 12:38:43\",\"flag\":false,\"params\":{},\"postCode\":\"user\",\"postId\":4,\"postName\":\"软件测试\",\"postSort\":4,\"remark\":\"\",\"status\":\"0\",\"updateBy\":\"admin\"}', '{\"msg\":\"操作成功\",\"code\":200}', 0, NULL, '2023-07-02 13:01:50', 20);
INSERT INTO `sys_oper_log` VALUES (122, '用户管理', 2, 'com.ruoyi.web.controller.system.SysUserController.edit()', 'PUT', 1, 'admin', NULL, '/system/user', '127.0.0.1', '内网IP', '{\"admin\":false,\"avatar\":\"\",\"createBy\":\"admin\",\"createTime\":\"2023-07-02 12:38:43\",\"delFlag\":\"0\",\"dept\":{\"ancestors\":\"0,100,101\",\"children\":[],\"deptId\":105,\"deptName\":\"软件工程3班\",\"leader\":\"若依\",\"orderNum\":3,\"params\":{},\"parentId\":101,\"status\":\"0\"},\"deptId\":105,\"email\":\"ry@qq.com\",\"loginDate\":\"2023-07-02 12:38:43\",\"loginIp\":\"127.0.0.1\",\"nickName\":\"若依\",\"params\":{},\"phonenumber\":\"15666666666\",\"postIds\":[2,1],\"remark\":\"测试员\",\"roleIds\":[2],\"roles\":[{\"admin\":false,\"dataScope\":\"2\",\"deptCheckStrictly\":false,\"flag\":false,\"menuCheckStrictly\":false,\"params\":{},\"roleId\":2,\"roleKey\":\"common\",\"roleName\":\"普通角色\",\"roleSort\":2,\"status\":\"1\"}],\"sex\":\"1\",\"status\":\"0\",\"updateBy\":\"admin\",\"userId\":2,\"userName\":\"ry\"}', '{\"msg\":\"操作成功\",\"code\":200}', 0, NULL, '2023-07-02 13:02:11', 17);
INSERT INTO `sys_oper_log` VALUES (123, '角色管理', 2, 'com.ruoyi.web.controller.system.SysRoleController.dataScope()', 'PUT', 1, 'admin', NULL, '/system/role/dataScope', '127.0.0.1', '内网IP', '{\"admin\":false,\"createTime\":\"2023-07-02 12:42:25\",\"dataScope\":\"4\",\"delFlag\":\"0\",\"deptCheckStrictly\":true,\"deptIds\":[],\"flag\":false,\"menuCheckStrictly\":true,\"params\":{},\"roleId\":100,\"roleKey\":\"school\",\"roleName\":\"学校管理员\",\"roleSort\":3,\"status\":\"0\"}', '{\"msg\":\"操作成功\",\"code\":200}', 0, NULL, '2023-07-02 13:03:33', 6);
INSERT INTO `sys_oper_log` VALUES (124, '角色管理', 2, 'com.ruoyi.web.controller.system.SysRoleController.dataScope()', 'PUT', 1, 'admin', NULL, '/system/role/dataScope', '127.0.0.1', '内网IP', '{\"admin\":false,\"createTime\":\"2023-07-02 12:43:31\",\"dataScope\":\"4\",\"delFlag\":\"0\",\"deptCheckStrictly\":true,\"deptIds\":[],\"flag\":false,\"menuCheckStrictly\":true,\"params\":{},\"roleId\":101,\"roleKey\":\"college\",\"roleName\":\"学院管理员\",\"roleSort\":4,\"status\":\"0\"}', '{\"msg\":\"操作成功\",\"code\":200}', 0, NULL, '2023-07-02 13:03:41', 13);
INSERT INTO `sys_oper_log` VALUES (125, '用户管理', 4, 'com.ruoyi.web.controller.system.SysUserController.insertAuthRole()', 'PUT', 1, 'admin', NULL, '/system/user/authRole', '127.0.0.1', '内网IP', '{\"roleIds\":\"101,102\",\"userId\":\"2\"}', '{\"msg\":\"操作成功\",\"code\":200}', 0, NULL, '2023-07-02 13:13:06', 10);
INSERT INTO `sys_oper_log` VALUES (126, '用户管理', 2, 'com.ruoyi.web.controller.system.SysUserController.edit()', 'PUT', 1, 'admin', NULL, '/system/user', '127.0.0.1', '内网IP', '{\"admin\":true,\"avatar\":\"\",\"createBy\":\"admin\",\"createTime\":\"2023-07-02 12:38:43\",\"delFlag\":\"0\",\"dept\":{\"ancestors\":\"0,100,101\",\"children\":[],\"deptId\":103,\"deptName\":\"软件工程1班\",\"leader\":\"若依\",\"orderNum\":1,\"params\":{},\"parentId\":101,\"status\":\"0\"},\"deptId\":103,\"email\":\"ry@163.com\",\"loginDate\":\"2023-07-02 12:38:43\",\"loginIp\":\"127.0.0.1\",\"nickName\":\"牛亚博\",\"params\":{},\"phonenumber\":\"15888888888\",\"postIds\":[1],\"remark\":\"管理员\",\"roleIds\":[1],\"roles\":[{\"admin\":true,\"dataScope\":\"1\",\"deptCheckStrictly\":false,\"flag\":false,\"menuCheckStrictly\":false,\"params\":{},\"roleId\":1,\"roleKey\":\"admin\",\"roleName\":\"超级管理员\",\"roleSort\":1,\"status\":\"0\"}],\"sex\":\"1\",\"status\":\"0\",\"userId\":1,\"userName\":\"admin\"}', NULL, 1, '不允许操作超级管理员用户', '2023-07-02 13:13:25', 1);
INSERT INTO `sys_oper_log` VALUES (127, '用户管理', 2, 'com.ruoyi.web.controller.system.SysUserController.edit()', 'PUT', 1, 'admin', NULL, '/system/user', '127.0.0.1', '内网IP', '{\"admin\":false,\"avatar\":\"\",\"createBy\":\"admin\",\"createTime\":\"2023-07-02 12:38:43\",\"delFlag\":\"0\",\"dept\":{\"ancestors\":\"0,100,101\",\"children\":[],\"deptId\":105,\"deptName\":\"软件工程3班\",\"leader\":\"若依\",\"orderNum\":3,\"params\":{},\"parentId\":101,\"status\":\"0\"},\"deptId\":105,\"email\":\"ry@qq.com\",\"loginDate\":\"2023-07-02 12:38:43\",\"loginIp\":\"127.0.0.1\",\"nickName\":\"牛亚博\",\"params\":{},\"phonenumber\":\"15666666666\",\"postIds\":[1,2],\"remark\":\"测试员\",\"roleIds\":[101,102],\"roles\":[{\"admin\":false,\"dataScope\":\"4\",\"deptCheckStrictly\":false,\"flag\":false,\"menuCheckStrictly\":false,\"params\":{},\"roleId\":101,\"roleKey\":\"college\",\"roleName\":\"学院管理员\",\"roleSort\":4,\"status\":\"0\"},{\"admin\":false,\"dataScope\":\"1\",\"deptCheckStrictly\":false,\"flag\":false,\"menuCheckStrictly\":false,\"params\":{},\"roleId\":102,\"roleKey\":\"teacher\",\"roleName\":\"教师\",\"roleSort\":5,\"status\":\"0\"}],\"sex\":\"1\",\"status\":\"0\",\"updateBy\":\"admin\",\"userId\":2,\"userName\":\"ry\"}', '{\"msg\":\"操作成功\",\"code\":200}', 0, NULL, '2023-07-02 13:13:38', 20);
INSERT INTO `sys_oper_log` VALUES (128, '用户管理', 2, 'com.ruoyi.web.controller.system.SysUserController.edit()', 'PUT', 1, 'admin', NULL, '/system/user', '127.0.0.1', '内网IP', '{\"admin\":true,\"avatar\":\"\",\"createBy\":\"admin\",\"createTime\":\"2023-07-02 12:38:43\",\"delFlag\":\"0\",\"dept\":{\"ancestors\":\"0,100,101\",\"children\":[],\"deptId\":103,\"deptName\":\"软件工程1班\",\"leader\":\"若依\",\"orderNum\":1,\"params\":{},\"parentId\":101,\"status\":\"0\"},\"deptId\":103,\"email\":\"ry@163.com\",\"loginDate\":\"2023-07-02 12:38:43\",\"loginIp\":\"127.0.0.1\",\"nickName\":\"若依\",\"params\":{},\"phonenumber\":\"15888888888\",\"postIds\":[1],\"remark\":\"管理员\",\"roleIds\":[1],\"roles\":[{\"admin\":true,\"dataScope\":\"1\",\"deptCheckStrictly\":false,\"flag\":false,\"menuCheckStrictly\":false,\"params\":{},\"roleId\":1,\"roleKey\":\"admin\",\"roleName\":\"超级管理员\",\"roleSort\":1,\"status\":\"0\"}],\"sex\":\"1\",\"status\":\"0\",\"userId\":1,\"userName\":\"admin\"}', NULL, 1, '不允许操作超级管理员用户', '2023-07-02 13:14:18', 1);
INSERT INTO `sys_oper_log` VALUES (129, '个人信息', 2, 'com.ruoyi.web.controller.system.SysProfileController.updateProfile()', 'PUT', 1, 'admin', NULL, '/system/user/profile', '127.0.0.1', '内网IP', '{\"admin\":true,\"createBy\":\"admin\",\"createTime\":\"2023-07-01 19:47:39\",\"delFlag\":\"0\",\"dept\":{\"ancestors\":\"0,100,101\",\"children\":[],\"deptId\":103,\"deptName\":\"研发部门\",\"leader\":\"若依\",\"orderNum\":1,\"params\":{},\"parentId\":101,\"status\":\"0\"},\"email\":\"18237387122@163.com\",\"loginDate\":\"2023-07-01 20:08:20\",\"loginIp\":\"127.0.0.1\",\"nickName\":\"牛亚博\",\"params\":{},\"phonenumber\":\"15888888888\",\"remark\":\"管理员\",\"roles\":[{\"admin\":true,\"dataScope\":\"1\",\"deptCheckStrictly\":false,\"flag\":false,\"menuCheckStrictly\":false,\"params\":{},\"roleId\":1,\"roleKey\":\"admin\",\"roleName\":\"超级管理员\",\"roleSort\":1,\"status\":\"0\"}],\"sex\":\"0\",\"status\":\"0\",\"userId\":1,\"userName\":\"admin\"}', '{\"msg\":\"操作成功\",\"code\":200}', 0, NULL, '2023-07-02 13:14:57', 15);
INSERT INTO `sys_oper_log` VALUES (130, '用户管理', 2, 'com.ruoyi.web.controller.system.SysUserController.edit()', 'PUT', 1, 'admin', NULL, '/system/user', '127.0.0.1', '内网IP', '{\"admin\":false,\"avatar\":\"\",\"createBy\":\"admin\",\"createTime\":\"2023-07-02 12:38:43\",\"delFlag\":\"0\",\"dept\":{\"ancestors\":\"0,100,101\",\"children\":[],\"deptId\":105,\"deptName\":\"软件工程3班\",\"leader\":\"若依\",\"orderNum\":3,\"params\":{},\"parentId\":101,\"status\":\"0\"},\"deptId\":105,\"email\":\"ry@qq.com\",\"loginDate\":\"2023-07-02 12:38:43\",\"loginIp\":\"127.0.0.1\",\"nickName\":\"小牛\",\"params\":{},\"phonenumber\":\"15666666666\",\"postIds\":[1,2],\"remark\":\"测试员\",\"roleIds\":[101,102],\"roles\":[{\"admin\":false,\"dataScope\":\"4\",\"deptCheckStrictly\":false,\"flag\":false,\"menuCheckStrictly\":false,\"params\":{},\"roleId\":101,\"roleKey\":\"college\",\"roleName\":\"学院管理员\",\"roleSort\":4,\"status\":\"0\"},{\"admin\":false,\"dataScope\":\"1\",\"deptCheckStrictly\":false,\"flag\":false,\"menuCheckStrictly\":false,\"params\":{},\"roleId\":102,\"roleKey\":\"teacher\",\"roleName\":\"教师\",\"roleSort\":5,\"status\":\"0\"}],\"sex\":\"1\",\"status\":\"0\",\"updateBy\":\"admin\",\"userId\":2,\"userName\":\"ry\"}', '{\"msg\":\"操作成功\",\"code\":200}', 0, NULL, '2023-07-02 13:15:24', 19);
INSERT INTO `sys_oper_log` VALUES (131, '用户管理', 2, 'com.ruoyi.web.controller.system.SysUserController.edit()', 'PUT', 1, 'admin', NULL, '/system/user', '127.0.0.1', '内网IP', '{\"admin\":true,\"avatar\":\"\",\"createBy\":\"admin\",\"createTime\":\"2023-07-02 12:38:43\",\"delFlag\":\"0\",\"dept\":{\"ancestors\":\"0,100,101\",\"children\":[],\"deptId\":103,\"deptName\":\"软件工程1班\",\"leader\":\"若依\",\"orderNum\":1,\"params\":{},\"parentId\":101,\"status\":\"0\"},\"deptId\":100,\"email\":\"18237387122@163.com\",\"loginDate\":\"2023-07-01 20:08:20\",\"loginIp\":\"127.0.0.1\",\"nickName\":\"牛亚博\",\"params\":{},\"phonenumber\":\"15888888888\",\"postIds\":[1],\"remark\":\"管理员\",\"roleIds\":[1],\"roles\":[{\"admin\":true,\"dataScope\":\"1\",\"deptCheckStrictly\":false,\"flag\":false,\"menuCheckStrictly\":false,\"params\":{},\"roleId\":1,\"roleKey\":\"admin\",\"roleName\":\"超级管理员\",\"roleSort\":1,\"status\":\"0\"}],\"sex\":\"0\",\"status\":\"0\",\"userId\":1,\"userName\":\"admin\"}', NULL, 1, '不允许操作超级管理员用户', '2023-07-02 13:16:21', 0);
INSERT INTO `sys_oper_log` VALUES (132, '用户管理', 2, 'com.ruoyi.web.controller.system.SysUserController.resetPwd()', 'PUT', 1, 'admin', NULL, '/system/user/resetPwd', '127.0.0.1', '内网IP', '{\"admin\":false,\"params\":{},\"updateBy\":\"admin\",\"userId\":2}', '{\"msg\":\"操作成功\",\"code\":200}', 0, NULL, '2023-07-02 13:22:11', 83);
INSERT INTO `sys_oper_log` VALUES (133, '用户管理', 4, 'com.ruoyi.web.controller.system.SysUserController.insertAuthRole()', 'PUT', 1, 'admin', NULL, '/system/user/authRole', '127.0.0.1', '内网IP', '{\"roleIds\":\"100\",\"userId\":\"2\"}', '{\"msg\":\"操作成功\",\"code\":200}', 0, NULL, '2023-07-02 13:22:39', 8);
INSERT INTO `sys_oper_log` VALUES (134, '用户管理', 2, 'com.ruoyi.web.controller.system.SysUserController.edit()', 'PUT', 1, 'admin', NULL, '/system/user', '127.0.0.1', '内网IP', '{\"admin\":false,\"avatar\":\"\",\"createBy\":\"admin\",\"createTime\":\"2023-07-02 12:38:43\",\"delFlag\":\"0\",\"dept\":{\"ancestors\":\"0,100,101\",\"children\":[],\"deptId\":105,\"deptName\":\"软件工程3班\",\"leader\":\"若依\",\"orderNum\":3,\"params\":{},\"parentId\":101,\"status\":\"0\"},\"deptId\":100,\"email\":\"ry@qq.com\",\"loginDate\":\"2023-07-02 13:22:58\",\"loginIp\":\"127.0.0.1\",\"nickName\":\"小牛\",\"params\":{},\"phonenumber\":\"15666666666\",\"postIds\":[1,2],\"remark\":\"测试员\",\"roleIds\":[100],\"roles\":[{\"admin\":false,\"dataScope\":\"4\",\"deptCheckStrictly\":false,\"flag\":false,\"menuCheckStrictly\":false,\"params\":{},\"roleId\":100,\"roleKey\":\"school\",\"roleName\":\"学校管理员\",\"roleSort\":3,\"status\":\"0\"}],\"sex\":\"1\",\"status\":\"0\",\"updateBy\":\"admin\",\"userId\":2,\"userName\":\"ry\"}', '{\"msg\":\"操作成功\",\"code\":200}', 0, NULL, '2023-07-02 13:24:33', 571);
INSERT INTO `sys_oper_log` VALUES (135, '用户管理', 2, 'com.ruoyi.web.controller.system.SysUserController.edit()', 'PUT', 1, 'admin', NULL, '/system/user', '127.0.0.1', '内网IP', '{\"admin\":false,\"avatar\":\"\",\"createBy\":\"admin\",\"createTime\":\"2023-07-02 12:38:43\",\"delFlag\":\"0\",\"dept\":{\"ancestors\":\"0\",\"children\":[],\"deptId\":100,\"deptName\":\"新乡学院\",\"leader\":\"若依\",\"orderNum\":0,\"params\":{},\"parentId\":0,\"status\":\"0\"},\"deptId\":100,\"email\":\"ry@qq.com\",\"loginDate\":\"2023-07-02 13:22:58\",\"loginIp\":\"127.0.0.1\",\"nickName\":\"小牛\",\"params\":{},\"phonenumber\":\"15666666666\",\"postIds\":[1,2],\"remark\":\"测试员\",\"roleIds\":[100],\"roles\":[{\"admin\":false,\"dataScope\":\"4\",\"deptCheckStrictly\":false,\"flag\":false,\"menuCheckStrictly\":false,\"params\":{},\"roleId\":100,\"roleKey\":\"school\",\"roleName\":\"学校管理员\",\"roleSort\":3,\"status\":\"0\"}],\"sex\":\"1\",\"status\":\"0\",\"updateBy\":\"admin\",\"userId\":2,\"userName\":\"ry\"}', '{\"msg\":\"操作成功\",\"code\":200}', 0, NULL, '2023-07-02 13:25:23', 16);
INSERT INTO `sys_oper_log` VALUES (136, '用户管理', 4, 'com.ruoyi.web.controller.system.SysUserController.insertAuthRole()', 'PUT', 1, 'admin', NULL, '/system/user/authRole', '127.0.0.1', '内网IP', '{\"roleIds\":\"100\",\"userId\":\"2\"}', '{\"msg\":\"操作成功\",\"code\":200}', 0, NULL, '2023-07-02 13:25:35', 9);
INSERT INTO `sys_oper_log` VALUES (137, '在线用户', 7, 'com.ruoyi.web.controller.monitor.SysUserOnlineController.forceLogout()', 'DELETE', 1, 'admin', NULL, '/monitor/online/019a56ae-1d3b-4dfc-9c81-850f88a8bbbc', '127.0.0.1', '内网IP', '{}', '{\"msg\":\"操作成功\",\"code\":200}', 0, NULL, '2023-07-02 13:28:20', 4);
INSERT INTO `sys_oper_log` VALUES (138, '在线用户', 7, 'com.ruoyi.web.controller.monitor.SysUserOnlineController.forceLogout()', 'DELETE', 1, 'admin', NULL, '/monitor/online/94e09447-6216-45dd-b730-51c5b3e489dd', '127.0.0.1', '内网IP', '{}', '{\"msg\":\"操作成功\",\"code\":200}', 0, NULL, '2023-07-02 13:29:00', 2);
INSERT INTO `sys_oper_log` VALUES (139, '角色管理', 2, 'com.ruoyi.web.controller.system.SysRoleController.dataScope()', 'PUT', 1, 'admin', NULL, '/system/role/dataScope', '127.0.0.1', '内网IP', '{\"admin\":false,\"createTime\":\"2023-07-02 12:42:25\",\"dataScope\":\"1\",\"delFlag\":\"0\",\"deptCheckStrictly\":true,\"deptIds\":[],\"flag\":false,\"menuCheckStrictly\":true,\"params\":{},\"roleId\":100,\"roleKey\":\"school\",\"roleName\":\"学校管理员\",\"roleSort\":3,\"status\":\"0\"}', '{\"msg\":\"操作成功\",\"code\":200}', 0, NULL, '2023-07-02 13:33:28', 8);
INSERT INTO `sys_oper_log` VALUES (140, '角色管理', 2, 'com.ruoyi.web.controller.system.SysRoleController.dataScope()', 'PUT', 1, 'admin', NULL, '/system/role/dataScope', '127.0.0.1', '内网IP', '{\"admin\":false,\"createTime\":\"2023-07-02 12:42:25\",\"dataScope\":\"1\",\"delFlag\":\"0\",\"deptCheckStrictly\":true,\"deptIds\":[],\"flag\":false,\"menuCheckStrictly\":true,\"params\":{},\"roleId\":100,\"roleKey\":\"school\",\"roleName\":\"学校管理员\",\"roleSort\":3,\"status\":\"0\"}', '{\"msg\":\"操作成功\",\"code\":200}', 0, NULL, '2023-07-02 13:34:39', 5);
INSERT INTO `sys_oper_log` VALUES (141, '用户管理', 1, 'com.ruoyi.web.controller.system.SysUserController.add()', 'POST', 1, 'admin', NULL, '/system/user', '127.0.0.1', '内网IP', '{\"admin\":false,\"createBy\":\"admin\",\"deptId\":101,\"nickName\":\"小红\",\"params\":{},\"phonenumber\":\"18237387122\",\"postIds\":[],\"roleIds\":[101],\"sex\":\"0\",\"status\":\"0\",\"userId\":100,\"userName\":\"xiaohong\"}', '{\"msg\":\"操作成功\",\"code\":200}', 0, NULL, '2023-07-02 14:24:44', 76);
INSERT INTO `sys_oper_log` VALUES (142, '用户管理', 5, 'com.ruoyi.web.controller.system.SysUserController.export()', 'POST', 1, 'admin', NULL, '/system/user/export', '127.0.0.1', '内网IP', '{\"deptId\":\"103\",\"pageSize\":\"10\",\"pageNum\":\"1\"}', NULL, 0, NULL, '2023-07-05 10:06:56', 485);
INSERT INTO `sys_oper_log` VALUES (143, '部门管理', 2, 'com.ruoyi.web.controller.system.SysDeptController.edit()', 'PUT', 1, 'admin', NULL, '/system/dept', '127.0.0.1', '内网IP', '{\"ancestors\":\"0\",\"children\":[],\"deptId\":100,\"deptName\":\"204\",\"email\":\"2905154974@qq.com\",\"leader\":\"牛亚博\",\"orderNum\":0,\"params\":{},\"parentId\":0,\"phone\":\"18237387122\",\"status\":\"0\",\"updateBy\":\"admin\"}', '{\"msg\":\"操作成功\",\"code\":200}', 0, NULL, '2023-07-05 10:11:19', 10);
INSERT INTO `sys_oper_log` VALUES (144, '部门管理', 2, 'com.ruoyi.web.controller.system.SysDeptController.edit()', 'PUT', 1, 'admin', NULL, '/system/dept', '127.0.0.1', '内网IP', '{\"ancestors\":\"0,100\",\"children\":[],\"deptId\":101,\"deptName\":\"合成1营\",\"email\":\"\",\"leader\":\"\",\"orderNum\":1,\"params\":{},\"parentId\":100,\"parentName\":\"204\",\"phone\":\"\",\"status\":\"0\",\"updateBy\":\"admin\"}', '{\"msg\":\"操作成功\",\"code\":200}', 0, NULL, '2023-07-05 10:12:08', 28);
INSERT INTO `sys_oper_log` VALUES (145, '部门管理', 2, 'com.ruoyi.web.controller.system.SysDeptController.edit()', 'PUT', 1, 'admin', NULL, '/system/dept', '127.0.0.1', '内网IP', '{\"ancestors\":\"0\",\"children\":[],\"deptId\":100,\"deptName\":\"204\",\"email\":\"\",\"leader\":\"\",\"orderNum\":0,\"params\":{},\"parentId\":0,\"phone\":\"\",\"status\":\"0\",\"updateBy\":\"admin\"}', '{\"msg\":\"操作成功\",\"code\":200}', 0, NULL, '2023-07-05 10:12:18', 9);
INSERT INTO `sys_oper_log` VALUES (146, '部门管理', 2, 'com.ruoyi.web.controller.system.SysDeptController.edit()', 'PUT', 1, 'admin', NULL, '/system/dept', '127.0.0.1', '内网IP', '{\"ancestors\":\"0,100,101\",\"children\":[],\"deptId\":103,\"deptName\":\"装步一连\",\"email\":\"\",\"leader\":\"\",\"orderNum\":1,\"params\":{},\"parentId\":101,\"parentName\":\"合成1营\",\"phone\":\"\",\"status\":\"0\",\"updateBy\":\"admin\"}', '{\"msg\":\"操作成功\",\"code\":200}', 0, NULL, '2023-07-05 10:13:01', 13);
INSERT INTO `sys_oper_log` VALUES (147, '菜单管理', 2, 'com.ruoyi.web.controller.system.SysMenuController.edit()', 'PUT', 1, 'admin', NULL, '/system/menu', '127.0.0.1', '内网IP', '{\"children\":[],\"component\":\"system/dept/index\",\"createTime\":\"2023-07-02 12:38:43\",\"icon\":\"tree\",\"isCache\":\"0\",\"isFrame\":\"1\",\"menuId\":103,\"menuName\":\"单位管理\",\"menuType\":\"C\",\"orderNum\":4,\"params\":{},\"parentId\":1,\"path\":\"dept\",\"perms\":\"system:dept:list\",\"query\":\"\",\"status\":\"0\",\"updateBy\":\"admin\",\"visible\":\"0\"}', '{\"msg\":\"操作成功\",\"code\":200}', 0, NULL, '2023-07-05 10:15:15', 9);
INSERT INTO `sys_oper_log` VALUES (148, '菜单管理', 2, 'com.ruoyi.web.controller.system.SysMenuController.edit()', 'PUT', 1, 'admin', NULL, '/system/menu', '127.0.0.1', '内网IP', '{\"children\":[],\"component\":\"system/dept/index\",\"createTime\":\"2023-07-02 12:38:43\",\"icon\":\"tree\",\"isCache\":\"0\",\"isFrame\":\"1\",\"menuId\":103,\"menuName\":\"部门管理\",\"menuType\":\"C\",\"orderNum\":4,\"params\":{},\"parentId\":1,\"path\":\"dept\",\"perms\":\"system:dept:list\",\"query\":\"\",\"status\":\"0\",\"updateBy\":\"admin\",\"visible\":\"0\"}', '{\"msg\":\"操作成功\",\"code\":200}', 0, NULL, '2023-07-05 10:15:30', 9);
INSERT INTO `sys_oper_log` VALUES (149, '用户管理', 2, 'com.ruoyi.web.controller.system.SysUserController.edit()', 'PUT', 1, 'admin', NULL, '/system/user', '127.0.0.1', '内网IP', '{\"admin\":false,\"avatar\":\"\",\"createBy\":\"admin\",\"createTime\":\"2023-07-02 12:38:43\",\"delFlag\":\"0\",\"dept\":{\"ancestors\":\"0\",\"children\":[],\"deptId\":100,\"deptName\":\"204\",\"leader\":\"\",\"orderNum\":0,\"params\":{},\"parentId\":0,\"status\":\"0\"},\"deptId\":100,\"email\":\"ry@qq.com\",\"loginDate\":\"2023-07-02 13:34:49\",\"loginIp\":\"127.0.0.1\",\"nickName\":\"一营一连\",\"params\":{},\"phonenumber\":\"15666666666\",\"postIds\":[1,2],\"remark\":\"测试员\",\"roleIds\":[100],\"roles\":[{\"admin\":false,\"dataScope\":\"1\",\"deptCheckStrictly\":false,\"flag\":false,\"menuCheckStrictly\":false,\"params\":{},\"roleId\":100,\"roleKey\":\"school\",\"roleName\":\"学校管理员\",\"roleSort\":3,\"status\":\"0\"}],\"sex\":\"1\",\"status\":\"0\",\"updateBy\":\"admin\",\"userId\":2,\"userName\":\"ry\"}', '{\"msg\":\"操作成功\",\"code\":200}', 0, NULL, '2023-07-05 10:16:57', 27);
INSERT INTO `sys_oper_log` VALUES (150, '用户管理', 2, 'com.ruoyi.web.controller.system.SysUserController.edit()', 'PUT', 1, 'admin', NULL, '/system/user', '127.0.0.1', '内网IP', '{\"admin\":false,\"avatar\":\"\",\"createBy\":\"admin\",\"createTime\":\"2023-07-02 12:38:43\",\"delFlag\":\"0\",\"dept\":{\"ancestors\":\"0,100,101\",\"children\":[],\"deptId\":103,\"deptName\":\"装步一连\",\"leader\":\"\",\"orderNum\":1,\"params\":{},\"parentId\":101,\"status\":\"0\"},\"deptId\":103,\"email\":\"\",\"loginDate\":\"2023-07-02 13:34:49\",\"loginIp\":\"127.0.0.1\",\"nickName\":\"一营一连\",\"params\":{},\"phonenumber\":\"\",\"postIds\":[1,2],\"remark\":\"\",\"roleIds\":[100],\"roles\":[{\"admin\":false,\"dataScope\":\"1\",\"deptCheckStrictly\":false,\"flag\":false,\"menuCheckStrictly\":false,\"params\":{},\"roleId\":100,\"roleKey\":\"school\",\"roleName\":\"学校管理员\",\"roleSort\":3,\"status\":\"0\"}],\"sex\":\"1\",\"status\":\"0\",\"updateBy\":\"admin\",\"userId\":2,\"userName\":\"ry\"}', '{\"msg\":\"操作成功\",\"code\":200}', 0, NULL, '2023-07-05 10:19:28', 14);
INSERT INTO `sys_oper_log` VALUES (151, '用户管理', 2, 'com.ruoyi.web.controller.system.SysUserController.edit()', 'PUT', 1, 'admin', NULL, '/system/user', '127.0.0.1', '内网IP', '{\"admin\":false,\"avatar\":\"\",\"createBy\":\"admin\",\"createTime\":\"2023-07-02 14:24:44\",\"delFlag\":\"0\",\"dept\":{\"ancestors\":\"0,100\",\"children\":[],\"deptId\":101,\"deptName\":\"合成一营\",\"leader\":\"\",\"orderNum\":1,\"params\":{},\"parentId\":100,\"status\":\"0\"},\"deptId\":104,\"email\":\"\",\"loginDate\":\"2023-07-02 14:25:11\",\"loginIp\":\"127.0.0.1\",\"nickName\":\"一营二连\",\"params\":{},\"phonenumber\":\"\",\"postIds\":[],\"roleIds\":[101],\"roles\":[{\"admin\":false,\"dataScope\":\"4\",\"deptCheckStrictly\":false,\"flag\":false,\"menuCheckStrictly\":false,\"params\":{},\"roleId\":101,\"roleKey\":\"college\",\"roleName\":\"学院管理员\",\"roleSort\":4,\"status\":\"0\"}],\"sex\":\"0\",\"status\":\"0\",\"updateBy\":\"admin\",\"userId\":100,\"userName\":\"user12\"}', '{\"msg\":\"操作成功\",\"code\":200}', 0, NULL, '2023-07-05 10:21:36', 13);
INSERT INTO `sys_oper_log` VALUES (152, '用户管理', 1, 'com.ruoyi.web.controller.system.SysUserController.add()', 'POST', 1, 'admin', NULL, '/system/user', '127.0.0.1', '内网IP', '{\"admin\":false,\"createBy\":\"admin\",\"deptId\":101,\"nickName\":\"一营\",\"params\":{},\"postIds\":[],\"roleIds\":[],\"status\":\"0\",\"userId\":101,\"userName\":\"一营\"}', '{\"msg\":\"操作成功\",\"code\":200}', 0, NULL, '2023-07-05 10:22:09', 75);
INSERT INTO `sys_oper_log` VALUES (153, '角色管理', 2, 'com.ruoyi.web.controller.system.SysRoleController.edit()', 'PUT', 1, 'admin', NULL, '/system/role', '127.0.0.1', '内网IP', '{\"admin\":false,\"createTime\":\"2023-07-02 12:42:25\",\"dataScope\":\"1\",\"delFlag\":\"0\",\"deptCheckStrictly\":true,\"flag\":false,\"menuCheckStrictly\":true,\"menuIds\":[1,100,1000,1001,1002,1003,1004,1005,1006,101,1007,1008,1009,1010,1011,102,1012,1013,1014,1015,103,1016,1017,1018,1019,104,1020,1021,1022,1023,1024,105,1025,1026,1027,1028,1029,106,1030,1031,1032,1033,1034,107,1035,1036,1037,1038,108,500,1039,1040,1041,501,1042,1043,1044,1045],\"params\":{},\"roleId\":100,\"roleKey\":\"battalion\",\"roleName\":\"营级管理员\",\"roleSort\":3,\"status\":\"0\",\"updateBy\":\"admin\"}', '{\"msg\":\"操作成功\",\"code\":200}', 0, NULL, '2023-07-05 10:24:57', 15);
INSERT INTO `sys_oper_log` VALUES (154, '角色管理', 2, 'com.ruoyi.web.controller.system.SysRoleController.edit()', 'PUT', 1, 'admin', NULL, '/system/role', '127.0.0.1', '内网IP', '{\"admin\":false,\"createTime\":\"2023-07-02 12:43:31\",\"dataScope\":\"4\",\"delFlag\":\"0\",\"deptCheckStrictly\":true,\"flag\":false,\"menuCheckStrictly\":true,\"menuIds\":[1,100,1000,1001,1002,1003,1004,1005,1006,101,1007,1008,1009,1010,1011,102,1012,1013,1014,1015,103,1016,1017,1018,1019,104,1020,1021,1022,1023,1024,105,1025,1026,1027,1028,1029,106,1030,1031,1032,1033,1034,107,1035,1036,1037,1038,108,500,1039,1040,1041,501,1042,1043,1044,1045],\"params\":{},\"roleId\":101,\"roleKey\":\"company\",\"roleName\":\"连级管理员\",\"roleSort\":4,\"status\":\"0\",\"updateBy\":\"admin\"}', '{\"msg\":\"操作成功\",\"code\":200}', 0, NULL, '2023-07-05 10:25:21', 27);
INSERT INTO `sys_oper_log` VALUES (155, '角色管理', 2, 'com.ruoyi.web.controller.system.SysRoleController.changeStatus()', 'PUT', 1, 'admin', NULL, '/system/role/changeStatus', '127.0.0.1', '内网IP', '{\"admin\":false,\"deptCheckStrictly\":false,\"flag\":false,\"menuCheckStrictly\":false,\"params\":{},\"roleId\":102,\"status\":\"1\",\"updateBy\":\"admin\"}', '{\"msg\":\"操作成功\",\"code\":200}', 0, NULL, '2023-07-05 10:25:26', 3);
INSERT INTO `sys_oper_log` VALUES (156, '角色管理', 2, 'com.ruoyi.web.controller.system.SysRoleController.changeStatus()', 'PUT', 1, 'admin', NULL, '/system/role/changeStatus', '127.0.0.1', '内网IP', '{\"admin\":false,\"deptCheckStrictly\":false,\"flag\":false,\"menuCheckStrictly\":false,\"params\":{},\"roleId\":103,\"status\":\"1\",\"updateBy\":\"admin\"}', '{\"msg\":\"操作成功\",\"code\":200}', 0, NULL, '2023-07-05 10:25:29', 8);
INSERT INTO `sys_oper_log` VALUES (157, '用户管理', 4, 'com.ruoyi.web.controller.system.SysUserController.insertAuthRole()', 'PUT', 1, 'admin', NULL, '/system/user/authRole', '127.0.0.1', '内网IP', '{\"roleIds\":\"101\",\"userId\":\"2\"}', '{\"msg\":\"操作成功\",\"code\":200}', 0, NULL, '2023-07-05 10:26:41', 5);
INSERT INTO `sys_oper_log` VALUES (158, '用户管理', 2, 'com.ruoyi.web.controller.system.SysUserController.edit()', 'PUT', 1, 'admin', NULL, '/system/user', '127.0.0.1', '内网IP', '{\"admin\":false,\"avatar\":\"\",\"createBy\":\"admin\",\"createTime\":\"2023-07-05 10:22:09\",\"delFlag\":\"0\",\"dept\":{\"ancestors\":\"0,100\",\"children\":[],\"deptId\":101,\"deptName\":\"合成一营\",\"leader\":\"\",\"orderNum\":1,\"params\":{},\"parentId\":100,\"status\":\"0\"},\"deptId\":101,\"email\":\"\",\"loginIp\":\"\",\"nickName\":\"一营\",\"params\":{},\"phonenumber\":\"\",\"postIds\":[],\"roleIds\":[100],\"roles\":[],\"sex\":\"0\",\"status\":\"0\",\"updateBy\":\"admin\",\"userId\":101,\"userName\":\"一营\"}', '{\"msg\":\"操作成功\",\"code\":200}', 0, NULL, '2023-07-05 10:26:58', 9);
INSERT INTO `sys_oper_log` VALUES (159, '角色管理', 2, 'com.ruoyi.web.controller.system.SysRoleController.dataScope()', 'PUT', 1, 'admin', NULL, '/system/role/dataScope', '127.0.0.1', '内网IP', '{\"admin\":false,\"createTime\":\"2023-07-02 12:42:25\",\"dataScope\":\"4\",\"delFlag\":\"0\",\"deptCheckStrictly\":true,\"deptIds\":[],\"flag\":false,\"menuCheckStrictly\":true,\"params\":{},\"roleId\":100,\"roleKey\":\"battalion\",\"roleName\":\"营级管理员\",\"roleSort\":3,\"status\":\"0\"}', '{\"msg\":\"操作成功\",\"code\":200}', 0, NULL, '2023-07-05 10:27:16', 4);
INSERT INTO `sys_oper_log` VALUES (160, '角色管理', 2, 'com.ruoyi.web.controller.system.SysRoleController.edit()', 'PUT', 1, 'admin', NULL, '/system/role', '127.0.0.1', '内网IP', '{\"admin\":false,\"createTime\":\"2023-07-02 12:42:25\",\"dataScope\":\"4\",\"delFlag\":\"0\",\"deptCheckStrictly\":true,\"flag\":false,\"menuCheckStrictly\":true,\"menuIds\":[1,100,1000,1001,1002,1003,1004,1005,1006,102,1012,1013,1014,1015,103,1016,1017,1018,1019,104,1020,1021,1022,1023,1024,105,1025,1026,1027,1028,1029,106,1030,1031,1032,1033,1034,107,1035,1036,1037,1038,108,500,1039,1040,1041,501,1042,1043,1044,1045],\"params\":{},\"roleId\":100,\"roleKey\":\"battalion\",\"roleName\":\"营级管理员\",\"roleSort\":3,\"status\":\"0\",\"updateBy\":\"admin\"}', '{\"msg\":\"操作成功\",\"code\":200}', 0, NULL, '2023-07-05 10:30:35', 27);
INSERT INTO `sys_oper_log` VALUES (161, '角色管理', 2, 'com.ruoyi.web.controller.system.SysRoleController.edit()', 'PUT', 1, 'admin', NULL, '/system/role', '127.0.0.1', '内网IP', '{\"admin\":false,\"createTime\":\"2023-07-02 12:43:31\",\"dataScope\":\"4\",\"delFlag\":\"0\",\"deptCheckStrictly\":true,\"flag\":false,\"menuCheckStrictly\":true,\"menuIds\":[1,100,1000,1001,1002,1003,1004,1005,1006,102,1012,1013,1014,1015,103,1016,1017,1018,1019,104,1020,1021,1022,1023,1024,105,1025,1026,1027,1028,1029,106,1030,1031,1032,1033,1034,107,1035,1036,1037,1038,108,500,1039,1040,1041,501,1042,1043,1044,1045],\"params\":{},\"roleId\":101,\"roleKey\":\"company\",\"roleName\":\"连级管理员\",\"roleSort\":4,\"status\":\"0\",\"updateBy\":\"admin\"}', '{\"msg\":\"操作成功\",\"code\":200}', 0, NULL, '2023-07-05 10:30:43', 32);
INSERT INTO `sys_oper_log` VALUES (162, '菜单管理', 2, 'com.ruoyi.web.controller.system.SysMenuController.edit()', 'PUT', 1, 'admin', NULL, '/system/menu', '127.0.0.1', '内网IP', '{\"children\":[],\"component\":\"system/post/index\",\"createTime\":\"2023-07-02 12:38:43\",\"icon\":\"post\",\"isCache\":\"0\",\"isFrame\":\"1\",\"menuId\":104,\"menuName\":\"岗位管理\",\"menuType\":\"C\",\"orderNum\":5,\"params\":{},\"parentId\":1,\"path\":\"post\",\"perms\":\"system:post:list\",\"query\":\"\",\"status\":\"0\",\"updateBy\":\"admin\",\"visible\":\"0\"}', '{\"msg\":\"操作成功\",\"code\":200}', 0, NULL, '2023-07-05 10:34:53', 18);
INSERT INTO `sys_oper_log` VALUES (163, '岗位管理', 2, 'com.ruoyi.web.controller.system.SysPostController.edit()', 'PUT', 1, 'admin', NULL, '/system/post', '127.0.0.1', '内网IP', '{\"createBy\":\"admin\",\"createTime\":\"2023-07-02 12:38:43\",\"flag\":false,\"params\":{},\"postCode\":\"ceo\",\"postId\":1,\"postName\":\"一炮手\",\"postSort\":1,\"remark\":\"\",\"status\":\"0\",\"updateBy\":\"admin\"}', '{\"msg\":\"操作成功\",\"code\":200}', 0, NULL, '2023-07-05 10:35:18', 10);
INSERT INTO `sys_oper_log` VALUES (164, '岗位管理', 2, 'com.ruoyi.web.controller.system.SysPostController.edit()', 'PUT', 1, 'admin', NULL, '/system/post', '127.0.0.1', '内网IP', '{\"createBy\":\"admin\",\"createTime\":\"2023-07-02 12:38:43\",\"flag\":false,\"params\":{},\"postCode\":\"se\",\"postId\":2,\"postName\":\"二炮手\",\"postSort\":2,\"remark\":\"\",\"status\":\"0\",\"updateBy\":\"admin\"}', '{\"msg\":\"操作成功\",\"code\":200}', 0, NULL, '2023-07-05 10:35:25', 14);
INSERT INTO `sys_oper_log` VALUES (165, '岗位管理', 2, 'com.ruoyi.web.controller.system.SysPostController.edit()', 'PUT', 1, 'admin', NULL, '/system/post', '127.0.0.1', '内网IP', '{\"createBy\":\"admin\",\"createTime\":\"2023-07-02 12:38:43\",\"flag\":false,\"params\":{},\"postCode\":\"hr\",\"postId\":3,\"postName\":\"炮长\",\"postSort\":3,\"remark\":\"\",\"status\":\"0\",\"updateBy\":\"admin\"}', '{\"msg\":\"操作成功\",\"code\":200}', 0, NULL, '2023-07-05 10:35:33', 12);
INSERT INTO `sys_oper_log` VALUES (166, '岗位管理', 2, 'com.ruoyi.web.controller.system.SysPostController.edit()', 'PUT', 1, 'admin', NULL, '/system/post', '127.0.0.1', '内网IP', '{\"createBy\":\"admin\",\"createTime\":\"2023-07-02 12:38:43\",\"flag\":false,\"params\":{},\"postCode\":\"user\",\"postId\":4,\"postName\":\"驾驶员\",\"postSort\":4,\"remark\":\"\",\"status\":\"0\",\"updateBy\":\"admin\"}', '{\"msg\":\"操作成功\",\"code\":200}', 0, NULL, '2023-07-05 10:35:39', 11);
INSERT INTO `sys_oper_log` VALUES (167, '代码生成', 6, 'com.ruoyi.generator.controller.GenController.importTableSave()', 'POST', 1, 'admin', NULL, '/tool/gen/importTable', '127.0.0.1', '内网IP', '{\"tables\":\"teacher\"}', '{\"msg\":\"操作成功\",\"code\":200}', 0, NULL, '2023-07-05 11:04:40', 186);
INSERT INTO `sys_oper_log` VALUES (168, '代码生成', 8, 'com.ruoyi.generator.controller.GenController.batchGenCode()', 'GET', 1, 'admin', NULL, '/tool/gen/batchGenCode', '127.0.0.1', '内网IP', '{\"tables\":\"teacher\"}', NULL, 0, NULL, '2023-07-05 11:53:08', 26);
INSERT INTO `sys_oper_log` VALUES (169, '代码生成', 8, 'com.ruoyi.generator.controller.GenController.batchGenCode()', 'GET', 1, 'admin', NULL, '/tool/gen/batchGenCode', '127.0.0.1', '内网IP', '{\"tables\":\"teacher\"}', NULL, 0, NULL, '2023-07-05 11:53:09', 23);
INSERT INTO `sys_oper_log` VALUES (170, '菜单管理', 1, 'com.ruoyi.web.controller.system.SysMenuController.add()', 'POST', 1, 'admin', NULL, '/system/menu', '127.0.0.1', '内网IP', '{\"children\":[],\"component\":\"/system/teacher/index\",\"createBy\":\"admin\",\"icon\":\"build\",\"isCache\":\"0\",\"isFrame\":\"1\",\"menuName\":\"测试老师\",\"menuType\":\"C\",\"orderNum\":4,\"params\":{},\"parentId\":3,\"path\":\"teacher\",\"perms\":\"system:teacher:list\",\"status\":\"0\",\"visible\":\"0\"}', '{\"msg\":\"操作成功\",\"code\":200}', 0, NULL, '2023-07-05 12:11:40', 22);
INSERT INTO `sys_oper_log` VALUES (171, '菜单管理', 2, 'com.ruoyi.web.controller.system.SysMenuController.edit()', 'PUT', 1, 'admin', NULL, '/system/menu', '127.0.0.1', '内网IP', '{\"children\":[],\"component\":\"system/teacher/index\",\"createTime\":\"2023-07-05 12:11:40\",\"icon\":\"build\",\"isCache\":\"0\",\"isFrame\":\"1\",\"menuId\":2000,\"menuName\":\"测试老师\",\"menuType\":\"C\",\"orderNum\":4,\"params\":{},\"parentId\":3,\"path\":\"teacher\",\"perms\":\"system:teacher:list\",\"status\":\"0\",\"updateBy\":\"admin\",\"visible\":\"0\"}', '{\"msg\":\"操作成功\",\"code\":200}', 0, NULL, '2023-07-05 12:13:07', 12);
INSERT INTO `sys_oper_log` VALUES (172, '【请填写功能名称】', 5, 'com.ruoyi.system.controller.TeacherController.export()', 'POST', 1, 'admin', NULL, '/system/teacher/export', '127.0.0.1', '内网IP', '{\"pageSize\":\"10\",\"pageNum\":\"1\"}', NULL, 0, NULL, '2023-07-05 12:13:55', 528);
INSERT INTO `sys_oper_log` VALUES (173, '【请填写功能名称】', 1, 'com.ruoyi.system.controller.TeacherController.add()', 'POST', 1, 'admin', NULL, '/system/teacher', '127.0.0.1', '内网IP', '{\"academicTitle\":\"1\",\"createTime\":\"2023-07-05 12:15:42\",\"delFlag\":\"1\",\"deptId\":1,\"evaluateScore\":\"1\",\"evaluateState\":\"1\",\"gender\":\"1\",\"internal\":\"1\",\"params\":{},\"realName\":\"1\",\"teacherNo\":\"1\",\"userId\":1}', NULL, 1, '\r\n### Error updating database.  Cause: java.sql.SQLIntegrityConstraintViolationException: Cannot add or update a child row: a foreign key constraint fails (`jiaoxue`.`teacher`, CONSTRAINT `fk_teacher_dept` FOREIGN KEY (`dept_id`) REFERENCES `sys_dept` (`dept_id`))\r\n### The error may exist in file [E:\\2023\\成绩管理系统_ruoyi\\RuoYi-Vue-master\\ruoyi-system\\target\\classes\\mapper\\system\\TeacherMapper.xml]\r\n### The error may involve com.ruoyi.system.mapper.TeacherMapper.insertTeacher-Inline\r\n### The error occurred while setting parameters\r\n### SQL: insert into teacher          ( dept_id,                          del_flag,                          create_time,                                       teacher_no,             real_name,             gender,             evaluate_score,             evaluate_state,             academic_title,             internal,             user_id )           values ( ?,                          ?,                          ?,                                       ?,             ?,             ?,             ?,             ?,             ?,             ?,             ? )\r\n### Cause: java.sql.SQLIntegrityConstraintViolationException: Cannot add or update a child row: a foreign key constraint fails (`jiaoxue`.`teacher`, CONSTRAINT `fk_teacher_dept` FOREIGN KEY (`dept_id`) REFERENCES `sys_dept` (`dept_id`))\n; Cannot add or update a child row: a foreign key constraint fails (`jiaoxue`.`teacher`, CONSTRAINT `fk_teacher_dept` FOREIGN KEY (`dept_id`) REFERENCES `sys_dept` (`dept_id`)); nested exception is java.sql.SQLIntegrityConstraintViolationException: Cannot add or update a child row: a foreign key constraint fails (`jiaoxue`.`teacher`, CONSTRAINT `fk_teacher_dept` FOREIGN KEY (`dept_id`) REFERENCES `sys_dept` (`dept_id`))', '2023-07-05 12:15:42', 76);
INSERT INTO `sys_oper_log` VALUES (174, '菜单管理', 3, 'com.ruoyi.web.controller.system.SysMenuController.remove()', 'DELETE', 1, 'admin', NULL, '/system/menu/2000', '127.0.0.1', '内网IP', '{}', '{\"msg\":\"操作成功\",\"code\":200}', 0, NULL, '2023-07-05 12:16:35', 13);
INSERT INTO `sys_oper_log` VALUES (175, '【请填写功能名称】', 1, 'com.ruoyi.system.controller.TeacherController.add()', 'POST', 1, 'admin', NULL, '/system/teacher', '127.0.0.1', '内网IP', '{\"academicTitle\":\"1\",\"createTime\":\"2023-07-05 12:18:53\",\"delFlag\":\"1\",\"deptId\":1,\"evaluateScore\":\"1\",\"evaluateState\":\"1\",\"gender\":\"1\",\"internal\":\"1\",\"params\":{},\"realName\":\"1\",\"teacherNo\":\"1\",\"userId\":1}', NULL, 1, '\r\n### Error updating database.  Cause: java.sql.SQLIntegrityConstraintViolationException: Cannot add or update a child row: a foreign key constraint fails (`jiaoxue`.`teacher`, CONSTRAINT `fk_teacher_dept` FOREIGN KEY (`dept_id`) REFERENCES `sys_dept` (`dept_id`))\r\n### The error may exist in file [E:\\2023\\成绩管理系统_ruoyi\\RuoYi-Vue-master\\ruoyi-system\\target\\classes\\mapper\\system\\TeacherMapper.xml]\r\n### The error may involve com.ruoyi.system.mapper.TeacherMapper.insertTeacher-Inline\r\n### The error occurred while setting parameters\r\n### SQL: insert into teacher          ( dept_id,                          del_flag,                          create_time,                                       teacher_no,             real_name,             gender,             evaluate_score,             evaluate_state,             academic_title,             internal,             user_id )           values ( ?,                          ?,                          ?,                                       ?,             ?,             ?,             ?,             ?,             ?,             ?,             ? )\r\n### Cause: java.sql.SQLIntegrityConstraintViolationException: Cannot add or update a child row: a foreign key constraint fails (`jiaoxue`.`teacher`, CONSTRAINT `fk_teacher_dept` FOREIGN KEY (`dept_id`) REFERENCES `sys_dept` (`dept_id`))\n; Cannot add or update a child row: a foreign key constraint fails (`jiaoxue`.`teacher`, CONSTRAINT `fk_teacher_dept` FOREIGN KEY (`dept_id`) REFERENCES `sys_dept` (`dept_id`)); nested exception is java.sql.SQLIntegrityConstraintViolationException: Cannot add or update a child row: a foreign key constraint fails (`jiaoxue`.`teacher`, CONSTRAINT `fk_teacher_dept` FOREIGN KEY (`dept_id`) REFERENCES `sys_dept` (`dept_id`))', '2023-07-05 12:18:53', 12);
INSERT INTO `sys_oper_log` VALUES (176, '【请填写功能名称】', 1, 'com.ruoyi.system.controller.TeacherController.add()', 'POST', 1, 'admin', NULL, '/system/teacher', '127.0.0.1', '内网IP', '{\"academicTitle\":\"1\",\"createTime\":\"2023-07-05 12:19:26\",\"delFlag\":\"1\",\"deptId\":100,\"evaluateScore\":\"1\",\"evaluateState\":\"1\",\"gender\":\"1\",\"internal\":\"1\",\"params\":{},\"realName\":\"1\",\"teacherId\":3737,\"teacherNo\":\"1\",\"userId\":1}', '{\"msg\":\"操作成功\",\"code\":200}', 0, NULL, '2023-07-05 12:19:26', 14);
INSERT INTO `sys_oper_log` VALUES (177, '【请填写功能名称】', 1, 'com.ruoyi.system.controller.TeacherController.add()', 'POST', 1, 'admin', NULL, '/system/teacher', '127.0.0.1', '内网IP', '{\"academicTitle\":\"2\",\"createTime\":\"2023-07-05 12:19:45\",\"delFlag\":\"2\",\"deptId\":101,\"evaluateScore\":\"2\",\"evaluateState\":\"2\",\"gender\":\"2\",\"internal\":\"2\",\"params\":{},\"realName\":\"2\",\"teacherId\":3738,\"teacherNo\":\"2\",\"userId\":2}', '{\"msg\":\"操作成功\",\"code\":200}', 0, NULL, '2023-07-05 12:19:45', 7);
INSERT INTO `sys_oper_log` VALUES (178, '【请填写功能名称】', 1, 'com.ruoyi.system.controller.TeacherController.add()', 'POST', 1, 'admin', NULL, '/system/teacher', '127.0.0.1', '内网IP', '{\"academicTitle\":\"3\",\"createTime\":\"2023-07-05 12:20:26\",\"delFlag\":\"3\",\"deptId\":102,\"evaluateScore\":\"3\",\"evaluateState\":\"3\",\"gender\":\"3\",\"internal\":\"3\",\"params\":{},\"realName\":\"3\",\"teacherId\":3739,\"teacherNo\":\"3\",\"userId\":3}', '{\"msg\":\"操作成功\",\"code\":200}', 0, NULL, '2023-07-05 12:20:26', 10);
INSERT INTO `sys_oper_log` VALUES (179, '角色管理', 2, 'com.ruoyi.web.controller.system.SysRoleController.edit()', 'PUT', 1, 'admin', NULL, '/system/role', '127.0.0.1', '内网IP', '{\"admin\":false,\"createTime\":\"2023-07-02 12:42:25\",\"dataScope\":\"4\",\"delFlag\":\"0\",\"deptCheckStrictly\":true,\"flag\":false,\"menuCheckStrictly\":true,\"menuIds\":[1,3,100,1000,1001,1002,1003,1004,1005,1006,102,1012,1013,1014,1015,103,1016,1017,1018,1019,104,1020,1021,1022,1023,1024,105,1025,1026,1027,1028,1029,106,1030,1031,1032,1033,1034,107,1035,1036,1037,1038,108,500,1039,1040,1041,501,1042,1043,1044,1045,2001,2002,2003,2004,2005,2006],\"params\":{},\"roleId\":100,\"roleKey\":\"battalion\",\"roleName\":\"营级管理员\",\"roleSort\":3,\"status\":\"0\",\"updateBy\":\"admin\"}', '{\"msg\":\"操作成功\",\"code\":200}', 0, NULL, '2023-07-05 12:23:06', 25);
INSERT INTO `sys_oper_log` VALUES (180, '角色管理', 2, 'com.ruoyi.web.controller.system.SysRoleController.edit()', 'PUT', 1, 'admin', NULL, '/system/role', '127.0.0.1', '内网IP', '{\"admin\":false,\"createTime\":\"2023-07-02 12:43:31\",\"dataScope\":\"4\",\"delFlag\":\"0\",\"deptCheckStrictly\":true,\"flag\":false,\"menuCheckStrictly\":true,\"menuIds\":[1,3,100,1000,1001,1002,1003,1004,1005,1006,102,1012,1013,1014,1015,103,1016,1017,1018,1019,104,1020,1021,1022,1023,1024,105,1025,1026,1027,1028,1029,106,1030,1031,1032,1033,1034,107,1035,1036,1037,1038,108,500,1039,1040,1041,501,1042,1043,1044,1045,2001,2002,2003,2004,2005,2006],\"params\":{},\"roleId\":101,\"roleKey\":\"company\",\"roleName\":\"连级管理员\",\"roleSort\":4,\"status\":\"0\",\"updateBy\":\"admin\"}', '{\"msg\":\"操作成功\",\"code\":200}', 0, NULL, '2023-07-05 12:23:13', 25);
INSERT INTO `sys_oper_log` VALUES (181, '代码生成', 6, 'com.ruoyi.generator.controller.GenController.importTableSave()', 'POST', 1, 'admin', NULL, '/tool/gen/importTable', '127.0.0.1', '内网IP', '{\"tables\":\"sys_dept,student\"}', '{\"msg\":\"操作成功\",\"code\":200}', 0, NULL, '2023-07-05 12:49:34', 99);
INSERT INTO `sys_oper_log` VALUES (182, '角色管理', 2, 'com.ruoyi.web.controller.system.SysRoleController.dataScope()', 'PUT', 1, 'admin', NULL, '/system/role/dataScope', '127.0.0.1', '内网IP', '{\"admin\":false,\"createTime\":\"2023-07-02 12:43:31\",\"dataScope\":\"3\",\"delFlag\":\"0\",\"deptCheckStrictly\":true,\"deptIds\":[],\"flag\":false,\"menuCheckStrictly\":true,\"params\":{},\"roleId\":101,\"roleKey\":\"company\",\"roleName\":\"连级管理员\",\"roleSort\":4,\"status\":\"0\"}', '{\"msg\":\"操作成功\",\"code\":200}', 0, NULL, '2023-07-05 13:00:45', 19);
INSERT INTO `sys_oper_log` VALUES (183, '【请填写功能名称】', 1, 'com.ruoyi.system.controller.TeacherController.add()', 'POST', 1, '一营二连', NULL, '/system/teacher', '127.0.0.1', '内网IP', '{\"academicTitle\":\"9\",\"createTime\":\"2023-07-05 13:34:38\",\"delFlag\":\"9\",\"deptId\":109,\"evaluateScore\":\"9\",\"evaluateState\":\"9\",\"gender\":\"9\",\"internal\":\"9\",\"params\":{},\"realName\":\"9\",\"teacherId\":3740,\"teacherNo\":\"9\",\"userId\":9}', '{\"msg\":\"操作成功\",\"code\":200}', 0, NULL, '2023-07-05 13:34:38', 16);
INSERT INTO `sys_oper_log` VALUES (184, '【请填写功能名称】', 1, 'com.ruoyi.system.controller.TeacherController.add()', 'POST', 1, 'admin', NULL, '/system/teacher', '127.0.0.1', '内网IP', '{\"academicTitle\":\"8\",\"createTime\":\"2023-07-05 13:35:04\",\"delFlag\":\"8\",\"deptId\":109,\"evaluateScore\":\"8\",\"evaluateState\":\"8\",\"gender\":\"8\",\"params\":{},\"realName\":\"8\",\"teacherId\":3741,\"teacherNo\":\"8\"}', '{\"msg\":\"操作成功\",\"code\":200}', 0, NULL, '2023-07-05 13:35:04', 4);
INSERT INTO `sys_oper_log` VALUES (185, '【请填写功能名称】', 1, 'com.ruoyi.system.controller.TeacherController.add()', 'POST', 1, '一营二连', NULL, '/system/teacher', '127.0.0.1', '内网IP', '{\"createTime\":\"2023-07-05 13:47:30\",\"deptId\":104,\"params\":{},\"teacherId\":3742}', '{\"msg\":\"操作成功\",\"code\":200}', 0, NULL, '2023-07-05 13:47:30', 22);
INSERT INTO `sys_oper_log` VALUES (186, '【请填写功能名称】', 5, 'com.ruoyi.system.controller.TeacherController.export()', 'POST', 1, '一营二连', NULL, '/system/teacher/export', '127.0.0.1', '内网IP', '{\"pageSize\":\"10\",\"pageNum\":\"1\"}', NULL, 0, NULL, '2023-07-05 13:50:09', 542);
INSERT INTO `sys_oper_log` VALUES (187, '通知公告', 2, 'com.ruoyi.web.controller.system.SysNoticeController.edit()', 'PUT', 1, 'admin', NULL, '/system/notice', '127.0.0.1', '内网IP', '{\"createBy\":\"admin\",\"createTime\":\"2023-07-02 12:38:43\",\"noticeContent\":\"<p>维护内容</p>\",\"noticeId\":2,\"noticeTitle\":\"维护通知：2023-07-06 若依系统凌晨维护\",\"noticeType\":\"1\",\"params\":{},\"remark\":\"管理员\",\"status\":\"0\",\"updateBy\":\"admin\"}', '{\"msg\":\"操作成功\",\"code\":200}', 0, NULL, '2023-07-06 20:50:56', 5);
INSERT INTO `sys_oper_log` VALUES (188, '通知公告', 2, 'com.ruoyi.web.controller.system.SysNoticeController.edit()', 'PUT', 1, 'admin', NULL, '/system/notice', '127.0.0.1', '内网IP', '{\"createBy\":\"admin\",\"createTime\":\"2023-07-02 12:38:43\",\"noticeContent\":\"<p>新版本内容</p>\",\"noticeId\":1,\"noticeTitle\":\"温馨提醒：2023-07-08 若依新版本发布啦\",\"noticeType\":\"2\",\"params\":{},\"remark\":\"管理员\",\"status\":\"0\",\"updateBy\":\"admin\"}', '{\"msg\":\"操作成功\",\"code\":200}', 0, NULL, '2023-07-06 20:51:05', 7);
INSERT INTO `sys_oper_log` VALUES (189, '参数管理', 2, 'com.ruoyi.web.controller.system.SysConfigController.edit()', 'PUT', 1, 'admin', NULL, '/system/config', '127.0.0.1', '内网IP', '{\"configId\":4,\"configKey\":\"sys.account.captchaEnabled\",\"configName\":\"账号自助-验证码开关\",\"configType\":\"Y\",\"configValue\":\"false\",\"createBy\":\"admin\",\"createTime\":\"2023-07-02 12:38:43\",\"params\":{},\"remark\":\"是否开启验证码功能（true开启，false关闭）\",\"updateBy\":\"admin\"}', '{\"msg\":\"操作成功\",\"code\":200}', 0, NULL, '2023-07-06 20:52:27', 11);
INSERT INTO `sys_oper_log` VALUES (190, '参数管理', 2, 'com.ruoyi.web.controller.system.SysConfigController.edit()', 'PUT', 1, 'admin', NULL, '/system/config', '127.0.0.1', '内网IP', '{\"configId\":5,\"configKey\":\"sys.account.registerUser\",\"configName\":\"账号自助-是否开启用户注册功能\",\"configType\":\"Y\",\"configValue\":\"true\",\"createBy\":\"admin\",\"createTime\":\"2023-07-02 12:38:43\",\"params\":{},\"remark\":\"是否开启注册用户功能（true开启，false关闭）\",\"updateBy\":\"admin\"}', '{\"msg\":\"操作成功\",\"code\":200}', 0, NULL, '2023-07-06 20:52:42', 10);
INSERT INTO `sys_oper_log` VALUES (191, '参数管理', 2, 'com.ruoyi.web.controller.system.SysConfigController.edit()', 'PUT', 1, 'admin', NULL, '/system/config', '127.0.0.1', '内网IP', '{\"configId\":5,\"configKey\":\"sys.account.registerUser\",\"configName\":\"账号自助-是否开启用户注册功能\",\"configType\":\"N\",\"configValue\":\"true\",\"createBy\":\"admin\",\"createTime\":\"2023-07-02 12:38:43\",\"params\":{},\"remark\":\"是否开启注册用户功能（true开启，false关闭）\",\"updateBy\":\"admin\",\"updateTime\":\"2023-07-06 20:52:42\"}', '{\"msg\":\"操作成功\",\"code\":200}', 0, NULL, '2023-07-06 20:57:58', 11);
INSERT INTO `sys_oper_log` VALUES (192, '菜单管理', 2, 'com.ruoyi.web.controller.system.SysMenuController.edit()', 'PUT', 1, 'admin', NULL, '/system/menu', '127.0.0.1', '内网IP', '{\"children\":[],\"createTime\":\"2023-07-02 12:38:43\",\"icon\":\"guide\",\"isCache\":\"0\",\"isFrame\":\"0\",\"menuId\":4,\"menuName\":\"若依官网\",\"menuType\":\"M\",\"orderNum\":4,\"params\":{},\"parentId\":0,\"path\":\"http://ruoyi.vip\",\"perms\":\"\",\"query\":\"\",\"status\":\"1\",\"updateBy\":\"admin\",\"visible\":\"1\"}', '{\"msg\":\"操作成功\",\"code\":200}', 0, NULL, '2023-07-06 21:00:57', 8);
INSERT INTO `sys_oper_log` VALUES (193, '菜单管理', 2, 'com.ruoyi.web.controller.system.SysMenuController.edit()', 'PUT', 1, 'admin', NULL, '/system/menu', '127.0.0.1', '内网IP', '{\"children\":[],\"component\":\"system/teacher/index\",\"createTime\":\"2023-07-05 12:16:53\",\"icon\":\"#\",\"isCache\":\"0\",\"isFrame\":\"1\",\"menuId\":2001,\"menuName\":\"【请填写功能名称】\",\"menuType\":\"C\",\"orderNum\":1,\"params\":{},\"parentId\":0,\"path\":\"teacher\",\"perms\":\"system:teacher:list\",\"status\":\"0\",\"updateBy\":\"admin\",\"visible\":\"0\"}', '{\"msg\":\"操作成功\",\"code\":200}', 0, NULL, '2023-07-06 21:02:58', 11);
INSERT INTO `sys_oper_log` VALUES (194, '菜单管理', 2, 'com.ruoyi.web.controller.system.SysMenuController.edit()', 'PUT', 1, 'admin', NULL, '/system/menu', '127.0.0.1', '内网IP', '{\"children\":[],\"component\":\"system/teacher/index\",\"createTime\":\"2023-07-05 12:16:53\",\"icon\":\"documentation\",\"isCache\":\"0\",\"isFrame\":\"1\",\"menuId\":2001,\"menuName\":\"【请填写功能名称】\",\"menuType\":\"C\",\"orderNum\":1,\"params\":{},\"parentId\":0,\"path\":\"teacher\",\"perms\":\"system:teacher:list\",\"status\":\"0\",\"updateBy\":\"admin\",\"visible\":\"0\"}', '{\"msg\":\"操作成功\",\"code\":200}', 0, NULL, '2023-07-06 21:03:22', 13);
INSERT INTO `sys_oper_log` VALUES (195, '代码生成', 6, 'com.ruoyi.generator.controller.GenController.importTableSave()', 'POST', 1, 'admin', NULL, '/tool/gen/importTable', '127.0.0.1', '内网IP', '{\"tables\":\"metaclass,evalution_activity,evaluation_paper,evaluation_item,evaluation_history,evaluation,courseclass_teacher,courseclass_student,paper_item_category,courseclass_metaclass,paper_item,courseclass,paper_course_type,teachercourse,course\"}', '{\"msg\":\"操作成功\",\"code\":200}', 0, NULL, '2023-07-07 07:32:54', 251);
INSERT INTO `sys_oper_log` VALUES (196, '代码生成', 2, 'com.ruoyi.generator.controller.GenController.editSave()', 'PUT', 1, 'admin', NULL, '/tool/gen', '127.0.0.1', '内网IP', '{\"businessName\":\"student\",\"className\":\"Student\",\"columns\":[{\"capJavaField\":\"StudentId\",\"columnComment\":\"学生id\",\"columnId\":82,\"columnName\":\"student_id\",\"columnType\":\"int(11)\",\"createBy\":\"admin\",\"createTime\":\"2023-07-05 12:49:34\",\"dictType\":\"\",\"edit\":false,\"htmlType\":\"input\",\"increment\":true,\"insert\":true,\"isIncrement\":\"1\",\"isInsert\":\"1\",\"isPk\":\"1\",\"javaField\":\"studentId\",\"javaType\":\"Long\",\"list\":false,\"params\":{},\"pk\":true,\"query\":false,\"queryType\":\"EQ\",\"required\":false,\"sort\":1,\"superColumn\":false,\"tableId\":7,\"updateBy\":\"\",\"usableColumn\":false},{\"capJavaField\":\"MeataclassId\",\"columnComment\":\"行政班级id\",\"columnId\":83,\"columnName\":\"meataclass_id\",\"columnType\":\"int(11)\",\"createBy\":\"admin\",\"createTime\":\"2023-07-05 12:49:34\",\"dictType\":\"\",\"edit\":true,\"htmlType\":\"input\",\"increment\":false,\"insert\":true,\"isEdit\":\"1\",\"isIncrement\":\"0\",\"isInsert\":\"1\",\"isList\":\"1\",\"isPk\":\"0\",\"isQuery\":\"1\",\"javaField\":\"meataclassId\",\"javaType\":\"Long\",\"list\":true,\"params\":{},\"pk\":false,\"query\":true,\"queryType\":\"EQ\",\"required\":false,\"sort\":2,\"superColumn\":false,\"tableId\":7,\"updateBy\":\"\",\"usableColumn\":false},{\"capJavaField\":\"Status\",\"columnComment\":\"状态\",\"columnId\":84,\"columnName\":\"status\",\"columnType\":\"char(1)\",\"createBy\":\"admin\",\"createTime\":\"2023-07-05 12:49:34\",\"dictType\":\"\",\"edit\":true,\"htmlType\":\"radio\",\"increment\":false,\"insert\":true,\"isEdit\":\"1\",\"isIncrement\":\"0\",\"isInsert\":\"1\",\"isList\":\"1\",\"isPk\":\"0\",\"isQuery\":\"1\",\"javaField\":\"status\",\"javaType\":\"String\",\"list\":true,\"params\":{},\"pk\":false,\"query\":true,\"queryType\":\"EQ\",\"required\":false,\"sort\":3,\"superColumn\":false,\"tableId\":7,\"updateBy\":\"\",\"usableColumn\":false},{\"capJavaField\":\"DelFlag\",\"columnComment\":\"是否删除\",\"columnId\":85,\"columnName\":\"del_flag\",\"columnType\":\"char(1)\",\"createBy\":\"admin\",\"createTime\":\"2023-07-05 12:49:34\",\"dictType\":\"\",\"edit\":false,\"htmlType\":\"input\",\"increment\":false,\"insert\":true,\"isIncrement\":\"0\",\"isInsert\":\"1\",\"isPk\":\"0\",\"javaField\":\"delFlag\",\"javaType\":\"String\",\"list\":false,\"params\":{},\"pk\":false,\"query\":false,\"queryType\"', '{\"msg\":\"操作成功\",\"code\":200}', 0, NULL, '2023-07-07 07:33:55', 19);
INSERT INTO `sys_oper_log` VALUES (197, '代码生成', 2, 'com.ruoyi.generator.controller.GenController.editSave()', 'PUT', 1, 'admin', NULL, '/tool/gen', '127.0.0.1', '内网IP', '{\"businessName\":\"teacher\",\"className\":\"Teacher\",\"columns\":[{\"capJavaField\":\"TeacherId\",\"columnComment\":\"教师id\",\"columnId\":66,\"columnName\":\"teacher_id\",\"columnType\":\"int(11)\",\"createBy\":\"admin\",\"createTime\":\"2023-07-05 11:04:40\",\"dictType\":\"\",\"edit\":false,\"htmlType\":\"input\",\"increment\":true,\"insert\":true,\"isIncrement\":\"1\",\"isInsert\":\"1\",\"isPk\":\"1\",\"javaField\":\"teacherId\",\"javaType\":\"Long\",\"list\":false,\"params\":{},\"pk\":true,\"query\":false,\"queryType\":\"EQ\",\"required\":false,\"sort\":1,\"superColumn\":false,\"tableId\":6,\"updateBy\":\"\",\"usableColumn\":false},{\"capJavaField\":\"DeptId\",\"columnComment\":\"部门id\",\"columnId\":67,\"columnName\":\"dept_id\",\"columnType\":\"bigint(20)\",\"createBy\":\"admin\",\"createTime\":\"2023-07-05 11:04:40\",\"dictType\":\"\",\"edit\":true,\"htmlType\":\"input\",\"increment\":false,\"insert\":true,\"isEdit\":\"1\",\"isIncrement\":\"0\",\"isInsert\":\"1\",\"isList\":\"1\",\"isPk\":\"0\",\"isQuery\":\"1\",\"javaField\":\"deptId\",\"javaType\":\"Long\",\"list\":true,\"params\":{},\"pk\":false,\"query\":true,\"queryType\":\"EQ\",\"required\":false,\"sort\":2,\"superColumn\":false,\"tableId\":6,\"updateBy\":\"\",\"usableColumn\":false},{\"capJavaField\":\"Status\",\"columnComment\":\"状态\",\"columnId\":68,\"columnName\":\"status\",\"columnType\":\"char(1)\",\"createBy\":\"admin\",\"createTime\":\"2023-07-05 11:04:40\",\"dictType\":\"\",\"edit\":true,\"htmlType\":\"radio\",\"increment\":false,\"insert\":true,\"isEdit\":\"1\",\"isIncrement\":\"0\",\"isInsert\":\"1\",\"isList\":\"1\",\"isPk\":\"0\",\"isQuery\":\"1\",\"javaField\":\"status\",\"javaType\":\"String\",\"list\":true,\"params\":{},\"pk\":false,\"query\":true,\"queryType\":\"EQ\",\"required\":false,\"sort\":3,\"superColumn\":false,\"tableId\":6,\"updateBy\":\"\",\"usableColumn\":false},{\"capJavaField\":\"DelFlag\",\"columnComment\":\"删除标志\",\"columnId\":69,\"columnName\":\"del_flag\",\"columnType\":\"char(1)\",\"createBy\":\"admin\",\"createTime\":\"2023-07-05 11:04:40\",\"dictType\":\"\",\"edit\":false,\"htmlType\":\"input\",\"increment\":false,\"insert\":true,\"isIncrement\":\"0\",\"isInsert\":\"1\",\"isPk\":\"0\",\"javaField\":\"delFlag\",\"javaType\":\"String\",\"list\":false,\"params\":{},\"pk\":false,\"query\":false,\"queryType\":\"EQ\",\"required\":', '{\"msg\":\"操作成功\",\"code\":200}', 0, NULL, '2023-07-07 07:34:19', 36);
INSERT INTO `sys_oper_log` VALUES (198, '代码生成', 2, 'com.ruoyi.generator.controller.GenController.editSave()', 'PUT', 1, 'admin', NULL, '/tool/gen', '127.0.0.1', '内网IP', '{\"businessName\":\"courseclass\",\"className\":\"Courseclass\",\"columns\":[{\"capJavaField\":\"CourseclassId\",\"columnComment\":\"上课班级id\",\"columnId\":122,\"columnName\":\"courseclass_id\",\"columnType\":\"int(11)\",\"createBy\":\"admin\",\"createTime\":\"2023-07-07 07:32:54\",\"dictType\":\"\",\"edit\":false,\"htmlType\":\"input\",\"increment\":true,\"insert\":true,\"isIncrement\":\"1\",\"isInsert\":\"1\",\"isPk\":\"1\",\"javaField\":\"courseclassId\",\"javaType\":\"Long\",\"list\":false,\"params\":{},\"pk\":true,\"query\":false,\"queryType\":\"EQ\",\"required\":false,\"sort\":1,\"superColumn\":false,\"tableId\":10,\"updateBy\":\"\",\"usableColumn\":false},{\"capJavaField\":\"CourseId\",\"columnComment\":\"课程id\",\"columnId\":123,\"columnName\":\"course_id\",\"columnType\":\"int(11)\",\"createBy\":\"admin\",\"createTime\":\"2023-07-07 07:32:54\",\"dictType\":\"\",\"edit\":true,\"htmlType\":\"input\",\"increment\":false,\"insert\":true,\"isEdit\":\"1\",\"isIncrement\":\"0\",\"isInsert\":\"1\",\"isList\":\"1\",\"isPk\":\"0\",\"isQuery\":\"1\",\"javaField\":\"courseId\",\"javaType\":\"Long\",\"list\":true,\"params\":{},\"pk\":false,\"query\":true,\"queryType\":\"EQ\",\"required\":false,\"sort\":2,\"superColumn\":false,\"tableId\":10,\"updateBy\":\"\",\"usableColumn\":false},{\"capJavaField\":\"CourseclassNo\",\"columnComment\":\"上课班级班号\",\"columnId\":124,\"columnName\":\"courseclass_no\",\"columnType\":\"varchar(50)\",\"createBy\":\"admin\",\"createTime\":\"2023-07-07 07:32:54\",\"dictType\":\"\",\"edit\":true,\"htmlType\":\"input\",\"increment\":false,\"insert\":true,\"isEdit\":\"1\",\"isIncrement\":\"0\",\"isInsert\":\"1\",\"isList\":\"1\",\"isPk\":\"0\",\"isQuery\":\"1\",\"javaField\":\"courseclassNo\",\"javaType\":\"String\",\"list\":true,\"params\":{},\"pk\":false,\"query\":true,\"queryType\":\"EQ\",\"required\":false,\"sort\":3,\"superColumn\":false,\"tableId\":10,\"updateBy\":\"\",\"usableColumn\":false},{\"capJavaField\":\"Status\",\"columnComment\":\"状态\",\"columnId\":125,\"columnName\":\"status\",\"columnType\":\"char(1)\",\"createBy\":\"admin\",\"createTime\":\"2023-07-07 07:32:54\",\"dictType\":\"\",\"edit\":true,\"htmlType\":\"radio\",\"increment\":false,\"insert\":true,\"isEdit\":\"1\",\"isIncrement\":\"0\",\"isInsert\":\"1\",\"isList\":\"1\",\"isPk\":\"0\",\"isQuery\":\"1\",\"javaField\":\"status\",\"ja', '{\"msg\":\"操作成功\",\"code\":200}', 0, NULL, '2023-07-07 07:36:40', 16);
INSERT INTO `sys_oper_log` VALUES (199, '代码生成', 2, 'com.ruoyi.generator.controller.GenController.editSave()', 'PUT', 1, 'admin', NULL, '/tool/gen', '127.0.0.1', '内网IP', '{\"businessName\":\"courseclass\",\"className\":\"Courseclass\",\"columns\":[{\"capJavaField\":\"CourseclassId\",\"columnComment\":\"上课班级id\",\"columnId\":122,\"columnName\":\"courseclass_id\",\"columnType\":\"int(11)\",\"createBy\":\"admin\",\"createTime\":\"2023-07-07 07:32:54\",\"dictType\":\"\",\"edit\":false,\"htmlType\":\"input\",\"increment\":true,\"insert\":true,\"isIncrement\":\"1\",\"isInsert\":\"1\",\"isPk\":\"1\",\"javaField\":\"courseclassId\",\"javaType\":\"Long\",\"list\":false,\"params\":{},\"pk\":true,\"query\":false,\"queryType\":\"EQ\",\"required\":false,\"sort\":1,\"superColumn\":false,\"tableId\":10,\"updateBy\":\"\",\"updateTime\":\"2023-07-07 07:36:40\",\"usableColumn\":false},{\"capJavaField\":\"CourseId\",\"columnComment\":\"课程id\",\"columnId\":123,\"columnName\":\"course_id\",\"columnType\":\"int(11)\",\"createBy\":\"admin\",\"createTime\":\"2023-07-07 07:32:54\",\"dictType\":\"\",\"edit\":true,\"htmlType\":\"input\",\"increment\":false,\"insert\":true,\"isEdit\":\"1\",\"isIncrement\":\"0\",\"isInsert\":\"1\",\"isList\":\"1\",\"isPk\":\"0\",\"isQuery\":\"1\",\"javaField\":\"courseId\",\"javaType\":\"Long\",\"list\":true,\"params\":{},\"pk\":false,\"query\":true,\"queryType\":\"EQ\",\"required\":false,\"sort\":2,\"superColumn\":false,\"tableId\":10,\"updateBy\":\"\",\"updateTime\":\"2023-07-07 07:36:40\",\"usableColumn\":false},{\"capJavaField\":\"CourseclassNo\",\"columnComment\":\"上课班级班号\",\"columnId\":124,\"columnName\":\"courseclass_no\",\"columnType\":\"varchar(50)\",\"createBy\":\"admin\",\"createTime\":\"2023-07-07 07:32:54\",\"dictType\":\"\",\"edit\":true,\"htmlType\":\"input\",\"increment\":false,\"insert\":true,\"isEdit\":\"1\",\"isIncrement\":\"0\",\"isInsert\":\"1\",\"isList\":\"1\",\"isPk\":\"0\",\"isQuery\":\"1\",\"javaField\":\"courseclassNo\",\"javaType\":\"String\",\"list\":true,\"params\":{},\"pk\":false,\"query\":true,\"queryType\":\"EQ\",\"required\":false,\"sort\":3,\"superColumn\":false,\"tableId\":10,\"updateBy\":\"\",\"updateTime\":\"2023-07-07 07:36:40\",\"usableColumn\":false},{\"capJavaField\":\"Status\",\"columnComment\":\"状态\",\"columnId\":125,\"columnName\":\"status\",\"columnType\":\"char(1)\",\"createBy\":\"admin\",\"createTime\":\"2023-07-07 07:32:54\",\"dictType\":\"\",\"edit\":true,\"htmlType\":\"radio\",\"increment\":false,\"insert\":true,\"is', '{\"msg\":\"操作成功\",\"code\":200}', 0, NULL, '2023-07-07 07:38:01', 21);
INSERT INTO `sys_oper_log` VALUES (200, '代码生成', 2, 'com.ruoyi.generator.controller.GenController.editSave()', 'PUT', 1, 'admin', NULL, '/tool/gen', '127.0.0.1', '内网IP', '{\"businessName\":\"metaclass\",\"className\":\"Metaclass\",\"columns\":[{\"capJavaField\":\"MeataclassId\",\"columnComment\":\"行政班级id\",\"columnId\":197,\"columnName\":\"meataclass_id\",\"columnType\":\"int(11)\",\"createBy\":\"admin\",\"createTime\":\"2023-07-07 07:32:54\",\"dictType\":\"\",\"edit\":false,\"htmlType\":\"input\",\"increment\":true,\"insert\":true,\"isIncrement\":\"1\",\"isInsert\":\"1\",\"isPk\":\"1\",\"javaField\":\"meataclassId\",\"javaType\":\"Long\",\"list\":false,\"params\":{},\"pk\":true,\"query\":false,\"queryType\":\"EQ\",\"required\":false,\"sort\":1,\"superColumn\":false,\"tableId\":19,\"updateBy\":\"\",\"usableColumn\":false},{\"capJavaField\":\"MetaclassNo\",\"columnComment\":\"行政班级编号\",\"columnId\":198,\"columnName\":\"metaclass_no\",\"columnType\":\"varchar(50)\",\"createBy\":\"admin\",\"createTime\":\"2023-07-07 07:32:54\",\"dictType\":\"\",\"edit\":true,\"htmlType\":\"input\",\"increment\":false,\"insert\":true,\"isEdit\":\"1\",\"isIncrement\":\"0\",\"isInsert\":\"1\",\"isList\":\"1\",\"isPk\":\"0\",\"isQuery\":\"1\",\"javaField\":\"metaclassNo\",\"javaType\":\"String\",\"list\":true,\"params\":{},\"pk\":false,\"query\":true,\"queryType\":\"EQ\",\"required\":false,\"sort\":2,\"superColumn\":false,\"tableId\":19,\"updateBy\":\"\",\"usableColumn\":false},{\"capJavaField\":\"MetaclassName\",\"columnComment\":\"行政班级名称\",\"columnId\":199,\"columnName\":\"metaclass_name\",\"columnType\":\"varchar(50)\",\"createBy\":\"admin\",\"createTime\":\"2023-07-07 07:32:54\",\"dictType\":\"\",\"edit\":true,\"htmlType\":\"input\",\"increment\":false,\"insert\":true,\"isEdit\":\"1\",\"isIncrement\":\"0\",\"isInsert\":\"1\",\"isList\":\"1\",\"isPk\":\"0\",\"isQuery\":\"1\",\"javaField\":\"metaclassName\",\"javaType\":\"String\",\"list\":true,\"params\":{},\"pk\":false,\"query\":true,\"queryType\":\"LIKE\",\"required\":false,\"sort\":3,\"superColumn\":false,\"tableId\":19,\"updateBy\":\"\",\"usableColumn\":false},{\"capJavaField\":\"Grade\",\"columnComment\":\"年级\",\"columnId\":200,\"columnName\":\"grade\",\"columnType\":\"varchar(50)\",\"createBy\":\"admin\",\"createTime\":\"2023-07-07 07:32:54\",\"dictType\":\"\",\"edit\":true,\"htmlType\":\"input\",\"increment\":false,\"insert\":true,\"isEdit\":\"1\",\"isIncrement\":\"0\",\"isInsert\":\"1\",\"isList\":\"1\",\"isPk\":\"0\",\"isQuery\":\"1\",\"javaField', '{\"msg\":\"操作成功\",\"code\":200}', 0, NULL, '2023-07-07 07:38:47', 13);
INSERT INTO `sys_oper_log` VALUES (201, '代码生成', 2, 'com.ruoyi.generator.controller.GenController.editSave()', 'PUT', 1, 'admin', NULL, '/tool/gen', '127.0.0.1', '内网IP', '{\"businessName\":\"student\",\"className\":\"Student\",\"columns\":[{\"capJavaField\":\"StudentId\",\"columnComment\":\"学生id\",\"columnId\":82,\"columnName\":\"student_id\",\"columnType\":\"int(11)\",\"createBy\":\"admin\",\"createTime\":\"2023-07-05 12:49:34\",\"dictType\":\"\",\"edit\":false,\"htmlType\":\"input\",\"increment\":true,\"insert\":true,\"isIncrement\":\"1\",\"isInsert\":\"1\",\"isPk\":\"1\",\"javaField\":\"studentId\",\"javaType\":\"Long\",\"list\":false,\"params\":{},\"pk\":true,\"query\":false,\"queryType\":\"EQ\",\"required\":false,\"sort\":1,\"superColumn\":false,\"tableId\":7,\"updateBy\":\"\",\"updateTime\":\"2023-07-07 07:33:55\",\"usableColumn\":false},{\"capJavaField\":\"MeataclassId\",\"columnComment\":\"行政班级id\",\"columnId\":83,\"columnName\":\"meataclass_id\",\"columnType\":\"int(11)\",\"createBy\":\"admin\",\"createTime\":\"2023-07-05 12:49:34\",\"dictType\":\"\",\"edit\":true,\"htmlType\":\"input\",\"increment\":false,\"insert\":true,\"isEdit\":\"1\",\"isIncrement\":\"0\",\"isInsert\":\"1\",\"isList\":\"1\",\"isPk\":\"0\",\"isQuery\":\"1\",\"javaField\":\"meataclassId\",\"javaType\":\"Long\",\"list\":true,\"params\":{},\"pk\":false,\"query\":true,\"queryType\":\"EQ\",\"required\":false,\"sort\":2,\"superColumn\":false,\"tableId\":7,\"updateBy\":\"\",\"updateTime\":\"2023-07-07 07:33:55\",\"usableColumn\":false},{\"capJavaField\":\"Status\",\"columnComment\":\"状态\",\"columnId\":84,\"columnName\":\"status\",\"columnType\":\"char(1)\",\"createBy\":\"admin\",\"createTime\":\"2023-07-05 12:49:34\",\"dictType\":\"\",\"edit\":true,\"htmlType\":\"radio\",\"increment\":false,\"insert\":true,\"isEdit\":\"1\",\"isIncrement\":\"0\",\"isInsert\":\"1\",\"isList\":\"1\",\"isPk\":\"0\",\"isQuery\":\"1\",\"javaField\":\"status\",\"javaType\":\"String\",\"list\":true,\"params\":{},\"pk\":false,\"query\":true,\"queryType\":\"EQ\",\"required\":false,\"sort\":3,\"superColumn\":false,\"tableId\":7,\"updateBy\":\"\",\"updateTime\":\"2023-07-07 07:33:55\",\"usableColumn\":false},{\"capJavaField\":\"DelFlag\",\"columnComment\":\"是否删除\",\"columnId\":85,\"columnName\":\"del_flag\",\"columnType\":\"char(1)\",\"createBy\":\"admin\",\"createTime\":\"2023-07-05 12:49:34\",\"dictType\":\"\",\"edit\":false,\"htmlType\":\"input\",\"increment\":false,\"insert\":true,\"isIncrement\":\"0\",\"isInsert\":\"1\",\"isPk\":\"0', '{\"msg\":\"操作成功\",\"code\":200}', 0, NULL, '2023-07-07 07:42:26', 21);
INSERT INTO `sys_oper_log` VALUES (202, '代码生成', 8, 'com.ruoyi.generator.controller.GenController.batchGenCode()', 'GET', 1, 'admin', NULL, '/tool/gen/batchGenCode', '127.0.0.1', '内网IP', '{\"tables\":\"metaclass\"}', NULL, 0, NULL, '2023-07-07 07:42:43', 119);
INSERT INTO `sys_oper_log` VALUES (203, '代码生成', 8, 'com.ruoyi.generator.controller.GenController.batchGenCode()', 'GET', 1, 'admin', NULL, '/tool/gen/batchGenCode', '127.0.0.1', '内网IP', '{\"tables\":\"student\"}', NULL, 0, NULL, '2023-07-07 07:42:46', 32);
INSERT INTO `sys_oper_log` VALUES (204, '代码生成', 2, 'com.ruoyi.generator.controller.GenController.editSave()', 'PUT', 1, 'admin', NULL, '/tool/gen', '127.0.0.1', '内网IP', '{\"businessName\":\"metaclass\",\"className\":\"Metaclass\",\"columns\":[{\"capJavaField\":\"MeataclassId\",\"columnComment\":\"行政班级id\",\"columnId\":197,\"columnName\":\"meataclass_id\",\"columnType\":\"int(11)\",\"createBy\":\"admin\",\"createTime\":\"2023-07-07 07:32:54\",\"dictType\":\"\",\"edit\":false,\"htmlType\":\"input\",\"increment\":true,\"insert\":true,\"isIncrement\":\"1\",\"isInsert\":\"1\",\"isPk\":\"1\",\"javaField\":\"meataclassId\",\"javaType\":\"Long\",\"list\":false,\"params\":{},\"pk\":true,\"query\":false,\"queryType\":\"EQ\",\"required\":false,\"sort\":1,\"superColumn\":false,\"tableId\":19,\"updateBy\":\"\",\"updateTime\":\"2023-07-07 07:38:47\",\"usableColumn\":false},{\"capJavaField\":\"MetaclassNo\",\"columnComment\":\"行政班级编号\",\"columnId\":198,\"columnName\":\"metaclass_no\",\"columnType\":\"varchar(50)\",\"createBy\":\"admin\",\"createTime\":\"2023-07-07 07:32:54\",\"dictType\":\"\",\"edit\":true,\"htmlType\":\"input\",\"increment\":false,\"insert\":true,\"isEdit\":\"1\",\"isIncrement\":\"0\",\"isInsert\":\"1\",\"isList\":\"1\",\"isPk\":\"0\",\"isQuery\":\"1\",\"javaField\":\"metaclassNo\",\"javaType\":\"String\",\"list\":true,\"params\":{},\"pk\":false,\"query\":true,\"queryType\":\"EQ\",\"required\":false,\"sort\":2,\"superColumn\":false,\"tableId\":19,\"updateBy\":\"\",\"updateTime\":\"2023-07-07 07:38:47\",\"usableColumn\":false},{\"capJavaField\":\"MetaclassName\",\"columnComment\":\"行政班级名称\",\"columnId\":199,\"columnName\":\"metaclass_name\",\"columnType\":\"varchar(50)\",\"createBy\":\"admin\",\"createTime\":\"2023-07-07 07:32:54\",\"dictType\":\"\",\"edit\":true,\"htmlType\":\"input\",\"increment\":false,\"insert\":true,\"isEdit\":\"1\",\"isIncrement\":\"0\",\"isInsert\":\"1\",\"isList\":\"1\",\"isPk\":\"0\",\"isQuery\":\"1\",\"javaField\":\"metaclassName\",\"javaType\":\"String\",\"list\":true,\"params\":{},\"pk\":false,\"query\":true,\"queryType\":\"LIKE\",\"required\":false,\"sort\":3,\"superColumn\":false,\"tableId\":19,\"updateBy\":\"\",\"updateTime\":\"2023-07-07 07:38:47\",\"usableColumn\":false},{\"capJavaField\":\"Grade\",\"columnComment\":\"年级\",\"columnId\":200,\"columnName\":\"grade\",\"columnType\":\"varchar(50)\",\"createBy\":\"admin\",\"createTime\":\"2023-07-07 07:32:54\",\"dictType\":\"\",\"edit\":true,\"htmlType\":\"input\",\"increment\":false,\"in', '{\"msg\":\"操作成功\",\"code\":200}', 0, NULL, '2023-07-07 07:44:11', 13);
INSERT INTO `sys_oper_log` VALUES (205, '代码生成', 8, 'com.ruoyi.generator.controller.GenController.batchGenCode()', 'GET', 1, 'admin', NULL, '/tool/gen/batchGenCode', '127.0.0.1', '内网IP', '{\"tables\":\"metaclass\"}', NULL, 0, NULL, '2023-07-07 07:44:17', 29);
INSERT INTO `sys_oper_log` VALUES (206, '代码生成', 2, 'com.ruoyi.generator.controller.GenController.editSave()', 'PUT', 1, 'admin', NULL, '/tool/gen', '127.0.0.1', '内网IP', '{\"businessName\":\"metaclass\",\"className\":\"Metaclass\",\"columns\":[{\"capJavaField\":\"MeataclassId\",\"columnComment\":\"行政班级id\",\"columnId\":197,\"columnName\":\"meataclass_id\",\"columnType\":\"int(11)\",\"createBy\":\"admin\",\"createTime\":\"2023-07-07 07:32:54\",\"dictType\":\"\",\"edit\":false,\"htmlType\":\"input\",\"increment\":true,\"insert\":true,\"isIncrement\":\"1\",\"isInsert\":\"1\",\"isPk\":\"1\",\"javaField\":\"meataclassId\",\"javaType\":\"Long\",\"list\":false,\"params\":{},\"pk\":true,\"query\":false,\"queryType\":\"EQ\",\"required\":false,\"sort\":1,\"superColumn\":false,\"tableId\":19,\"updateBy\":\"\",\"updateTime\":\"2023-07-07 07:44:11\",\"usableColumn\":false},{\"capJavaField\":\"MetaclassNo\",\"columnComment\":\"行政班级编号\",\"columnId\":198,\"columnName\":\"metaclass_no\",\"columnType\":\"varchar(50)\",\"createBy\":\"admin\",\"createTime\":\"2023-07-07 07:32:54\",\"dictType\":\"\",\"edit\":true,\"htmlType\":\"input\",\"increment\":false,\"insert\":true,\"isEdit\":\"1\",\"isIncrement\":\"0\",\"isInsert\":\"1\",\"isList\":\"1\",\"isPk\":\"0\",\"isQuery\":\"1\",\"javaField\":\"metaclassNo\",\"javaType\":\"String\",\"list\":true,\"params\":{},\"pk\":false,\"query\":true,\"queryType\":\"EQ\",\"required\":false,\"sort\":2,\"superColumn\":false,\"tableId\":19,\"updateBy\":\"\",\"updateTime\":\"2023-07-07 07:44:11\",\"usableColumn\":false},{\"capJavaField\":\"MetaclassName\",\"columnComment\":\"行政班级名称\",\"columnId\":199,\"columnName\":\"metaclass_name\",\"columnType\":\"varchar(50)\",\"createBy\":\"admin\",\"createTime\":\"2023-07-07 07:32:54\",\"dictType\":\"\",\"edit\":true,\"htmlType\":\"input\",\"increment\":false,\"insert\":true,\"isEdit\":\"1\",\"isIncrement\":\"0\",\"isInsert\":\"1\",\"isList\":\"1\",\"isPk\":\"0\",\"isQuery\":\"1\",\"javaField\":\"metaclassName\",\"javaType\":\"String\",\"list\":true,\"params\":{},\"pk\":false,\"query\":true,\"queryType\":\"LIKE\",\"required\":false,\"sort\":3,\"superColumn\":false,\"tableId\":19,\"updateBy\":\"\",\"updateTime\":\"2023-07-07 07:44:11\",\"usableColumn\":false},{\"capJavaField\":\"Grade\",\"columnComment\":\"年级\",\"columnId\":200,\"columnName\":\"grade\",\"columnType\":\"varchar(50)\",\"createBy\":\"admin\",\"createTime\":\"2023-07-07 07:32:54\",\"dictType\":\"\",\"edit\":true,\"htmlType\":\"input\",\"increment\":false,\"in', '{\"msg\":\"操作成功\",\"code\":200}', 0, NULL, '2023-07-07 07:45:48', 12);
INSERT INTO `sys_oper_log` VALUES (207, '代码生成', 8, 'com.ruoyi.generator.controller.GenController.batchGenCode()', 'GET', 1, 'admin', NULL, '/tool/gen/batchGenCode', '127.0.0.1', '内网IP', '{\"tables\":\"metaclass\"}', NULL, 0, NULL, '2023-07-07 07:45:53', 20);
INSERT INTO `sys_oper_log` VALUES (208, '代码生成', 2, 'com.ruoyi.generator.controller.GenController.editSave()', 'PUT', 1, 'admin', NULL, '/tool/gen', '127.0.0.1', '内网IP', '{\"businessName\":\"courseclass\",\"className\":\"Courseclass\",\"columns\":[{\"capJavaField\":\"CourseclassId\",\"columnComment\":\"上课班级id\",\"columnId\":122,\"columnName\":\"courseclass_id\",\"columnType\":\"int(11)\",\"createBy\":\"admin\",\"createTime\":\"2023-07-07 07:32:54\",\"dictType\":\"\",\"edit\":false,\"htmlType\":\"input\",\"increment\":true,\"insert\":true,\"isIncrement\":\"1\",\"isInsert\":\"1\",\"isPk\":\"1\",\"javaField\":\"courseclassId\",\"javaType\":\"Long\",\"list\":false,\"params\":{},\"pk\":true,\"query\":false,\"queryType\":\"EQ\",\"required\":false,\"sort\":1,\"superColumn\":false,\"tableId\":10,\"updateBy\":\"\",\"updateTime\":\"2023-07-07 07:38:01\",\"usableColumn\":false},{\"capJavaField\":\"CourseId\",\"columnComment\":\"课程id\",\"columnId\":123,\"columnName\":\"course_id\",\"columnType\":\"int(11)\",\"createBy\":\"admin\",\"createTime\":\"2023-07-07 07:32:54\",\"dictType\":\"\",\"edit\":true,\"htmlType\":\"input\",\"increment\":false,\"insert\":true,\"isEdit\":\"1\",\"isIncrement\":\"0\",\"isInsert\":\"1\",\"isList\":\"1\",\"isPk\":\"0\",\"isQuery\":\"1\",\"javaField\":\"courseId\",\"javaType\":\"Long\",\"list\":true,\"params\":{},\"pk\":false,\"query\":true,\"queryType\":\"EQ\",\"required\":false,\"sort\":2,\"superColumn\":false,\"tableId\":10,\"updateBy\":\"\",\"updateTime\":\"2023-07-07 07:38:01\",\"usableColumn\":false},{\"capJavaField\":\"CourseclassNo\",\"columnComment\":\"上课班级班号\",\"columnId\":124,\"columnName\":\"courseclass_no\",\"columnType\":\"varchar(50)\",\"createBy\":\"admin\",\"createTime\":\"2023-07-07 07:32:54\",\"dictType\":\"\",\"edit\":true,\"htmlType\":\"input\",\"increment\":false,\"insert\":true,\"isEdit\":\"1\",\"isIncrement\":\"0\",\"isInsert\":\"1\",\"isList\":\"1\",\"isPk\":\"0\",\"isQuery\":\"1\",\"javaField\":\"courseclassNo\",\"javaType\":\"String\",\"list\":true,\"params\":{},\"pk\":false,\"query\":true,\"queryType\":\"EQ\",\"required\":false,\"sort\":3,\"superColumn\":false,\"tableId\":10,\"updateBy\":\"\",\"updateTime\":\"2023-07-07 07:38:01\",\"usableColumn\":false},{\"capJavaField\":\"Status\",\"columnComment\":\"状态\",\"columnId\":125,\"columnName\":\"status\",\"columnType\":\"char(1)\",\"createBy\":\"admin\",\"createTime\":\"2023-07-07 07:32:54\",\"dictType\":\"\",\"edit\":true,\"htmlType\":\"radio\",\"increment\":false,\"insert\":true,\"is', '{\"msg\":\"操作成功\",\"code\":200}', 0, NULL, '2023-07-07 07:46:09', 15);
INSERT INTO `sys_oper_log` VALUES (209, '代码生成', 8, 'com.ruoyi.generator.controller.GenController.batchGenCode()', 'GET', 1, 'admin', NULL, '/tool/gen/batchGenCode', '127.0.0.1', '内网IP', '{\"tables\":\"courseclass\"}', NULL, 0, NULL, '2023-07-07 07:46:12', 22);
INSERT INTO `sys_oper_log` VALUES (210, '代码生成', 8, 'com.ruoyi.generator.controller.GenController.batchGenCode()', 'GET', 1, 'admin', NULL, '/tool/gen/batchGenCode', '127.0.0.1', '内网IP', '{\"tables\":\"metaclass\"}', NULL, 0, NULL, '2023-07-07 07:47:19', 25);
INSERT INTO `sys_oper_log` VALUES (211, '菜单管理', 3, 'com.ruoyi.web.controller.system.SysMenuController.remove()', 'DELETE', 1, 'admin', NULL, '/system/menu/2001', '127.0.0.1', '内网IP', '{}', '{\"msg\":\"存在子菜单,不允许删除\",\"code\":601}', 0, NULL, '2023-07-07 07:53:22', 3);
INSERT INTO `sys_oper_log` VALUES (212, '菜单管理', 3, 'com.ruoyi.web.controller.system.SysMenuController.remove()', 'DELETE', 1, 'admin', NULL, '/system/menu/2001', '127.0.0.1', '内网IP', '{}', '{\"msg\":\"存在子菜单,不允许删除\",\"code\":601}', 0, NULL, '2023-07-07 07:53:30', 2);
INSERT INTO `sys_oper_log` VALUES (213, '菜单管理', 3, 'com.ruoyi.web.controller.system.SysMenuController.remove()', 'DELETE', 1, 'admin', NULL, '/system/menu/2002', '127.0.0.1', '内网IP', '{}', '{\"msg\":\"菜单已分配,不允许删除\",\"code\":601}', 0, NULL, '2023-07-07 07:53:37', 11);
INSERT INTO `sys_oper_log` VALUES (214, '菜单管理', 3, 'com.ruoyi.web.controller.system.SysMenuController.remove()', 'DELETE', 1, 'admin', NULL, '/system/menu/2001', '127.0.0.1', '内网IP', '{}', '{\"msg\":\"存在子菜单,不允许删除\",\"code\":601}', 0, NULL, '2023-07-07 07:57:16', 6);
INSERT INTO `sys_oper_log` VALUES (215, '菜单管理', 3, 'com.ruoyi.web.controller.system.SysMenuController.remove()', 'DELETE', 1, 'admin', NULL, '/system/menu/2005', '127.0.0.1', '内网IP', '{}', '{\"msg\":\"菜单已分配,不允许删除\",\"code\":601}', 0, NULL, '2023-07-07 07:57:21', 6);
INSERT INTO `sys_oper_log` VALUES (216, '菜单管理', 2, 'com.ruoyi.web.controller.system.SysMenuController.edit()', 'PUT', 1, 'admin', NULL, '/system/menu', '127.0.0.1', '内网IP', '{\"children\":[],\"component\":\"system/teacher/index\",\"createTime\":\"2023-07-05 12:16:53\",\"icon\":\"documentation\",\"isCache\":\"0\",\"isFrame\":\"1\",\"menuId\":2001,\"menuName\":\"【请填写功能名称】\",\"menuType\":\"C\",\"orderNum\":1,\"params\":{},\"parentId\":0,\"path\":\"teacher\",\"perms\":\"system:teacher:list\",\"status\":\"1\",\"updateBy\":\"admin\",\"visible\":\"1\"}', '{\"msg\":\"操作成功\",\"code\":200}', 0, NULL, '2023-07-07 07:57:31', 15);
INSERT INTO `sys_oper_log` VALUES (217, '菜单管理', 3, 'com.ruoyi.web.controller.system.SysMenuController.remove()', 'DELETE', 1, 'admin', NULL, '/system/menu/2001', '127.0.0.1', '内网IP', '{}', '{\"msg\":\"存在子菜单,不允许删除\",\"code\":601}', 0, NULL, '2023-07-07 07:57:37', 2);
INSERT INTO `sys_oper_log` VALUES (218, '菜单管理', 3, 'com.ruoyi.web.controller.system.SysMenuController.remove()', 'DELETE', 1, 'admin', NULL, '/system/menu/2002', '127.0.0.1', '内网IP', '{}', '{\"msg\":\"菜单已分配,不允许删除\",\"code\":601}', 0, NULL, '2023-07-07 07:57:42', 16);
INSERT INTO `sys_oper_log` VALUES (219, '菜单管理', 3, 'com.ruoyi.web.controller.system.SysMenuController.remove()', 'DELETE', 1, 'admin', NULL, '/system/menu/4', '127.0.0.1', '内网IP', '{}', '{\"msg\":\"菜单已分配,不允许删除\",\"code\":601}', 0, NULL, '2023-07-07 07:59:30', 4);
INSERT INTO `sys_oper_log` VALUES (220, '菜单管理', 2, 'com.ruoyi.web.controller.system.SysMenuController.edit()', 'PUT', 1, 'admin', NULL, '/system/menu', '127.0.0.1', '内网IP', '{\"children\":[],\"component\":\"system/metaclass/index\",\"createTime\":\"2023-07-07 07:56:46\",\"icon\":\"#\",\"isCache\":\"0\",\"isFrame\":\"1\",\"menuId\":2007,\"menuName\":\"班级\",\"menuType\":\"C\",\"orderNum\":1,\"params\":{},\"parentId\":0,\"path\":\"metaclass\",\"perms\":\"system:metaclass:list\",\"status\":\"0\",\"updateBy\":\"admin\",\"visible\":\"0\"}', '{\"msg\":\"操作成功\",\"code\":200}', 0, NULL, '2023-07-07 07:59:56', 9);
INSERT INTO `sys_oper_log` VALUES (221, '班级', 1, 'com.ruoyi.niuyabo.controller.MetaclassController.add()', 'POST', 1, 'admin', NULL, '/system/metaclass', '127.0.0.1', '内网IP', '{\"createTime\":\"2023-07-07 08:01:47\",\"delFlag\":\"1\",\"deptId\":1,\"grade\":\"1\",\"metaclassName\":\"1\",\"metaclassNo\":\"1\",\"params\":{},\"sysDeptList\":[{\"ancestors\":\"\",\"children\":[],\"deptName\":\"\",\"email\":\"\",\"leader\":\"\",\"params\":{},\"phone\":\"\",\"status\":\"\"}]}', NULL, 1, '\r\n### Error updating database.  Cause: java.sql.SQLIntegrityConstraintViolationException: Cannot add or update a child row: a foreign key constraint fails (`jiaoxue`.`metaclass`, CONSTRAINT `metaclass_ibfk_1` FOREIGN KEY (`dept_id`) REFERENCES `sys_dept` (`dept_id`))\r\n### The error may exist in file [E:\\2023\\成绩管理系统_ruoyi\\RuoYi-Vue-master\\ruoyi-system\\target\\classes\\mapper\\system\\MetaclassMapper.xml]\r\n### The error may involve com.ruoyi.niuyabo.mapper.MetaclassMapper.insertMetaclass-Inline\r\n### The error occurred while setting parameters\r\n### SQL: insert into metaclass          ( metaclass_no,             metaclass_name,             grade,             dept_id,                          del_flag,                          create_time )           values ( ?,             ?,             ?,             ?,                          ?,                          ? )\r\n### Cause: java.sql.SQLIntegrityConstraintViolationException: Cannot add or update a child row: a foreign key constraint fails (`jiaoxue`.`metaclass`, CONSTRAINT `metaclass_ibfk_1` FOREIGN KEY (`dept_id`) REFERENCES `sys_dept` (`dept_id`))\n; Cannot add or update a child row: a foreign key constraint fails (`jiaoxue`.`metaclass`, CONSTRAINT `metaclass_ibfk_1` FOREIGN KEY (`dept_id`) REFERENCES `sys_dept` (`dept_id`)); nested exception is java.sql.SQLIntegrityConstraintViolationException: Cannot add or update a child row: a foreign key constraint fails (`jiaoxue`.`metaclass`, CONSTRAINT `metaclass_ibfk_1` FOREIGN KEY (`dept_id`) REFERENCES `sys_dept` (`dept_id`))', '2023-07-07 08:01:47', 53);
INSERT INTO `sys_oper_log` VALUES (222, '班级', 1, 'com.ruoyi.niuyabo.controller.MetaclassController.add()', 'POST', 1, 'admin', NULL, '/system/metaclass', '127.0.0.1', '内网IP', '{\"createTime\":\"2023-07-07 08:01:53\",\"delFlag\":\"1\",\"deptId\":1,\"grade\":\"1\",\"metaclassName\":\"1\",\"metaclassNo\":\"1\",\"params\":{},\"sysDeptList\":[{\"ancestors\":\"1\",\"children\":[],\"deptName\":\"1\",\"email\":\"\",\"leader\":\"1\",\"orderNum\":1,\"params\":{},\"parentId\":1,\"phone\":\"\",\"status\":\"\"}]}', NULL, 1, '\r\n### Error updating database.  Cause: java.sql.SQLIntegrityConstraintViolationException: Cannot add or update a child row: a foreign key constraint fails (`jiaoxue`.`metaclass`, CONSTRAINT `metaclass_ibfk_1` FOREIGN KEY (`dept_id`) REFERENCES `sys_dept` (`dept_id`))\r\n### The error may exist in file [E:\\2023\\成绩管理系统_ruoyi\\RuoYi-Vue-master\\ruoyi-system\\target\\classes\\mapper\\system\\MetaclassMapper.xml]\r\n### The error may involve com.ruoyi.niuyabo.mapper.MetaclassMapper.insertMetaclass-Inline\r\n### The error occurred while setting parameters\r\n### SQL: insert into metaclass          ( metaclass_no,             metaclass_name,             grade,             dept_id,                          del_flag,                          create_time )           values ( ?,             ?,             ?,             ?,                          ?,                          ? )\r\n### Cause: java.sql.SQLIntegrityConstraintViolationException: Cannot add or update a child row: a foreign key constraint fails (`jiaoxue`.`metaclass`, CONSTRAINT `metaclass_ibfk_1` FOREIGN KEY (`dept_id`) REFERENCES `sys_dept` (`dept_id`))\n; Cannot add or update a child row: a foreign key constraint fails (`jiaoxue`.`metaclass`, CONSTRAINT `metaclass_ibfk_1` FOREIGN KEY (`dept_id`) REFERENCES `sys_dept` (`dept_id`)); nested exception is java.sql.SQLIntegrityConstraintViolationException: Cannot add or update a child row: a foreign key constraint fails (`jiaoxue`.`metaclass`, CONSTRAINT `metaclass_ibfk_1` FOREIGN KEY (`dept_id`) REFERENCES `sys_dept` (`dept_id`))', '2023-07-07 08:01:53', 8);
INSERT INTO `sys_oper_log` VALUES (223, '班级', 1, 'com.ruoyi.niuyabo.controller.MetaclassController.add()', 'POST', 1, 'admin', NULL, '/system/metaclass', '127.0.0.1', '内网IP', '{\"createTime\":\"2023-07-07 08:03:15\",\"delFlag\":\"1\",\"deptId\":1,\"grade\":\"1\",\"metaclassName\":\"1\",\"metaclassNo\":\"1\",\"params\":{},\"sysDeptList\":[{\"ancestors\":\"0,100,101\",\"children\":[],\"deptName\":\"666\",\"email\":\"\",\"leader\":\"牛亚博\",\"orderNum\":7,\"params\":{},\"parentId\":100,\"phone\":\"\",\"status\":\"\"}]}', NULL, 1, '\r\n### Error updating database.  Cause: java.sql.SQLIntegrityConstraintViolationException: Cannot add or update a child row: a foreign key constraint fails (`jiaoxue`.`metaclass`, CONSTRAINT `metaclass_ibfk_1` FOREIGN KEY (`dept_id`) REFERENCES `sys_dept` (`dept_id`))\r\n### The error may exist in file [E:\\2023\\成绩管理系统_ruoyi\\RuoYi-Vue-master\\ruoyi-system\\target\\classes\\mapper\\system\\MetaclassMapper.xml]\r\n### The error may involve com.ruoyi.niuyabo.mapper.MetaclassMapper.insertMetaclass-Inline\r\n### The error occurred while setting parameters\r\n### SQL: insert into metaclass          ( metaclass_no,             metaclass_name,             grade,             dept_id,                          del_flag,                          create_time )           values ( ?,             ?,             ?,             ?,                          ?,                          ? )\r\n### Cause: java.sql.SQLIntegrityConstraintViolationException: Cannot add or update a child row: a foreign key constraint fails (`jiaoxue`.`metaclass`, CONSTRAINT `metaclass_ibfk_1` FOREIGN KEY (`dept_id`) REFERENCES `sys_dept` (`dept_id`))\n; Cannot add or update a child row: a foreign key constraint fails (`jiaoxue`.`metaclass`, CONSTRAINT `metaclass_ibfk_1` FOREIGN KEY (`dept_id`) REFERENCES `sys_dept` (`dept_id`)); nested exception is java.sql.SQLIntegrityConstraintViolationException: Cannot add or update a child row: a foreign key constraint fails (`jiaoxue`.`metaclass`, CONSTRAINT `metaclass_ibfk_1` FOREIGN KEY (`dept_id`) REFERENCES `sys_dept` (`dept_id`))', '2023-07-07 08:03:15', 8);
INSERT INTO `sys_oper_log` VALUES (224, '班级', 1, 'com.ruoyi.niuyabo.controller.MetaclassController.add()', 'POST', 1, 'admin', NULL, '/system/metaclass', '127.0.0.1', '内网IP', '{\"createTime\":\"2023-07-07 08:03:33\",\"delFlag\":\"1\",\"deptId\":1,\"grade\":\"1\",\"metaclassName\":\"1\",\"metaclassNo\":\"1\",\"params\":{},\"sysDeptList\":[{\"ancestors\":\"0,100,101\",\"children\":[],\"deptName\":\"666\",\"email\":\"\",\"leader\":\"牛亚博\",\"orderNum\":7,\"params\":{},\"parentId\":102,\"phone\":\"\",\"status\":\"\"}]}', NULL, 1, '\r\n### Error updating database.  Cause: java.sql.SQLIntegrityConstraintViolationException: Cannot add or update a child row: a foreign key constraint fails (`jiaoxue`.`metaclass`, CONSTRAINT `metaclass_ibfk_1` FOREIGN KEY (`dept_id`) REFERENCES `sys_dept` (`dept_id`))\r\n### The error may exist in file [E:\\2023\\成绩管理系统_ruoyi\\RuoYi-Vue-master\\ruoyi-system\\target\\classes\\mapper\\system\\MetaclassMapper.xml]\r\n### The error may involve com.ruoyi.niuyabo.mapper.MetaclassMapper.insertMetaclass-Inline\r\n### The error occurred while setting parameters\r\n### SQL: insert into metaclass          ( metaclass_no,             metaclass_name,             grade,             dept_id,                          del_flag,                          create_time )           values ( ?,             ?,             ?,             ?,                          ?,                          ? )\r\n### Cause: java.sql.SQLIntegrityConstraintViolationException: Cannot add or update a child row: a foreign key constraint fails (`jiaoxue`.`metaclass`, CONSTRAINT `metaclass_ibfk_1` FOREIGN KEY (`dept_id`) REFERENCES `sys_dept` (`dept_id`))\n; Cannot add or update a child row: a foreign key constraint fails (`jiaoxue`.`metaclass`, CONSTRAINT `metaclass_ibfk_1` FOREIGN KEY (`dept_id`) REFERENCES `sys_dept` (`dept_id`)); nested exception is java.sql.SQLIntegrityConstraintViolationException: Cannot add or update a child row: a foreign key constraint fails (`jiaoxue`.`metaclass`, CONSTRAINT `metaclass_ibfk_1` FOREIGN KEY (`dept_id`) REFERENCES `sys_dept` (`dept_id`))', '2023-07-07 08:03:33', 8);
INSERT INTO `sys_oper_log` VALUES (225, '班级', 1, 'com.ruoyi.niuyabo.controller.MetaclassController.add()', 'POST', 1, 'admin', NULL, '/system/metaclass', '127.0.0.1', '内网IP', '{\"createTime\":\"2023-07-07 08:03:43\",\"delFlag\":\"1\",\"deptId\":100,\"grade\":\"1\",\"meataclassId\":4099,\"metaclassName\":\"1\",\"metaclassNo\":\"1\",\"params\":{},\"sysDeptList\":[{\"ancestors\":\"0,100,101\",\"children\":[],\"deptId\":4099,\"deptName\":\"666\",\"email\":\"\",\"leader\":\"牛亚博\",\"orderNum\":7,\"params\":{},\"parentId\":102,\"phone\":\"\",\"status\":\"\"}]}', '{\"msg\":\"操作成功\",\"code\":200}', 0, NULL, '2023-07-07 08:03:43', 13);
INSERT INTO `sys_oper_log` VALUES (226, '班级', 2, 'com.ruoyi.niuyabo.controller.MetaclassController.edit()', 'PUT', 1, 'admin', NULL, '/system/metaclass', '127.0.0.1', '内网IP', '{\"createTime\":\"2023-07-07 08:03:44\",\"delFlag\":\"1\",\"deptId\":100,\"grade\":\"1\",\"meataclassId\":4099,\"metaclassName\":\"1\",\"metaclassNo\":\"1\",\"params\":{},\"status\":\"0\",\"sysDeptList\":[{\"ancestors\":\"0,100,101\",\"children\":[],\"deptId\":4099,\"deptName\":\"666\",\"email\":\"\",\"leader\":\"牛亚博\",\"orderNum\":7,\"params\":{},\"parentId\":102,\"phone\":\"\",\"status\":\"\"},{\"ancestors\":\"\",\"children\":[],\"deptId\":4099,\"deptName\":\"\",\"email\":\"\",\"leader\":\"\",\"params\":{},\"parentId\":103,\"phone\":\"\",\"status\":\"\"}],\"updateTime\":\"2023-07-07 08:05:14\"}', NULL, 1, '\r\n### Error updating database.  Cause: java.sql.SQLIntegrityConstraintViolationException: Duplicate entry \'4099\' for key \'PRIMARY\'\r\n### The error may exist in file [E:\\2023\\成绩管理系统_ruoyi\\RuoYi-Vue-master\\ruoyi-system\\target\\classes\\mapper\\system\\MetaclassMapper.xml]\r\n### The error may involve defaultParameterMap\r\n### The error occurred while setting parameters\r\n### SQL: insert into sys_dept( dept_id, parent_id, ancestors, dept_name, order_num, leader, phone, email, status, del_flag, create_by, create_time, update_by, update_time) values                  ( ?, ?, ?, ?, ?, ?, ?, ?, ?, ?, ?, ?, ?, ?)          ,              ( ?, ?, ?, ?, ?, ?, ?, ?, ?, ?, ?, ?, ?, ?)\r\n### Cause: java.sql.SQLIntegrityConstraintViolationException: Duplicate entry \'4099\' for key \'PRIMARY\'\n; Duplicate entry \'4099\' for key \'PRIMARY\'; nested exception is java.sql.SQLIntegrityConstraintViolationException: Duplicate entry \'4099\' for key \'PRIMARY\'', '2023-07-07 08:05:14', 18);
INSERT INTO `sys_oper_log` VALUES (227, '班级', 2, 'com.ruoyi.niuyabo.controller.MetaclassController.edit()', 'PUT', 1, 'admin', NULL, '/system/metaclass', '127.0.0.1', '内网IP', '{\"createTime\":\"2023-07-07 08:03:44\",\"delFlag\":\"1\",\"deptId\":100,\"grade\":\"1\",\"meataclassId\":4099,\"metaclassName\":\"1\",\"metaclassNo\":\"1\",\"params\":{},\"status\":\"0\",\"sysDeptList\":[{\"ancestors\":\"0,100,101\",\"children\":[],\"deptId\":4099,\"deptName\":\"666\",\"email\":\"\",\"leader\":\"牛亚博\",\"orderNum\":7,\"params\":{},\"parentId\":102,\"phone\":\"\",\"status\":\"\"}],\"updateTime\":\"2023-07-07 08:05:22\"}', '{\"msg\":\"操作成功\",\"code\":200}', 0, NULL, '2023-07-07 08:05:22', 9);
INSERT INTO `sys_oper_log` VALUES (228, '班级', 5, 'com.ruoyi.niuyabo.controller.MetaclassController.export()', 'POST', 1, 'admin', NULL, '/system/metaclass/export', '127.0.0.1', '内网IP', '{\"pageSize\":\"10\",\"pageNum\":\"1\"}', NULL, 0, NULL, '2023-07-07 08:19:26', 679);
INSERT INTO `sys_oper_log` VALUES (229, '用户管理', 2, 'com.ruoyi.web.controller.system.SysUserController.edit()', 'PUT', 1, 'admin', NULL, '/system/user', '127.0.0.1', '内网IP', '{\"admin\":false,\"avatar\":\"\",\"createBy\":\"admin\",\"createTime\":\"2023-07-02 12:38:43\",\"delFlag\":\"0\",\"dept\":{\"ancestors\":\"0,100,101\",\"children\":[],\"deptId\":103,\"deptName\":\"软件工程一班\",\"leader\":\"\",\"orderNum\":1,\"params\":{},\"parentId\":101,\"status\":\"0\"},\"deptId\":103,\"email\":\"\",\"loginDate\":\"2023-07-05 13:03:57\",\"loginIp\":\"127.0.0.1\",\"nickName\":\"小一\",\"params\":{},\"phonenumber\":\"\",\"postIds\":[1,2],\"remark\":\"\",\"roleIds\":[101],\"roles\":[{\"admin\":false,\"dataScope\":\"3\",\"deptCheckStrictly\":false,\"flag\":false,\"menuCheckStrictly\":false,\"params\":{},\"roleId\":101,\"roleKey\":\"company\",\"roleName\":\"连级管理员\",\"roleSort\":4,\"status\":\"0\"}],\"sex\":\"1\",\"status\":\"0\",\"updateBy\":\"admin\",\"userId\":2,\"userName\":\"一营一连\"}', '{\"msg\":\"操作成功\",\"code\":200}', 0, NULL, '2023-07-08 08:14:43', 27);
INSERT INTO `sys_oper_log` VALUES (230, '岗位管理', 2, 'com.ruoyi.web.controller.system.SysPostController.edit()', 'PUT', 1, 'admin', NULL, '/system/post', '127.0.0.1', '内网IP', '{\"createBy\":\"admin\",\"createTime\":\"2023-07-02 12:38:43\",\"flag\":false,\"params\":{},\"postCode\":\"ceo\",\"postId\":1,\"postName\":\"教授\",\"postSort\":1,\"remark\":\"\",\"status\":\"0\",\"updateBy\":\"admin\"}', '{\"msg\":\"操作成功\",\"code\":200}', 0, NULL, '2023-07-08 08:15:23', 9);
INSERT INTO `sys_oper_log` VALUES (231, '岗位管理', 2, 'com.ruoyi.web.controller.system.SysPostController.edit()', 'PUT', 1, 'admin', NULL, '/system/post', '127.0.0.1', '内网IP', '{\"createBy\":\"admin\",\"createTime\":\"2023-07-02 12:38:43\",\"flag\":false,\"params\":{},\"postCode\":\"se\",\"postId\":2,\"postName\":\"副教授\",\"postSort\":2,\"remark\":\"\",\"status\":\"0\",\"updateBy\":\"admin\"}', '{\"msg\":\"操作成功\",\"code\":200}', 0, NULL, '2023-07-08 08:15:29', 12);
INSERT INTO `sys_oper_log` VALUES (232, '岗位管理', 2, 'com.ruoyi.web.controller.system.SysPostController.edit()', 'PUT', 1, 'admin', NULL, '/system/post', '127.0.0.1', '内网IP', '{\"createBy\":\"admin\",\"createTime\":\"2023-07-02 12:38:43\",\"flag\":false,\"params\":{},\"postCode\":\"hr\",\"postId\":3,\"postName\":\"学生\",\"postSort\":3,\"remark\":\"\",\"status\":\"0\",\"updateBy\":\"admin\"}', '{\"msg\":\"操作成功\",\"code\":200}', 0, NULL, '2023-07-08 08:15:45', 7);
INSERT INTO `sys_oper_log` VALUES (233, '岗位管理', 2, 'com.ruoyi.web.controller.system.SysPostController.edit()', 'PUT', 1, 'admin', NULL, '/system/post', '127.0.0.1', '内网IP', '{\"createBy\":\"admin\",\"createTime\":\"2023-07-02 12:38:43\",\"flag\":false,\"params\":{},\"postCode\":\"user\",\"postId\":4,\"postName\":\"普通教师\",\"postSort\":4,\"remark\":\"\",\"status\":\"0\",\"updateBy\":\"admin\"}', '{\"msg\":\"操作成功\",\"code\":200}', 0, NULL, '2023-07-08 08:15:52', 7);
INSERT INTO `sys_oper_log` VALUES (234, '角色管理', 2, 'com.ruoyi.web.controller.system.SysRoleController.changeStatus()', 'PUT', 1, 'admin', NULL, '/system/role/changeStatus', '127.0.0.1', '内网IP', '{\"admin\":false,\"deptCheckStrictly\":false,\"flag\":false,\"menuCheckStrictly\":false,\"params\":{},\"roleId\":102,\"status\":\"0\",\"updateBy\":\"admin\"}', '{\"msg\":\"操作成功\",\"code\":200}', 0, NULL, '2023-07-08 08:16:11', 8);
INSERT INTO `sys_oper_log` VALUES (235, '角色管理', 2, 'com.ruoyi.web.controller.system.SysRoleController.changeStatus()', 'PUT', 1, 'admin', NULL, '/system/role/changeStatus', '127.0.0.1', '内网IP', '{\"admin\":false,\"deptCheckStrictly\":false,\"flag\":false,\"menuCheckStrictly\":false,\"params\":{},\"roleId\":103,\"status\":\"0\",\"updateBy\":\"admin\"}', '{\"msg\":\"操作成功\",\"code\":200}', 0, NULL, '2023-07-08 08:16:12', 4);
INSERT INTO `sys_oper_log` VALUES (236, '角色管理', 2, 'com.ruoyi.web.controller.system.SysRoleController.changeStatus()', 'PUT', 1, 'admin', NULL, '/system/role/changeStatus', '127.0.0.1', '内网IP', '{\"admin\":false,\"deptCheckStrictly\":false,\"flag\":false,\"menuCheckStrictly\":false,\"params\":{},\"roleId\":100,\"status\":\"1\",\"updateBy\":\"admin\"}', '{\"msg\":\"操作成功\",\"code\":200}', 0, NULL, '2023-07-08 08:16:14', 9);
INSERT INTO `sys_oper_log` VALUES (237, '角色管理', 2, 'com.ruoyi.web.controller.system.SysRoleController.changeStatus()', 'PUT', 1, 'admin', NULL, '/system/role/changeStatus', '127.0.0.1', '内网IP', '{\"admin\":false,\"deptCheckStrictly\":false,\"flag\":false,\"menuCheckStrictly\":false,\"params\":{},\"roleId\":101,\"status\":\"1\",\"updateBy\":\"admin\"}', '{\"msg\":\"操作成功\",\"code\":200}', 0, NULL, '2023-07-08 08:16:15', 4);
INSERT INTO `sys_oper_log` VALUES (238, '用户管理', 2, 'com.ruoyi.web.controller.system.SysUserController.changeStatus()', 'PUT', 1, 'admin', NULL, '/system/user/changeStatus', '127.0.0.1', '内网IP', '{\"admin\":false,\"params\":{},\"status\":\"1\",\"updateBy\":\"admin\",\"userId\":102}', '{\"msg\":\"操作成功\",\"code\":200}', 0, NULL, '2023-07-08 08:16:41', 4);
INSERT INTO `sys_oper_log` VALUES (239, '用户管理', 2, 'com.ruoyi.web.controller.system.SysUserController.changeStatus()', 'PUT', 1, 'admin', NULL, '/system/user/changeStatus', '127.0.0.1', '内网IP', '{\"admin\":false,\"params\":{},\"status\":\"1\",\"updateBy\":\"admin\",\"userId\":101}', '{\"msg\":\"操作成功\",\"code\":200}', 0, NULL, '2023-07-08 08:16:42', 7);
INSERT INTO `sys_oper_log` VALUES (240, '用户管理', 2, 'com.ruoyi.web.controller.system.SysUserController.changeStatus()', 'PUT', 1, 'admin', NULL, '/system/user/changeStatus', '127.0.0.1', '内网IP', '{\"admin\":false,\"params\":{},\"status\":\"1\",\"updateBy\":\"admin\",\"userId\":100}', '{\"msg\":\"操作成功\",\"code\":200}', 0, NULL, '2023-07-08 08:16:45', 4);
INSERT INTO `sys_oper_log` VALUES (241, '用户管理', 2, 'com.ruoyi.web.controller.system.SysUserController.changeStatus()', 'PUT', 1, 'admin', NULL, '/system/user/changeStatus', '127.0.0.1', '内网IP', '{\"admin\":false,\"params\":{},\"status\":\"1\",\"updateBy\":\"admin\",\"userId\":2}', '{\"msg\":\"操作成功\",\"code\":200}', 0, NULL, '2023-07-08 08:16:47', 5);
INSERT INTO `sys_oper_log` VALUES (242, '用户管理', 1, 'com.ruoyi.web.controller.system.SysUserController.add()', 'POST', 1, 'admin', NULL, '/system/user', '127.0.0.1', '内网IP', '{\"admin\":false,\"createBy\":\"admin\",\"deptId\":100,\"nickName\":\"学校管理员\",\"params\":{},\"postIds\":[1],\"roleIds\":[102],\"sex\":\"0\",\"status\":\"0\",\"userId\":103,\"userName\":\"学校管理员\"}', '{\"msg\":\"操作成功\",\"code\":200}', 0, NULL, '2023-07-08 08:18:13', 86);
INSERT INTO `sys_oper_log` VALUES (243, '用户管理', 1, 'com.ruoyi.web.controller.system.SysUserController.add()', 'POST', 1, 'admin', NULL, '/system/user', '127.0.0.1', '内网IP', '{\"admin\":false,\"createBy\":\"admin\",\"nickName\":\"学院管理员\",\"params\":{},\"postIds\":[],\"roleIds\":[102],\"status\":\"0\",\"userId\":104,\"userName\":\"学院管理员\"}', '{\"msg\":\"操作成功\",\"code\":200}', 0, NULL, '2023-07-08 08:18:42', 76);
INSERT INTO `sys_oper_log` VALUES (244, '用户管理', 1, 'com.ruoyi.web.controller.system.SysUserController.add()', 'POST', 1, 'admin', NULL, '/system/user', '127.0.0.1', '内网IP', '{\"admin\":false,\"createBy\":\"admin\",\"nickName\":\"教师一\",\"params\":{},\"postIds\":[],\"roleIds\":[102],\"status\":\"0\",\"userId\":105,\"userName\":\"教师一\"}', '{\"msg\":\"操作成功\",\"code\":200}', 0, NULL, '2023-07-08 08:19:04', 77);
INSERT INTO `sys_oper_log` VALUES (245, '用户管理', 1, 'com.ruoyi.web.controller.system.SysUserController.add()', 'POST', 1, 'admin', NULL, '/system/user', '127.0.0.1', '内网IP', '{\"admin\":false,\"createBy\":\"admin\",\"nickName\":\"学生一\",\"params\":{},\"postIds\":[],\"roleIds\":[103],\"status\":\"0\",\"userId\":106,\"userName\":\"学生一\"}', '{\"msg\":\"操作成功\",\"code\":200}', 0, NULL, '2023-07-08 08:19:39', 81);
INSERT INTO `sys_oper_log` VALUES (246, '用户管理', 2, 'com.ruoyi.web.controller.system.SysUserController.edit()', 'PUT', 1, 'admin', NULL, '/system/user', '127.0.0.1', '内网IP', '{\"admin\":false,\"avatar\":\"\",\"createBy\":\"admin\",\"createTime\":\"2023-07-08 08:18:42\",\"delFlag\":\"0\",\"deptId\":101,\"email\":\"\",\"loginIp\":\"\",\"nickName\":\"学院管理员\",\"params\":{},\"phonenumber\":\"\",\"postIds\":[],\"roleIds\":[102],\"roles\":[{\"admin\":false,\"dataScope\":\"1\",\"deptCheckStrictly\":false,\"flag\":false,\"menuCheckStrictly\":false,\"params\":{},\"roleId\":102,\"roleKey\":\"teacher\",\"roleName\":\"教师\",\"roleSort\":5,\"status\":\"0\"}],\"sex\":\"0\",\"status\":\"0\",\"updateBy\":\"admin\",\"userId\":104,\"userName\":\"学院管理员\"}', '{\"msg\":\"操作成功\",\"code\":200}', 0, NULL, '2023-07-08 08:21:38', 11);
INSERT INTO `sys_oper_log` VALUES (247, '用户管理', 2, 'com.ruoyi.web.controller.system.SysUserController.edit()', 'PUT', 1, 'admin', NULL, '/system/user', '127.0.0.1', '内网IP', '{\"admin\":false,\"avatar\":\"\",\"createBy\":\"admin\",\"createTime\":\"2023-07-08 08:18:42\",\"delFlag\":\"0\",\"dept\":{\"ancestors\":\"0,100\",\"children\":[],\"deptId\":101,\"deptName\":\"计算机与信息工程学院\",\"leader\":\"\",\"orderNum\":1,\"params\":{},\"parentId\":100,\"status\":\"0\"},\"deptId\":101,\"email\":\"\",\"loginIp\":\"\",\"nickName\":\"计信学院管理员\",\"params\":{},\"phonenumber\":\"\",\"postIds\":[],\"roleIds\":[102],\"roles\":[{\"admin\":false,\"dataScope\":\"1\",\"deptCheckStrictly\":false,\"flag\":false,\"menuCheckStrictly\":false,\"params\":{},\"roleId\":102,\"roleKey\":\"teacher\",\"roleName\":\"教师\",\"roleSort\":5,\"status\":\"0\"}],\"sex\":\"0\",\"status\":\"0\",\"updateBy\":\"admin\",\"userId\":104,\"userName\":\"学院管理员\"}', '{\"msg\":\"操作成功\",\"code\":200}', 0, NULL, '2023-07-08 08:21:54', 22);
INSERT INTO `sys_oper_log` VALUES (248, '用户管理', 2, 'com.ruoyi.web.controller.system.SysUserController.edit()', 'PUT', 1, 'admin', NULL, '/system/user', '127.0.0.1', '内网IP', '{\"admin\":false,\"avatar\":\"\",\"createBy\":\"admin\",\"createTime\":\"2023-07-08 08:19:04\",\"delFlag\":\"0\",\"deptId\":101,\"email\":\"\",\"loginIp\":\"\",\"nickName\":\"教师一\",\"params\":{},\"phonenumber\":\"\",\"postIds\":[],\"roleIds\":[102],\"roles\":[{\"admin\":false,\"dataScope\":\"1\",\"deptCheckStrictly\":false,\"flag\":false,\"menuCheckStrictly\":false,\"params\":{},\"roleId\":102,\"roleKey\":\"teacher\",\"roleName\":\"教师\",\"roleSort\":5,\"status\":\"0\"}],\"sex\":\"0\",\"status\":\"0\",\"updateBy\":\"admin\",\"userId\":105,\"userName\":\"教师一\"}', '{\"msg\":\"操作成功\",\"code\":200}', 0, NULL, '2023-07-08 08:22:11', 10);
INSERT INTO `sys_oper_log` VALUES (249, '用户管理', 2, 'com.ruoyi.web.controller.system.SysUserController.edit()', 'PUT', 1, 'admin', NULL, '/system/user', '127.0.0.1', '内网IP', '{\"admin\":false,\"avatar\":\"\",\"createBy\":\"admin\",\"createTime\":\"2023-07-08 08:19:39\",\"delFlag\":\"0\",\"deptId\":103,\"email\":\"\",\"loginIp\":\"\",\"nickName\":\"学生一\",\"params\":{},\"phonenumber\":\"\",\"postIds\":[],\"roleIds\":[103],\"roles\":[{\"admin\":false,\"dataScope\":\"1\",\"deptCheckStrictly\":false,\"flag\":false,\"menuCheckStrictly\":false,\"params\":{},\"roleId\":103,\"roleKey\":\"student\",\"roleName\":\"学生\",\"roleSort\":6,\"status\":\"0\"}],\"sex\":\"0\",\"status\":\"0\",\"updateBy\":\"admin\",\"userId\":106,\"userName\":\"学生一\"}', '{\"msg\":\"操作成功\",\"code\":200}', 0, NULL, '2023-07-08 08:22:20', 24);
INSERT INTO `sys_oper_log` VALUES (250, '代码生成', 2, 'com.ruoyi.generator.controller.GenController.editSave()', 'PUT', 1, 'admin', NULL, '/tool/gen', '127.0.0.1', '内网IP', '{\"businessName\":\"course\",\"className\":\"Course\",\"columns\":[{\"capJavaField\":\"CourseId\",\"columnComment\":\"课程id\",\"columnId\":109,\"columnName\":\"course_id\",\"columnType\":\"int(11)\",\"createBy\":\"admin\",\"createTime\":\"2023-07-07 07:32:54\",\"dictType\":\"\",\"edit\":false,\"htmlType\":\"input\",\"increment\":true,\"insert\":true,\"isIncrement\":\"1\",\"isInsert\":\"1\",\"isPk\":\"1\",\"javaField\":\"courseId\",\"javaType\":\"Long\",\"list\":false,\"params\":{},\"pk\":true,\"query\":false,\"queryType\":\"EQ\",\"required\":false,\"sort\":1,\"superColumn\":false,\"tableId\":9,\"updateBy\":\"\",\"usableColumn\":false},{\"capJavaField\":\"DeptId\",\"columnComment\":\"部门id\",\"columnId\":110,\"columnName\":\"dept_id\",\"columnType\":\"bigint(20)\",\"createBy\":\"admin\",\"createTime\":\"2023-07-07 07:32:54\",\"dictType\":\"\",\"edit\":true,\"htmlType\":\"input\",\"increment\":false,\"insert\":true,\"isEdit\":\"1\",\"isIncrement\":\"0\",\"isInsert\":\"1\",\"isList\":\"1\",\"isPk\":\"0\",\"isQuery\":\"1\",\"javaField\":\"deptId\",\"javaType\":\"Long\",\"list\":true,\"params\":{},\"pk\":false,\"query\":true,\"queryType\":\"EQ\",\"required\":false,\"sort\":2,\"superColumn\":false,\"tableId\":9,\"updateBy\":\"\",\"usableColumn\":false},{\"capJavaField\":\"Status\",\"columnComment\":\"状态\",\"columnId\":111,\"columnName\":\"status\",\"columnType\":\"char(1)\",\"createBy\":\"admin\",\"createTime\":\"2023-07-07 07:32:54\",\"dictType\":\"\",\"edit\":true,\"htmlType\":\"radio\",\"increment\":false,\"insert\":true,\"isEdit\":\"1\",\"isIncrement\":\"0\",\"isInsert\":\"1\",\"isList\":\"1\",\"isPk\":\"0\",\"isQuery\":\"1\",\"javaField\":\"status\",\"javaType\":\"String\",\"list\":true,\"params\":{},\"pk\":false,\"query\":true,\"queryType\":\"EQ\",\"required\":false,\"sort\":3,\"superColumn\":false,\"tableId\":9,\"updateBy\":\"\",\"usableColumn\":false},{\"capJavaField\":\"DelFlag\",\"columnComment\":\"是否删除\",\"columnId\":112,\"columnName\":\"del_flag\",\"columnType\":\"char(1)\",\"createBy\":\"admin\",\"createTime\":\"2023-07-07 07:32:54\",\"dictType\":\"\",\"edit\":false,\"htmlType\":\"input\",\"increment\":false,\"insert\":true,\"isIncrement\":\"0\",\"isInsert\":\"1\",\"isPk\":\"0\",\"javaField\":\"delFlag\",\"javaType\":\"String\",\"list\":false,\"params\":{},\"pk\":false,\"query\":false,\"queryType\":\"EQ\",\"required\":f', '{\"msg\":\"操作成功\",\"code\":200}', 0, NULL, '2023-07-08 08:34:40', 30);
INSERT INTO `sys_oper_log` VALUES (251, '代码生成', 8, 'com.ruoyi.generator.controller.GenController.batchGenCode()', 'GET', 1, 'admin', NULL, '/tool/gen/batchGenCode', '127.0.0.1', '内网IP', '{\"tables\":\"course\"}', NULL, 0, NULL, '2023-07-08 08:34:57', 118);
INSERT INTO `sys_oper_log` VALUES (252, '课程管理', 1, 'com.ruoyi.niuyabo.controller.CourseController.add()', 'POST', 1, 'admin', NULL, '/niuyabo/course', '127.0.0.1', '内网IP', '{\"courseId\":54108,\"courseName\":\"HTML\",\"courseNo\":\"001\",\"createTime\":\"2023-07-08 08:39:16\",\"delFlag\":\"0\",\"deptId\":103,\"params\":{},\"pingshiPercent\":20,\"qimoPercent\":60}', '{\"msg\":\"操作成功\",\"code\":200}', 0, NULL, '2023-07-08 08:39:16', 34);
INSERT INTO `sys_oper_log` VALUES (253, '课程管理', 1, 'com.ruoyi.niuyabo.controller.CourseController.add()', 'POST', 1, 'admin', NULL, '/niuyabo/course', '127.0.0.1', '内网IP', '{\"courseId\":54109,\"courseName\":\"JAVA\",\"courseNo\":\"002\",\"createTime\":\"2023-07-08 08:39:48\",\"delFlag\":\"0\",\"deptId\":104,\"params\":{},\"pingshiPercent\":20,\"qimoPercent\":60}', '{\"msg\":\"操作成功\",\"code\":200}', 0, NULL, '2023-07-08 08:39:48', 9);
INSERT INTO `sys_oper_log` VALUES (254, '课程管理', 5, 'com.ruoyi.niuyabo.controller.CourseController.export()', 'POST', 1, 'admin', NULL, '/niuyabo/course/export', '127.0.0.1', '内网IP', '{\"pageSize\":\"10\",\"pageNum\":\"1\"}', NULL, 0, NULL, '2023-07-08 08:40:36', 673);
INSERT INTO `sys_oper_log` VALUES (255, '课程管理', 5, 'com.ruoyi.niuyabo.controller.CourseController.export()', 'POST', 1, 'admin', NULL, '/niuyabo/course/export', '127.0.0.1', '内网IP', '{\"courseName\":\"J\",\"pageSize\":\"10\",\"pageNum\":\"1\"}', NULL, 0, NULL, '2023-07-08 08:40:47', 31);
INSERT INTO `sys_oper_log` VALUES (256, '菜单管理', 2, 'com.ruoyi.web.controller.system.SysMenuController.edit()', 'PUT', 1, 'admin', NULL, '/system/menu', '127.0.0.1', '内网IP', '{\"children\":[],\"component\":\"niuyabo/course/index\",\"createTime\":\"2023-07-08 08:37:14\",\"icon\":\"#\",\"isCache\":\"0\",\"isFrame\":\"1\",\"menuId\":2013,\"menuName\":\"课程管理\",\"menuType\":\"C\",\"orderNum\":1,\"params\":{},\"parentId\":0,\"path\":\"course\",\"perms\":\"niuyabo:course:list\",\"status\":\"0\",\"updateBy\":\"admin\",\"visible\":\"0\"}', '{\"msg\":\"操作成功\",\"code\":200}', 0, NULL, '2023-07-08 08:56:19', 11);
INSERT INTO `sys_oper_log` VALUES (257, '角色管理', 2, 'com.ruoyi.web.controller.system.SysRoleController.edit()', 'PUT', 1, 'admin', NULL, '/system/role', '127.0.0.1', '内网IP', '{\"admin\":false,\"createTime\":\"2023-07-02 12:44:17\",\"dataScope\":\"1\",\"delFlag\":\"0\",\"deptCheckStrictly\":false,\"flag\":false,\"menuCheckStrictly\":false,\"menuIds\":[1,100,1000,1001,1002,1003,1004,1005,1006,101,1007,1008,1009,1010,1011,102,1012,1013,1014,1015,103,1016,1017,1018,1019,104,1020,1021,1022,1023,1024,105,1025,1026,1027,1028,1029,106,1030,1031,1032,1033,1034,107,1035,1036,1037,1038,108,500,1039,1040,1041,501,1042,1043,1044,1045,2013],\"params\":{},\"roleId\":102,\"roleKey\":\"teacher\",\"roleName\":\"教师\",\"roleSort\":5,\"status\":\"0\",\"updateBy\":\"admin\"}', '{\"msg\":\"操作成功\",\"code\":200}', 0, NULL, '2023-07-08 08:56:58', 25);
INSERT INTO `sys_oper_log` VALUES (258, '角色管理', 2, 'com.ruoyi.web.controller.system.SysRoleController.dataScope()', 'PUT', 1, 'admin', NULL, '/system/role/dataScope', '127.0.0.1', '内网IP', '{\"admin\":false,\"createTime\":\"2023-07-02 12:44:17\",\"dataScope\":\"4\",\"delFlag\":\"0\",\"deptCheckStrictly\":false,\"deptIds\":[],\"flag\":false,\"menuCheckStrictly\":false,\"params\":{},\"roleId\":102,\"roleKey\":\"teacher\",\"roleName\":\"教师\",\"roleSort\":5,\"status\":\"0\"}', '{\"msg\":\"操作成功\",\"code\":200}', 0, NULL, '2023-07-08 08:57:13', 5);
INSERT INTO `sys_oper_log` VALUES (259, '代码生成', 2, 'com.ruoyi.generator.controller.GenController.editSave()', 'PUT', 1, 'admin', NULL, '/tool/gen', '127.0.0.1', '内网IP', '{\"businessName\":\"student\",\"className\":\"Student\",\"columns\":[{\"capJavaField\":\"StudentId\",\"columnComment\":\"学生id\",\"columnId\":82,\"columnName\":\"student_id\",\"columnType\":\"int(11)\",\"createBy\":\"admin\",\"createTime\":\"2023-07-05 12:49:34\",\"dictType\":\"\",\"edit\":false,\"htmlType\":\"input\",\"increment\":true,\"insert\":true,\"isIncrement\":\"1\",\"isInsert\":\"1\",\"isPk\":\"1\",\"javaField\":\"studentId\",\"javaType\":\"Long\",\"list\":false,\"params\":{},\"pk\":true,\"query\":false,\"queryType\":\"EQ\",\"required\":false,\"sort\":1,\"superColumn\":false,\"tableId\":7,\"updateBy\":\"\",\"updateTime\":\"2023-07-07 07:42:26\",\"usableColumn\":false},{\"capJavaField\":\"MeataclassId\",\"columnComment\":\"行政班级id\",\"columnId\":83,\"columnName\":\"meataclass_id\",\"columnType\":\"int(11)\",\"createBy\":\"admin\",\"createTime\":\"2023-07-05 12:49:34\",\"dictType\":\"\",\"edit\":true,\"htmlType\":\"input\",\"increment\":false,\"insert\":true,\"isEdit\":\"1\",\"isIncrement\":\"0\",\"isInsert\":\"1\",\"isList\":\"1\",\"isPk\":\"0\",\"isQuery\":\"1\",\"javaField\":\"meataclassId\",\"javaType\":\"Long\",\"list\":true,\"params\":{},\"pk\":false,\"query\":true,\"queryType\":\"EQ\",\"required\":false,\"sort\":2,\"superColumn\":false,\"tableId\":7,\"updateBy\":\"\",\"updateTime\":\"2023-07-07 07:42:26\",\"usableColumn\":false},{\"capJavaField\":\"Status\",\"columnComment\":\"状态\",\"columnId\":84,\"columnName\":\"status\",\"columnType\":\"char(1)\",\"createBy\":\"admin\",\"createTime\":\"2023-07-05 12:49:34\",\"dictType\":\"\",\"edit\":true,\"htmlType\":\"radio\",\"increment\":false,\"insert\":true,\"isEdit\":\"1\",\"isIncrement\":\"0\",\"isInsert\":\"1\",\"isList\":\"1\",\"isPk\":\"0\",\"isQuery\":\"1\",\"javaField\":\"status\",\"javaType\":\"String\",\"list\":true,\"params\":{},\"pk\":false,\"query\":true,\"queryType\":\"EQ\",\"required\":false,\"sort\":3,\"superColumn\":false,\"tableId\":7,\"updateBy\":\"\",\"updateTime\":\"2023-07-07 07:42:26\",\"usableColumn\":false},{\"capJavaField\":\"DelFlag\",\"columnComment\":\"是否删除\",\"columnId\":85,\"columnName\":\"del_flag\",\"columnType\":\"char(1)\",\"createBy\":\"admin\",\"createTime\":\"2023-07-05 12:49:34\",\"dictType\":\"\",\"edit\":false,\"htmlType\":\"input\",\"increment\":false,\"insert\":true,\"isIncrement\":\"0\",\"isInsert\":\"1\",\"isPk\":\"0', '{\"msg\":\"操作成功\",\"code\":200}', 0, NULL, '2023-07-08 09:19:41', 42);
INSERT INTO `sys_oper_log` VALUES (260, '代码生成', 8, 'com.ruoyi.generator.controller.GenController.batchGenCode()', 'GET', 1, 'admin', NULL, '/tool/gen/batchGenCode', '127.0.0.1', '内网IP', '{\"tables\":\"student\"}', NULL, 0, NULL, '2023-07-08 09:19:56', 126);
INSERT INTO `sys_oper_log` VALUES (261, '菜单管理', 2, 'com.ruoyi.web.controller.system.SysMenuController.edit()', 'PUT', 1, 'admin', NULL, '/system/menu', '127.0.0.1', '内网IP', '{\"children\":[],\"component\":\"niuyabo/student/index\",\"createTime\":\"2023-07-08 09:20:18\",\"icon\":\"#\",\"isCache\":\"0\",\"isFrame\":\"1\",\"menuId\":2019,\"menuName\":\"学生管理\",\"menuType\":\"C\",\"orderNum\":1,\"params\":{},\"parentId\":0,\"path\":\"student\",\"perms\":\"niuyabo:student:list\",\"status\":\"0\",\"updateBy\":\"admin\",\"visible\":\"0\"}', '{\"msg\":\"操作成功\",\"code\":200}', 0, NULL, '2023-07-08 09:22:10', 15);
INSERT INTO `sys_oper_log` VALUES (262, '代码生成', 2, 'com.ruoyi.generator.controller.GenController.editSave()', 'PUT', 1, 'admin', NULL, '/tool/gen', '127.0.0.1', '内网IP', '{\"businessName\":\"metaclass\",\"className\":\"Metaclass\",\"columns\":[{\"capJavaField\":\"MeataclassId\",\"columnComment\":\"行政班级id\",\"columnId\":197,\"columnName\":\"meataclass_id\",\"columnType\":\"int(11)\",\"createBy\":\"admin\",\"createTime\":\"2023-07-07 07:32:54\",\"dictType\":\"\",\"edit\":false,\"htmlType\":\"input\",\"increment\":true,\"insert\":true,\"isIncrement\":\"1\",\"isInsert\":\"1\",\"isPk\":\"1\",\"javaField\":\"meataclassId\",\"javaType\":\"Long\",\"list\":false,\"params\":{},\"pk\":true,\"query\":false,\"queryType\":\"EQ\",\"required\":false,\"sort\":1,\"superColumn\":false,\"tableId\":19,\"updateBy\":\"\",\"updateTime\":\"2023-07-07 07:45:48\",\"usableColumn\":false},{\"capJavaField\":\"MetaclassNo\",\"columnComment\":\"行政班级编号\",\"columnId\":198,\"columnName\":\"metaclass_no\",\"columnType\":\"varchar(50)\",\"createBy\":\"admin\",\"createTime\":\"2023-07-07 07:32:54\",\"dictType\":\"\",\"edit\":true,\"htmlType\":\"input\",\"increment\":false,\"insert\":true,\"isEdit\":\"1\",\"isIncrement\":\"0\",\"isInsert\":\"1\",\"isList\":\"1\",\"isPk\":\"0\",\"isQuery\":\"1\",\"javaField\":\"metaclassNo\",\"javaType\":\"String\",\"list\":true,\"params\":{},\"pk\":false,\"query\":true,\"queryType\":\"EQ\",\"required\":false,\"sort\":2,\"superColumn\":false,\"tableId\":19,\"updateBy\":\"\",\"updateTime\":\"2023-07-07 07:45:48\",\"usableColumn\":false},{\"capJavaField\":\"MetaclassName\",\"columnComment\":\"行政班级名称\",\"columnId\":199,\"columnName\":\"metaclass_name\",\"columnType\":\"varchar(50)\",\"createBy\":\"admin\",\"createTime\":\"2023-07-07 07:32:54\",\"dictType\":\"\",\"edit\":true,\"htmlType\":\"input\",\"increment\":false,\"insert\":true,\"isEdit\":\"1\",\"isIncrement\":\"0\",\"isInsert\":\"1\",\"isList\":\"1\",\"isPk\":\"0\",\"isQuery\":\"1\",\"javaField\":\"metaclassName\",\"javaType\":\"String\",\"list\":true,\"params\":{},\"pk\":false,\"query\":true,\"queryType\":\"LIKE\",\"required\":false,\"sort\":3,\"superColumn\":false,\"tableId\":19,\"updateBy\":\"\",\"updateTime\":\"2023-07-07 07:45:48\",\"usableColumn\":false},{\"capJavaField\":\"Grade\",\"columnComment\":\"年级\",\"columnId\":200,\"columnName\":\"grade\",\"columnType\":\"varchar(50)\",\"createBy\":\"admin\",\"createTime\":\"2023-07-07 07:32:54\",\"dictType\":\"\",\"edit\":true,\"htmlType\":\"input\",\"increment\":false,\"in', '{\"msg\":\"操作成功\",\"code\":200}', 0, NULL, '2023-07-08 09:24:26', 31);
INSERT INTO `sys_oper_log` VALUES (263, '代码生成', 2, 'com.ruoyi.generator.controller.GenController.editSave()', 'PUT', 1, 'admin', NULL, '/tool/gen', '127.0.0.1', '内网IP', '{\"businessName\":\"metaclass\",\"className\":\"Metaclass\",\"columns\":[{\"capJavaField\":\"MeataclassId\",\"columnComment\":\"行政班级id\",\"columnId\":197,\"columnName\":\"meataclass_id\",\"columnType\":\"int(11)\",\"createBy\":\"admin\",\"createTime\":\"2023-07-07 07:32:54\",\"dictType\":\"\",\"edit\":false,\"htmlType\":\"input\",\"increment\":true,\"insert\":true,\"isIncrement\":\"1\",\"isInsert\":\"1\",\"isPk\":\"1\",\"javaField\":\"meataclassId\",\"javaType\":\"Long\",\"list\":false,\"params\":{},\"pk\":true,\"query\":false,\"queryType\":\"EQ\",\"required\":false,\"sort\":1,\"superColumn\":false,\"tableId\":19,\"updateBy\":\"\",\"updateTime\":\"2023-07-08 09:24:26\",\"usableColumn\":false},{\"capJavaField\":\"MetaclassNo\",\"columnComment\":\"行政班级编号\",\"columnId\":198,\"columnName\":\"metaclass_no\",\"columnType\":\"varchar(50)\",\"createBy\":\"admin\",\"createTime\":\"2023-07-07 07:32:54\",\"dictType\":\"\",\"edit\":true,\"htmlType\":\"input\",\"increment\":false,\"insert\":true,\"isEdit\":\"1\",\"isIncrement\":\"0\",\"isInsert\":\"1\",\"isList\":\"1\",\"isPk\":\"0\",\"isQuery\":\"1\",\"javaField\":\"metaclassNo\",\"javaType\":\"String\",\"list\":true,\"params\":{},\"pk\":false,\"query\":true,\"queryType\":\"EQ\",\"required\":false,\"sort\":2,\"superColumn\":false,\"tableId\":19,\"updateBy\":\"\",\"updateTime\":\"2023-07-08 09:24:26\",\"usableColumn\":false},{\"capJavaField\":\"MetaclassName\",\"columnComment\":\"行政班级名称\",\"columnId\":199,\"columnName\":\"metaclass_name\",\"columnType\":\"varchar(50)\",\"createBy\":\"admin\",\"createTime\":\"2023-07-07 07:32:54\",\"dictType\":\"\",\"edit\":true,\"htmlType\":\"input\",\"increment\":false,\"insert\":true,\"isEdit\":\"1\",\"isIncrement\":\"0\",\"isInsert\":\"1\",\"isList\":\"1\",\"isPk\":\"0\",\"isQuery\":\"1\",\"javaField\":\"metaclassName\",\"javaType\":\"String\",\"list\":true,\"params\":{},\"pk\":false,\"query\":true,\"queryType\":\"LIKE\",\"required\":false,\"sort\":3,\"superColumn\":false,\"tableId\":19,\"updateBy\":\"\",\"updateTime\":\"2023-07-08 09:24:26\",\"usableColumn\":false},{\"capJavaField\":\"Grade\",\"columnComment\":\"年级\",\"columnId\":200,\"columnName\":\"grade\",\"columnType\":\"varchar(50)\",\"createBy\":\"admin\",\"createTime\":\"2023-07-07 07:32:54\",\"dictType\":\"\",\"edit\":true,\"htmlType\":\"input\",\"increment\":false,\"in', '{\"msg\":\"操作成功\",\"code\":200}', 0, NULL, '2023-07-08 09:31:04', 29);
INSERT INTO `sys_oper_log` VALUES (264, '代码生成', 8, 'com.ruoyi.generator.controller.GenController.batchGenCode()', 'GET', 1, 'admin', NULL, '/tool/gen/batchGenCode', '127.0.0.1', '内网IP', '{\"tables\":\"metaclass\"}', NULL, 0, NULL, '2023-07-08 09:31:07', 108);
INSERT INTO `sys_oper_log` VALUES (265, '菜单管理', 2, 'com.ruoyi.web.controller.system.SysMenuController.edit()', 'PUT', 1, 'admin', NULL, '/system/menu', '127.0.0.1', '内网IP', '{\"children\":[],\"component\":\"niuyabo/metaclass/index\",\"createTime\":\"2023-07-08 09:31:44\",\"icon\":\"#\",\"isCache\":\"0\",\"isFrame\":\"1\",\"menuId\":2025,\"menuName\":\"班级管理\",\"menuType\":\"C\",\"orderNum\":1,\"params\":{},\"parentId\":0,\"path\":\"metaclass\",\"perms\":\"niuyabo:metaclass:list\",\"status\":\"0\",\"updateBy\":\"admin\",\"visible\":\"0\"}', '{\"msg\":\"操作成功\",\"code\":200}', 0, NULL, '2023-07-08 09:33:00', 19);
INSERT INTO `sys_oper_log` VALUES (266, '菜单管理', 1, 'com.ruoyi.web.controller.system.SysMenuController.add()', 'POST', 1, 'admin', NULL, '/system/menu', '127.0.0.1', '内网IP', '{\"children\":[],\"createBy\":\"admin\",\"icon\":\"cascader\",\"isCache\":\"0\",\"isFrame\":\"1\",\"menuName\":\"成绩管理系统\",\"menuType\":\"F\",\"orderNum\":1,\"params\":{},\"parentId\":0,\"status\":\"0\",\"visible\":\"0\"}', '{\"msg\":\"操作成功\",\"code\":200}', 0, NULL, '2023-07-08 09:34:21', 7);
INSERT INTO `sys_oper_log` VALUES (267, '菜单管理', 3, 'com.ruoyi.web.controller.system.SysMenuController.remove()', 'DELETE', 1, 'admin', NULL, '/system/menu/2031', '127.0.0.1', '内网IP', '{}', '{\"msg\":\"操作成功\",\"code\":200}', 0, NULL, '2023-07-08 09:35:17', 12);
INSERT INTO `sys_oper_log` VALUES (268, '代码生成', 8, 'com.ruoyi.generator.controller.GenController.batchGenCode()', 'GET', 1, 'admin', NULL, '/tool/gen/batchGenCode', '127.0.0.1', '内网IP', '{\"tables\":\"student\"}', NULL, 0, NULL, '2023-07-08 09:42:34', 99);
INSERT INTO `sys_oper_log` VALUES (269, '代码生成', 8, 'com.ruoyi.generator.controller.GenController.batchGenCode()', 'GET', 1, 'admin', NULL, '/tool/gen/batchGenCode', '127.0.0.1', '内网IP', '{\"tables\":\"student\"}', NULL, 0, NULL, '2023-07-08 09:42:40', 39);
INSERT INTO `sys_oper_log` VALUES (270, '学生管理', 1, 'com.ruoyi.niuyabo.controller.StudentController.add()', 'POST', 1, 'admin', NULL, '/niuyabo/student', '127.0.0.1', '内网IP', '{\"createTime\":\"2023-07-08 09:44:20\",\"delFlag\":\"0\",\"gender\":\"男\",\"grade\":\"三年级\",\"meataclassId\":4099,\"params\":{},\"realName\":\"牛亚博\",\"studentId\":131079,\"studentNo\":\"20204132037\",\"userId\":1}', '{\"msg\":\"操作成功\",\"code\":200}', 0, NULL, '2023-07-08 09:44:20', 23);
INSERT INTO `sys_oper_log` VALUES (271, '代码生成', 2, 'com.ruoyi.generator.controller.GenController.editSave()', 'PUT', 1, 'admin', NULL, '/tool/gen', '127.0.0.1', '内网IP', '{\"businessName\":\"teacher\",\"className\":\"Teacher\",\"columns\":[{\"capJavaField\":\"TeacherId\",\"columnComment\":\"教师id\",\"columnId\":66,\"columnName\":\"teacher_id\",\"columnType\":\"int(11)\",\"createBy\":\"admin\",\"createTime\":\"2023-07-05 11:04:40\",\"dictType\":\"\",\"edit\":false,\"htmlType\":\"input\",\"increment\":true,\"insert\":true,\"isIncrement\":\"1\",\"isInsert\":\"1\",\"isPk\":\"1\",\"javaField\":\"teacherId\",\"javaType\":\"Long\",\"list\":false,\"params\":{},\"pk\":true,\"query\":false,\"queryType\":\"EQ\",\"required\":false,\"sort\":1,\"superColumn\":false,\"tableId\":6,\"updateBy\":\"\",\"updateTime\":\"2023-07-07 07:34:19\",\"usableColumn\":false},{\"capJavaField\":\"DeptId\",\"columnComment\":\"部门id\",\"columnId\":67,\"columnName\":\"dept_id\",\"columnType\":\"bigint(20)\",\"createBy\":\"admin\",\"createTime\":\"2023-07-05 11:04:40\",\"dictType\":\"\",\"edit\":true,\"htmlType\":\"input\",\"increment\":false,\"insert\":true,\"isEdit\":\"1\",\"isIncrement\":\"0\",\"isInsert\":\"1\",\"isList\":\"1\",\"isPk\":\"0\",\"isQuery\":\"1\",\"javaField\":\"deptId\",\"javaType\":\"Long\",\"list\":true,\"params\":{},\"pk\":false,\"query\":true,\"queryType\":\"EQ\",\"required\":false,\"sort\":2,\"superColumn\":false,\"tableId\":6,\"updateBy\":\"\",\"updateTime\":\"2023-07-07 07:34:19\",\"usableColumn\":false},{\"capJavaField\":\"Status\",\"columnComment\":\"状态\",\"columnId\":68,\"columnName\":\"status\",\"columnType\":\"char(1)\",\"createBy\":\"admin\",\"createTime\":\"2023-07-05 11:04:40\",\"dictType\":\"\",\"edit\":true,\"htmlType\":\"radio\",\"increment\":false,\"insert\":true,\"isEdit\":\"1\",\"isIncrement\":\"0\",\"isInsert\":\"1\",\"isList\":\"1\",\"isPk\":\"0\",\"isQuery\":\"1\",\"javaField\":\"status\",\"javaType\":\"String\",\"list\":true,\"params\":{},\"pk\":false,\"query\":true,\"queryType\":\"EQ\",\"required\":false,\"sort\":3,\"superColumn\":false,\"tableId\":6,\"updateBy\":\"\",\"updateTime\":\"2023-07-07 07:34:19\",\"usableColumn\":false},{\"capJavaField\":\"DelFlag\",\"columnComment\":\"删除标志\",\"columnId\":69,\"columnName\":\"del_flag\",\"columnType\":\"char(1)\",\"createBy\":\"admin\",\"createTime\":\"2023-07-05 11:04:40\",\"dictType\":\"\",\"edit\":false,\"htmlType\":\"input\",\"increment\":false,\"insert\":true,\"isIncrement\":\"0\",\"isInsert\":\"1\",\"isPk\":\"0\",\"javaField\":\"de', '{\"msg\":\"操作成功\",\"code\":200}', 0, NULL, '2023-07-08 09:50:42', 48);
INSERT INTO `sys_oper_log` VALUES (272, '代码生成', 8, 'com.ruoyi.generator.controller.GenController.batchGenCode()', 'GET', 1, 'admin', NULL, '/tool/gen/batchGenCode', '127.0.0.1', '内网IP', '{\"tables\":\"teacher\"}', NULL, 0, NULL, '2023-07-08 09:50:51', 99);
INSERT INTO `sys_oper_log` VALUES (273, '菜单管理', 2, 'com.ruoyi.web.controller.system.SysMenuController.edit()', 'PUT', 1, 'admin', NULL, '/system/menu', '127.0.0.1', '内网IP', '{\"children\":[],\"component\":\"niuyabo/teacher/index\",\"createTime\":\"2023-07-08 09:51:16\",\"icon\":\"#\",\"isCache\":\"0\",\"isFrame\":\"1\",\"menuId\":2032,\"menuName\":\"教师管理\",\"menuType\":\"C\",\"orderNum\":1,\"params\":{},\"parentId\":0,\"path\":\"teacher\",\"perms\":\"niuyabo:teacher:list\",\"status\":\"0\",\"updateBy\":\"admin\",\"visible\":\"0\"}', '{\"msg\":\"操作成功\",\"code\":200}', 0, NULL, '2023-07-08 09:52:01', 19);
INSERT INTO `sys_oper_log` VALUES (274, '代码生成', 2, 'com.ruoyi.generator.controller.GenController.editSave()', 'PUT', 1, 'admin', NULL, '/tool/gen', '127.0.0.1', '内网IP', '{\"businessName\":\"student\",\"className\":\"CourseclassStudent\",\"columns\":[{\"capJavaField\":\"StudentId\",\"columnComment\":\"学生id\",\"columnId\":136,\"columnName\":\"student_id\",\"columnType\":\"int(11)\",\"createBy\":\"admin\",\"createTime\":\"2023-07-07 07:32:54\",\"dictType\":\"\",\"edit\":false,\"htmlType\":\"input\",\"increment\":false,\"insert\":true,\"isIncrement\":\"0\",\"isInsert\":\"1\",\"isPk\":\"1\",\"javaField\":\"studentId\",\"javaType\":\"Long\",\"list\":false,\"params\":{},\"pk\":true,\"query\":false,\"queryType\":\"EQ\",\"required\":false,\"sort\":1,\"superColumn\":false,\"tableId\":12,\"updateBy\":\"\",\"usableColumn\":false},{\"capJavaField\":\"CourseclassId\",\"columnComment\":\"上课班级id\",\"columnId\":137,\"columnName\":\"courseclass_id\",\"columnType\":\"int(11)\",\"createBy\":\"admin\",\"createTime\":\"2023-07-07 07:32:54\",\"dictType\":\"\",\"edit\":false,\"htmlType\":\"input\",\"increment\":false,\"insert\":true,\"isIncrement\":\"0\",\"isInsert\":\"1\",\"isPk\":\"1\",\"javaField\":\"courseclassId\",\"javaType\":\"Long\",\"list\":false,\"params\":{},\"pk\":true,\"query\":false,\"queryType\":\"EQ\",\"required\":false,\"sort\":2,\"superColumn\":false,\"tableId\":12,\"updateBy\":\"\",\"usableColumn\":false},{\"capJavaField\":\"PingshiScore\",\"columnComment\":\"平时成绩\",\"columnId\":138,\"columnName\":\"pingshi_score\",\"columnType\":\"int(11)\",\"createBy\":\"admin\",\"createTime\":\"2023-07-07 07:32:54\",\"dictType\":\"\",\"edit\":true,\"htmlType\":\"input\",\"increment\":false,\"insert\":true,\"isEdit\":\"1\",\"isIncrement\":\"0\",\"isInsert\":\"1\",\"isList\":\"1\",\"isPk\":\"0\",\"isQuery\":\"1\",\"javaField\":\"pingshiScore\",\"javaType\":\"Long\",\"list\":true,\"params\":{},\"pk\":false,\"query\":true,\"queryType\":\"EQ\",\"required\":false,\"sort\":3,\"superColumn\":false,\"tableId\":12,\"updateBy\":\"\",\"usableColumn\":false},{\"capJavaField\":\"QimoScore\",\"columnComment\":\"期末成绩\",\"columnId\":139,\"columnName\":\"qimo_score\",\"columnType\":\"int(11)\",\"createBy\":\"admin\",\"createTime\":\"2023-07-07 07:32:54\",\"dictType\":\"\",\"edit\":true,\"htmlType\":\"input\",\"increment\":false,\"insert\":true,\"isEdit\":\"1\",\"isIncrement\":\"0\",\"isInsert\":\"1\",\"isList\":\"1\",\"isPk\":\"0\",\"isQuery\":\"1\",\"javaField\":\"qimoScore\",\"javaType\":\"Long\",\"list\":true,\"pa', '{\"msg\":\"操作成功\",\"code\":200}', 0, NULL, '2023-07-08 10:00:22', 33);
INSERT INTO `sys_oper_log` VALUES (275, '代码生成', 8, 'com.ruoyi.generator.controller.GenController.batchGenCode()', 'GET', 1, 'admin', NULL, '/tool/gen/batchGenCode', '127.0.0.1', '内网IP', '{\"tables\":\"courseclass_student\"}', NULL, 0, NULL, '2023-07-08 10:00:27', 95);
INSERT INTO `sys_oper_log` VALUES (276, '代码生成', 2, 'com.ruoyi.generator.controller.GenController.editSave()', 'PUT', 1, 'admin', NULL, '/tool/gen', '127.0.0.1', '内网IP', '{\"businessName\":\"CourseclassStudent\",\"className\":\"CourseclassStudent\",\"columns\":[{\"capJavaField\":\"StudentId\",\"columnComment\":\"学生id\",\"columnId\":136,\"columnName\":\"student_id\",\"columnType\":\"int(11)\",\"createBy\":\"admin\",\"createTime\":\"2023-07-07 07:32:54\",\"dictType\":\"\",\"edit\":false,\"htmlType\":\"input\",\"increment\":false,\"insert\":true,\"isIncrement\":\"0\",\"isInsert\":\"1\",\"isPk\":\"1\",\"javaField\":\"studentId\",\"javaType\":\"Long\",\"list\":false,\"params\":{},\"pk\":true,\"query\":false,\"queryType\":\"EQ\",\"required\":false,\"sort\":1,\"superColumn\":false,\"tableId\":12,\"updateBy\":\"\",\"updateTime\":\"2023-07-08 10:00:22\",\"usableColumn\":false},{\"capJavaField\":\"CourseclassId\",\"columnComment\":\"上课班级id\",\"columnId\":137,\"columnName\":\"courseclass_id\",\"columnType\":\"int(11)\",\"createBy\":\"admin\",\"createTime\":\"2023-07-07 07:32:54\",\"dictType\":\"\",\"edit\":false,\"htmlType\":\"input\",\"increment\":false,\"insert\":true,\"isIncrement\":\"0\",\"isInsert\":\"1\",\"isPk\":\"1\",\"javaField\":\"courseclassId\",\"javaType\":\"Long\",\"list\":false,\"params\":{},\"pk\":true,\"query\":false,\"queryType\":\"EQ\",\"required\":false,\"sort\":2,\"superColumn\":false,\"tableId\":12,\"updateBy\":\"\",\"updateTime\":\"2023-07-08 10:00:22\",\"usableColumn\":false},{\"capJavaField\":\"PingshiScore\",\"columnComment\":\"平时成绩\",\"columnId\":138,\"columnName\":\"pingshi_score\",\"columnType\":\"int(11)\",\"createBy\":\"admin\",\"createTime\":\"2023-07-07 07:32:54\",\"dictType\":\"\",\"edit\":true,\"htmlType\":\"input\",\"increment\":false,\"insert\":true,\"isEdit\":\"1\",\"isIncrement\":\"0\",\"isInsert\":\"1\",\"isList\":\"1\",\"isPk\":\"0\",\"isQuery\":\"1\",\"javaField\":\"pingshiScore\",\"javaType\":\"Long\",\"list\":true,\"params\":{},\"pk\":false,\"query\":true,\"queryType\":\"EQ\",\"required\":false,\"sort\":3,\"superColumn\":false,\"tableId\":12,\"updateBy\":\"\",\"updateTime\":\"2023-07-08 10:00:22\",\"usableColumn\":false},{\"capJavaField\":\"QimoScore\",\"columnComment\":\"期末成绩\",\"columnId\":139,\"columnName\":\"qimo_score\",\"columnType\":\"int(11)\",\"createBy\":\"admin\",\"createTime\":\"2023-07-07 07:32:54\",\"dictType\":\"\",\"edit\":true,\"htmlType\":\"input\",\"increment\":false,\"insert\":true,\"isEdit\":\"1\",\"isIncrement', '{\"msg\":\"操作成功\",\"code\":200}', 0, NULL, '2023-07-08 10:02:41', 17);
INSERT INTO `sys_oper_log` VALUES (277, '代码生成', 8, 'com.ruoyi.generator.controller.GenController.batchGenCode()', 'GET', 1, 'admin', NULL, '/tool/gen/batchGenCode', '127.0.0.1', '内网IP', '{\"tables\":\"courseclass_student\"}', NULL, 0, NULL, '2023-07-08 10:02:43', 33);
INSERT INTO `sys_oper_log` VALUES (278, '菜单管理', 2, 'com.ruoyi.web.controller.system.SysMenuController.edit()', 'PUT', 1, 'admin', NULL, '/system/menu', '127.0.0.1', '内网IP', '{\"children\":[],\"component\":\"niuyabo/CourseclassStudent/index\",\"createTime\":\"2023-07-08 10:00:49\",\"icon\":\"#\",\"isCache\":\"0\",\"isFrame\":\"1\",\"menuId\":2038,\"menuName\":\"学生上课\",\"menuType\":\"C\",\"orderNum\":1,\"params\":{},\"parentId\":0,\"path\":\"CourseclassStudent\",\"perms\":\"niuyabo:CourseclassStudent:list\",\"status\":\"0\",\"updateBy\":\"admin\",\"visible\":\"0\"}', '{\"msg\":\"操作成功\",\"code\":200}', 0, NULL, '2023-07-08 10:05:18', 21);
INSERT INTO `sys_oper_log` VALUES (279, '代码生成', 2, 'com.ruoyi.generator.controller.GenController.editSave()', 'PUT', 1, 'admin', NULL, '/tool/gen', '127.0.0.1', '内网IP', '{\"businessName\":\"CourseclassTeacher\",\"className\":\"CourseclassTeacher\",\"columns\":[{\"capJavaField\":\"TeacherId\",\"columnComment\":\"教师id\",\"columnId\":141,\"columnName\":\"teacher_id\",\"columnType\":\"int(11)\",\"createBy\":\"admin\",\"createTime\":\"2023-07-07 07:32:54\",\"dictType\":\"\",\"edit\":true,\"htmlType\":\"input\",\"increment\":false,\"insert\":true,\"isEdit\":\"1\",\"isIncrement\":\"0\",\"isInsert\":\"1\",\"isList\":\"1\",\"isPk\":\"1\",\"isQuery\":\"1\",\"javaField\":\"teacherId\",\"javaType\":\"Long\",\"list\":true,\"params\":{},\"pk\":true,\"query\":true,\"queryType\":\"EQ\",\"required\":false,\"sort\":1,\"superColumn\":false,\"tableId\":13,\"updateBy\":\"\",\"usableColumn\":false},{\"capJavaField\":\"CourseclassId\",\"columnComment\":\"上课班级id\",\"columnId\":142,\"columnName\":\"courseclass_id\",\"columnType\":\"int(11)\",\"createBy\":\"admin\",\"createTime\":\"2023-07-07 07:32:54\",\"dictType\":\"\",\"edit\":true,\"htmlType\":\"input\",\"increment\":false,\"insert\":true,\"isEdit\":\"1\",\"isIncrement\":\"0\",\"isInsert\":\"1\",\"isList\":\"1\",\"isPk\":\"1\",\"isQuery\":\"1\",\"javaField\":\"courseclassId\",\"javaType\":\"Long\",\"list\":true,\"params\":{},\"pk\":true,\"query\":true,\"queryType\":\"EQ\",\"required\":false,\"sort\":2,\"superColumn\":false,\"tableId\":13,\"updateBy\":\"\",\"usableColumn\":false},{\"capJavaField\":\"EvaluationScore\",\"columnComment\":\"评价成绩\",\"columnId\":143,\"columnName\":\"evaluation_score\",\"columnType\":\"float\",\"createBy\":\"admin\",\"createTime\":\"2023-07-07 07:32:54\",\"dictType\":\"\",\"edit\":true,\"htmlType\":\"input\",\"increment\":false,\"insert\":true,\"isEdit\":\"1\",\"isIncrement\":\"0\",\"isInsert\":\"1\",\"isList\":\"1\",\"isPk\":\"0\",\"isQuery\":\"1\",\"javaField\":\"evaluationScore\",\"javaType\":\"Long\",\"list\":true,\"params\":{},\"pk\":false,\"query\":true,\"queryType\":\"EQ\",\"required\":false,\"sort\":3,\"superColumn\":false,\"tableId\":13,\"updateBy\":\"\",\"usableColumn\":false}],\"crud\":true,\"functionAuthor\":\"牛亚博\",\"functionName\":\"教师上课\",\"genPath\":\"/\",\"genType\":\"0\",\"moduleName\":\"niuyabo\",\"options\":\"{\\\"parentMenuId\\\":3}\",\"packageName\":\"com.ruoyi.niuyabo\",\"params\":{\"parentMenuId\":3},\"parentMenuId\":\"3\",\"sub\":false,\"tableComment\":\"教师上课\",\"tableId\":13,\"tableName\":\"courseclass_', '{\"msg\":\"操作成功\",\"code\":200}', 0, NULL, '2023-07-08 10:20:18', 24);
INSERT INTO `sys_oper_log` VALUES (280, '代码生成', 8, 'com.ruoyi.generator.controller.GenController.batchGenCode()', 'GET', 1, 'admin', NULL, '/tool/gen/batchGenCode', '127.0.0.1', '内网IP', '{\"tables\":\"courseclass_teacher\"}', NULL, 0, NULL, '2023-07-08 10:20:21', 83);
INSERT INTO `sys_oper_log` VALUES (281, '菜单管理', 2, 'com.ruoyi.web.controller.system.SysMenuController.edit()', 'PUT', 1, 'admin', NULL, '/system/menu', '127.0.0.1', '内网IP', '{\"children\":[],\"component\":\"niuyabo/CourseclassTeacher/index\",\"createTime\":\"2023-07-08 10:20:59\",\"icon\":\"#\",\"isCache\":\"0\",\"isFrame\":\"1\",\"menuId\":2044,\"menuName\":\"教师上课\",\"menuType\":\"C\",\"orderNum\":1,\"params\":{},\"parentId\":0,\"path\":\"CourseclassTeacher\",\"perms\":\"niuyabo:CourseclassTeacher:list\",\"status\":\"0\",\"updateBy\":\"admin\",\"visible\":\"0\"}', '{\"msg\":\"操作成功\",\"code\":200}', 0, NULL, '2023-07-08 10:21:44', 22);
INSERT INTO `sys_oper_log` VALUES (282, '教师上课', 1, 'com.ruoyi.niuyabo.controller.CourseclassTeacherController.add()', 'POST', 1, 'admin', NULL, '/niuyabo/CourseclassTeacher', '127.0.0.1', '内网IP', '{\"evaluationScore\":99,\"params\":{}}', NULL, 1, '\r\n### Error updating database.  Cause: java.sql.SQLException: Field \'courseclass_id\' doesn\'t have a default value\r\n### The error may exist in file [E:\\2023\\成绩管理系统_ruoyi\\RuoYi-Vue-master\\ruoyi-system\\target\\classes\\mapper\\niuyabo\\CourseclassTeacherMapper.xml]\r\n### The error may involve com.ruoyi.niuyabo.mapper.CourseclassTeacherMapper.insertCourseclassTeacher-Inline\r\n### The error occurred while setting parameters\r\n### SQL: insert into courseclass_teacher          ( evaluation_score )           values ( ? )\r\n### Cause: java.sql.SQLException: Field \'courseclass_id\' doesn\'t have a default value\n; Field \'courseclass_id\' doesn\'t have a default value; nested exception is java.sql.SQLException: Field \'courseclass_id\' doesn\'t have a default value', '2023-07-08 10:21:54', 37);
INSERT INTO `sys_oper_log` VALUES (283, '班级管理', 2, 'com.ruoyi.niuyabo.controller.MetaclassController.edit()', 'PUT', 1, 'admin', NULL, '/niuyabo/metaclass', '127.0.0.1', '内网IP', '{\"createTime\":\"2023-07-07 08:03:44\",\"delFlag\":\"1\",\"deptId\":100,\"grade\":\"3\",\"meataclassId\":4099,\"metaclassName\":\"软件工程1班\",\"metaclassNo\":\"1\",\"params\":{},\"status\":\"0\",\"updateTime\":\"2023-07-08 10:58:42\"}', '{\"msg\":\"操作成功\",\"code\":200}', 0, NULL, '2023-07-08 10:58:42', 11);
INSERT INTO `sys_oper_log` VALUES (284, '班级管理', 2, 'com.ruoyi.niuyabo.controller.MetaclassController.edit()', 'PUT', 1, 'admin', NULL, '/niuyabo/metaclass', '127.0.0.1', '内网IP', '{\"createTime\":\"2023-07-07 08:03:44\",\"delFlag\":\"1\",\"deptId\":101,\"grade\":\"3\",\"meataclassId\":4099,\"metaclassName\":\"软件工程1班\",\"metaclassNo\":\"1\",\"params\":{},\"status\":\"0\",\"updateTime\":\"2023-07-08 10:59:36\"}', '{\"msg\":\"操作成功\",\"code\":200}', 0, NULL, '2023-07-08 10:59:36', 8);
INSERT INTO `sys_oper_log` VALUES (285, '班级管理', 2, 'com.ruoyi.niuyabo.controller.MetaclassController.edit()', 'PUT', 1, 'admin', NULL, '/niuyabo/metaclass', '127.0.0.1', '内网IP', '{\"createTime\":\"2023-07-07 08:03:44\",\"delFlag\":\"1\",\"deptId\":101,\"grade\":\"3\",\"meataclassId\":4099,\"metaclassName\":\"软件工程1班\",\"metaclassNo\":\"001\",\"params\":{},\"status\":\"0\",\"updateTime\":\"2023-07-08 11:02:55\"}', '{\"msg\":\"操作成功\",\"code\":200}', 0, NULL, '2023-07-08 11:02:55', 4);
INSERT INTO `sys_oper_log` VALUES (286, '班级管理', 1, 'com.ruoyi.niuyabo.controller.MetaclassController.add()', 'POST', 1, 'admin', NULL, '/niuyabo/metaclass', '127.0.0.1', '内网IP', '{\"createTime\":\"2023-07-08 11:53:18\",\"deptId\":101,\"grade\":\"3\",\"meataclassId\":4100,\"metaclassName\":\"软件工程2班\",\"metaclassNo\":\"002\",\"params\":{}}', '{\"msg\":\"操作成功\",\"code\":200}', 0, NULL, '2023-07-08 11:53:18', 23);
INSERT INTO `sys_oper_log` VALUES (287, '班级管理', 1, 'com.ruoyi.niuyabo.controller.MetaclassController.add()', 'POST', 1, 'admin', NULL, '/niuyabo/metaclass', '127.0.0.1', '内网IP', '{\"createTime\":\"2023-07-08 11:53:44\",\"deptId\":102,\"grade\":\"1\",\"meataclassId\":4101,\"metaclassName\":\"制药工程1班\",\"metaclassNo\":\"003\",\"params\":{}}', '{\"msg\":\"操作成功\",\"code\":200}', 0, NULL, '2023-07-08 11:53:44', 5);
INSERT INTO `sys_oper_log` VALUES (288, '角色管理', 2, 'com.ruoyi.web.controller.system.SysRoleController.edit()', 'PUT', 1, 'admin', NULL, '/system/role', '127.0.0.1', '内网IP', '{\"admin\":false,\"createTime\":\"2023-07-02 12:44:17\",\"dataScope\":\"4\",\"delFlag\":\"0\",\"deptCheckStrictly\":false,\"flag\":false,\"menuCheckStrictly\":false,\"menuIds\":[1,100,1000,1001,1002,1003,1004,1005,1006,101,1007,1008,1009,1010,1011,102,1012,1013,1014,1015,103,1016,1017,1018,1019,104,1020,1021,1022,1023,1024,105,1025,1026,1027,1028,1029,106,1030,1031,1032,1033,1034,107,1035,1036,1037,1038,108,500,1039,1040,1041,501,1042,1043,1044,1045,2013,2019,2025,2032,2038,2044],\"params\":{},\"roleId\":102,\"roleKey\":\"teacher\",\"roleName\":\"教师\",\"roleSort\":5,\"status\":\"0\",\"updateBy\":\"admin\"}', '{\"msg\":\"操作成功\",\"code\":200}', 0, NULL, '2023-07-08 11:58:03', 25);
INSERT INTO `sys_oper_log` VALUES (289, '班级管理', 2, 'com.ruoyi.niuyabo.controller.MetaclassController.edit()', 'PUT', 1, 'admin', NULL, '/niuyabo/metaclass', '127.0.0.1', '内网IP', '{\"createTime\":\"2023-07-08 11:53:18\",\"delFlag\":\"0\",\"dept\":{\"ancestors\":\"0,100\",\"children\":[],\"deptId\":101,\"deptName\":\"计算机与信息工程学院\",\"leader\":\"\",\"orderNum\":1,\"params\":{},\"parentId\":100,\"status\":\"0\"},\"deptId\":104,\"grade\":\"3\",\"meataclassId\":4100,\"metaclassName\":\"软件工程2班\",\"metaclassNo\":\"002\",\"params\":{},\"status\":\"0\",\"updateTime\":\"2023-07-08 12:02:27\"}', '{\"msg\":\"操作成功\",\"code\":200}', 0, NULL, '2023-07-08 12:02:27', 10);
INSERT INTO `sys_oper_log` VALUES (290, '角色管理', 2, 'com.ruoyi.web.controller.system.SysRoleController.edit()', 'PUT', 1, 'admin', NULL, '/system/role', '127.0.0.1', '内网IP', '{\"admin\":false,\"createTime\":\"2023-07-02 12:44:17\",\"dataScope\":\"4\",\"delFlag\":\"0\",\"deptCheckStrictly\":false,\"flag\":false,\"menuCheckStrictly\":false,\"menuIds\":[1,100,1000,1001,1002,1003,1004,1005,1006,101,1007,1008,1009,1010,1011,102,1012,1013,1014,1015,103,1016,1017,1018,1019,104,1020,1021,1022,1023,1024,105,1025,1026,1027,1028,1029,106,1030,1031,1032,1033,1034,107,1035,1036,1037,1038,108,500,1039,1040,1041,501,1042,1043,1044,1045,2013,2014,2015,2016,2017,2018,2019,2025,2026,2027,2028,2029,2030,2032,2033,2034,2035,2036,2037,2038,2039,2040,2041,2042,2043,2044,2045,2046,2047,2048,2049],\"params\":{},\"roleId\":102,\"roleKey\":\"teacher\",\"roleName\":\"教师\",\"roleSort\":5,\"status\":\"0\",\"updateBy\":\"admin\"}', '{\"msg\":\"操作成功\",\"code\":200}', 0, NULL, '2023-07-08 12:04:01', 11);
INSERT INTO `sys_oper_log` VALUES (291, '角色管理', 2, 'com.ruoyi.web.controller.system.SysRoleController.edit()', 'PUT', 1, 'admin', NULL, '/system/role', '127.0.0.1', '内网IP', '{\"admin\":false,\"createTime\":\"2023-07-02 12:44:17\",\"dataScope\":\"4\",\"delFlag\":\"0\",\"deptCheckStrictly\":false,\"flag\":false,\"menuCheckStrictly\":false,\"menuIds\":[1,100,1000,1001,1002,1003,1004,1005,1006,101,1007,1008,1009,1010,1011,102,1012,1013,1014,1015,103,1016,1017,1018,1019,104,1020,1021,1022,1023,1024,105,1025,1026,1027,1028,1029,106,1030,1031,1032,1033,1034,107,1035,1036,1037,1038,108,500,1039,1040,1041,501,1042,1043,1044,1045,2013,2014,2015,2016,2017,2018,2019,2025,2026,2027,2028,2029,2030,2032,2033,2034,2035,2036,2037,2038,2039,2040,2041,2042,2043,2044,2045,2046,2047,2048,2049],\"params\":{},\"roleId\":102,\"roleKey\":\"teacher\",\"roleName\":\"教师\",\"roleSort\":5,\"status\":\"0\",\"updateBy\":\"admin\"}', '{\"msg\":\"操作成功\",\"code\":200}', 0, NULL, '2023-07-08 12:04:31', 17);
INSERT INTO `sys_oper_log` VALUES (292, '角色管理', 4, 'com.ruoyi.web.controller.system.SysRoleController.cancelAuthUserAll()', 'PUT', 1, 'admin', NULL, '/system/role/authUser/cancelAll', '127.0.0.1', '内网IP', '{\"roleId\":\"102\",\"userIds\":\"105\"}', '{\"msg\":\"操作成功\",\"code\":200}', 0, NULL, '2023-07-08 12:04:55', 45);
INSERT INTO `sys_oper_log` VALUES (293, '角色管理', 4, 'com.ruoyi.web.controller.system.SysRoleController.selectAuthUserAll()', 'PUT', 1, 'admin', NULL, '/system/role/authUser/selectAll', '127.0.0.1', '内网IP', '{\"roleId\":\"102\",\"userIds\":\"105\"}', '{\"msg\":\"操作成功\",\"code\":200}', 0, NULL, '2023-07-08 12:05:06', 6);
INSERT INTO `sys_oper_log` VALUES (294, '学生管理', 1, 'com.ruoyi.niuyabo.controller.StudentController.add()', 'POST', 1, 'admin', NULL, '/niuyabo/student', '127.0.0.1', '内网IP', '{\"createTime\":\"2023-07-08 12:14:56\",\"delFlag\":\"0\",\"gender\":\"男\",\"grade\":\"2\",\"meataclassId\":4100,\"params\":{},\"realName\":\"小牛\",\"studentId\":131080,\"studentNo\":\"20204132038\",\"userId\":106}', '{\"msg\":\"操作成功\",\"code\":200}', 0, NULL, '2023-07-08 12:14:56', 23);
INSERT INTO `sys_oper_log` VALUES (295, '学生管理', 2, 'com.ruoyi.niuyabo.controller.StudentController.edit()', 'PUT', 1, 'admin', NULL, '/niuyabo/student', '127.0.0.1', '内网IP', '{\"createTime\":\"2023-07-08 09:44:20\",\"delFlag\":\"0\",\"gender\":\"男\",\"grade\":\"3\",\"meataclassId\":4099,\"params\":{},\"realName\":\"牛亚博\",\"status\":\"0\",\"studentId\":131079,\"studentNo\":\"20204132037\",\"updateTime\":\"2023-07-08 12:15:06\",\"userId\":1}', '{\"msg\":\"操作成功\",\"code\":200}', 0, NULL, '2023-07-08 12:15:06', 17);
INSERT INTO `sys_oper_log` VALUES (296, '课程管理', 2, 'com.ruoyi.niuyabo.controller.CourseController.edit()', 'PUT', 1, '教师一', NULL, '/niuyabo/course', '127.0.0.1', '内网IP', '{\"courseId\":54109,\"courseName\":\"JAVA\",\"courseNo\":\"002\",\"createTime\":\"2023-07-08 08:39:49\",\"delFlag\":\"0\",\"dept\":{\"ancestors\":\"0,100,101\",\"children\":[],\"deptId\":104,\"deptName\":\"软件工程二班\",\"leader\":\"\",\"orderNum\":2,\"params\":{},\"parentId\":101,\"status\":\"0\"},\"deptId\":109,\"params\":{},\"pingshiPercent\":20,\"qimoPercent\":60,\"status\":\"0\",\"updateTime\":\"2023-07-08 12:30:04\"}', '{\"msg\":\"操作成功\",\"code\":200}', 0, NULL, '2023-07-08 12:30:04', 15);
INSERT INTO `sys_oper_log` VALUES (297, '菜单管理', 1, 'com.ruoyi.web.controller.system.SysMenuController.add()', 'POST', 1, 'admin', NULL, '/system/menu', '127.0.0.1', '内网IP', '{\"children\":[],\"createBy\":\"admin\",\"icon\":\"cascader\",\"isCache\":\"0\",\"isFrame\":\"1\",\"menuName\":\"成绩管理系统\",\"menuType\":\"M\",\"orderNum\":1,\"params\":{},\"parentId\":0,\"path\":\"niuyabo\",\"status\":\"0\",\"visible\":\"0\"}', '{\"msg\":\"操作成功\",\"code\":200}', 0, NULL, '2023-07-08 18:16:58', 11);
INSERT INTO `sys_oper_log` VALUES (298, '菜单管理', 2, 'com.ruoyi.web.controller.system.SysMenuController.edit()', 'PUT', 1, 'admin', NULL, '/system/menu', '127.0.0.1', '内网IP', '{\"children\":[],\"component\":\"niuyabo/course/index\",\"createTime\":\"2023-07-08 08:37:14\",\"icon\":\"#\",\"isCache\":\"0\",\"isFrame\":\"1\",\"menuId\":2013,\"menuName\":\"课程管理\",\"menuType\":\"C\",\"orderNum\":1,\"params\":{},\"parentId\":2050,\"path\":\"course\",\"perms\":\"niuyabo:course:list\",\"status\":\"0\",\"updateBy\":\"admin\",\"visible\":\"0\"}', '{\"msg\":\"操作成功\",\"code\":200}', 0, NULL, '2023-07-08 18:17:26', 8);
INSERT INTO `sys_oper_log` VALUES (299, '菜单管理', 2, 'com.ruoyi.web.controller.system.SysMenuController.edit()', 'PUT', 1, 'admin', NULL, '/system/menu', '127.0.0.1', '内网IP', '{\"children\":[],\"component\":\"niuyabo/metaclass/index\",\"createTime\":\"2023-07-08 09:31:44\",\"icon\":\"#\",\"isCache\":\"0\",\"isFrame\":\"1\",\"menuId\":2025,\"menuName\":\"班级管理\",\"menuType\":\"C\",\"orderNum\":2,\"params\":{},\"parentId\":2050,\"path\":\"metaclass\",\"perms\":\"niuyabo:metaclass:list\",\"status\":\"0\",\"updateBy\":\"admin\",\"visible\":\"0\"}', '{\"msg\":\"操作成功\",\"code\":200}', 0, NULL, '2023-07-08 18:17:49', 9);
INSERT INTO `sys_oper_log` VALUES (300, '菜单管理', 2, 'com.ruoyi.web.controller.system.SysMenuController.edit()', 'PUT', 1, 'admin', NULL, '/system/menu', '127.0.0.1', '内网IP', '{\"children\":[],\"component\":\"niuyabo/teacher/index\",\"createTime\":\"2023-07-08 09:51:16\",\"icon\":\"#\",\"isCache\":\"0\",\"isFrame\":\"1\",\"menuId\":2032,\"menuName\":\"教师管理\",\"menuType\":\"C\",\"orderNum\":3,\"params\":{},\"parentId\":2050,\"path\":\"teacher\",\"perms\":\"niuyabo:teacher:list\",\"status\":\"0\",\"updateBy\":\"admin\",\"visible\":\"0\"}', '{\"msg\":\"操作成功\",\"code\":200}', 0, NULL, '2023-07-08 18:18:00', 20);
INSERT INTO `sys_oper_log` VALUES (301, '菜单管理', 2, 'com.ruoyi.web.controller.system.SysMenuController.edit()', 'PUT', 1, 'admin', NULL, '/system/menu', '127.0.0.1', '内网IP', '{\"children\":[],\"component\":\"niuyabo/student/index\",\"createTime\":\"2023-07-08 09:20:18\",\"icon\":\"#\",\"isCache\":\"0\",\"isFrame\":\"1\",\"menuId\":2019,\"menuName\":\"学生管理\",\"menuType\":\"C\",\"orderNum\":1,\"params\":{},\"parentId\":2050,\"path\":\"student\",\"perms\":\"niuyabo:student:list\",\"status\":\"0\",\"updateBy\":\"admin\",\"visible\":\"0\"}', '{\"msg\":\"操作成功\",\"code\":200}', 0, NULL, '2023-07-08 18:18:34', 14);
INSERT INTO `sys_oper_log` VALUES (302, '菜单管理', 2, 'com.ruoyi.web.controller.system.SysMenuController.edit()', 'PUT', 1, 'admin', NULL, '/system/menu', '127.0.0.1', '内网IP', '{\"children\":[],\"component\":\"niuyabo/CourseclassStudent/index\",\"createTime\":\"2023-07-08 10:00:49\",\"icon\":\"#\",\"isCache\":\"0\",\"isFrame\":\"1\",\"menuId\":2038,\"menuName\":\"学生上课\",\"menuType\":\"C\",\"orderNum\":5,\"params\":{},\"parentId\":2050,\"path\":\"CourseclassStudent\",\"perms\":\"niuyabo:CourseclassStudent:list\",\"status\":\"0\",\"updateBy\":\"admin\",\"visible\":\"0\"}', '{\"msg\":\"操作成功\",\"code\":200}', 0, NULL, '2023-07-08 18:18:42', 11);
INSERT INTO `sys_oper_log` VALUES (303, '菜单管理', 2, 'com.ruoyi.web.controller.system.SysMenuController.edit()', 'PUT', 1, 'admin', NULL, '/system/menu', '127.0.0.1', '内网IP', '{\"children\":[],\"component\":\"niuyabo/student/index\",\"createTime\":\"2023-07-08 09:20:18\",\"icon\":\"#\",\"isCache\":\"0\",\"isFrame\":\"1\",\"menuId\":2019,\"menuName\":\"学生管理\",\"menuType\":\"C\",\"orderNum\":4,\"params\":{},\"parentId\":2050,\"path\":\"student\",\"perms\":\"niuyabo:student:list\",\"status\":\"0\",\"updateBy\":\"admin\",\"visible\":\"0\"}', '{\"msg\":\"操作成功\",\"code\":200}', 0, NULL, '2023-07-08 18:18:53', 11);
INSERT INTO `sys_oper_log` VALUES (304, '菜单管理', 2, 'com.ruoyi.web.controller.system.SysMenuController.edit()', 'PUT', 1, 'admin', NULL, '/system/menu', '127.0.0.1', '内网IP', '{\"children\":[],\"component\":\"niuyabo/CourseclassTeacher/index\",\"createTime\":\"2023-07-08 10:20:59\",\"icon\":\"#\",\"isCache\":\"0\",\"isFrame\":\"1\",\"menuId\":2044,\"menuName\":\"教师上课\",\"menuType\":\"C\",\"orderNum\":6,\"params\":{},\"parentId\":2050,\"path\":\"CourseclassTeacher\",\"perms\":\"niuyabo:CourseclassTeacher:list\",\"status\":\"0\",\"updateBy\":\"admin\",\"visible\":\"0\"}', '{\"msg\":\"操作成功\",\"code\":200}', 0, NULL, '2023-07-08 18:19:00', 12);
INSERT INTO `sys_oper_log` VALUES (305, '课程管理', 5, 'com.ruoyi.niuyabo.controller.CourseController.export()', 'POST', 1, 'admin', NULL, '/niuyabo/course/export', '127.0.0.1', '内网IP', '{\"pageSize\":\"10\",\"pageNum\":\"1\"}', NULL, 0, NULL, '2023-07-08 18:23:10', 597);
INSERT INTO `sys_oper_log` VALUES (306, '课程管理', 5, 'com.ruoyi.niuyabo.controller.CourseController.export()', 'POST', 1, 'admin', NULL, '/niuyabo/course/export', '127.0.0.1', '内网IP', '{\"pageSize\":\"10\",\"pageNum\":\"1\"}', NULL, 0, NULL, '2023-07-08 18:23:19', 30);
INSERT INTO `sys_oper_log` VALUES (307, '课程管理', 5, 'com.ruoyi.niuyabo.controller.CourseController.export()', 'POST', 1, 'admin', NULL, '/niuyabo/course/export', '127.0.0.1', '内网IP', '{\"pageSize\":\"10\",\"pageNum\":\"1\"}', NULL, 0, NULL, '2023-07-08 18:23:20', 36);
INSERT INTO `sys_oper_log` VALUES (308, '课程管理', 5, 'com.ruoyi.niuyabo.controller.CourseController.export()', 'POST', 1, 'admin', NULL, '/niuyabo/course/export', '127.0.0.1', '内网IP', '{\"pageSize\":\"10\",\"pageNum\":\"1\"}', NULL, 0, NULL, '2023-07-08 18:23:25', 23);
INSERT INTO `sys_oper_log` VALUES (309, '用户管理', 6, 'com.ruoyi.niuyabo.controller.CourseController.importData()', 'POST', 1, 'admin', NULL, '/niuyabo/course/importData', '127.0.0.1', '内网IP', '{\"updateSupport\":\"0\"}', NULL, 1, '很抱歉，导入失败！共 3 条数据格式不正确，错误如下：<br/>1、账号 JS3 已存在<br/>2、账号 JS1 已存在<br/>3、账号 JS2 已存在', '2023-07-08 19:27:13', 89);
INSERT INTO `sys_oper_log` VALUES (310, '用户管理', 6, 'com.ruoyi.niuyabo.controller.CourseController.importData()', 'POST', 1, 'admin', NULL, '/niuyabo/course/importData', '127.0.0.1', '内网IP', '{\"updateSupport\":\"0\"}', '{\"msg\":\"恭喜您，数据已全部导入成功！共 3 条，数据如下：<br/>1、账号 JS3 导入成功<br/>2、账号 JS1 导入成功<br/>3、账号 JS2 导入成功\",\"code\":200}', 0, NULL, '2023-07-08 19:28:10', 266);
INSERT INTO `sys_oper_log` VALUES (311, '用户管理', 6, 'com.ruoyi.niuyabo.controller.CourseController.importData()', 'POST', 1, 'admin', NULL, '/niuyabo/course/importData', '127.0.0.1', '内网IP', '{\"updateSupport\":\"0\"}', '{\"msg\":\"恭喜您，数据已全部导入成功！共 3 条，数据如下：<br/>1、账号 JS3 导入成功<br/>2、账号 JS1 导入成功<br/>3、账号 JS2 导入成功\",\"code\":200}', 0, NULL, '2023-07-08 19:40:34', 37);
INSERT INTO `sys_oper_log` VALUES (312, '用户管理', 6, 'com.ruoyi.niuyabo.controller.CourseController.importData()', 'POST', 1, 'admin', NULL, '/niuyabo/course/importData', '127.0.0.1', '内网IP', '{\"updateSupport\":\"0\"}', '{\"msg\":\"恭喜您，数据已全部导入成功！共 3 条，数据如下：<br/>1、账号 JS3 导入成功<br/>2、账号 JS1 导入成功<br/>3、账号 JS2 导入成功\",\"code\":200}', 0, NULL, '2023-07-08 19:40:39', 21);
INSERT INTO `sys_oper_log` VALUES (313, '课程管理', 5, 'com.ruoyi.niuyabo.controller.CourseController.export()', 'POST', 1, 'admin', NULL, '/niuyabo/course/export', '127.0.0.1', '内网IP', '{\"pageSize\":\"10\",\"pageNum\":\"1\"}', NULL, 0, NULL, '2023-07-08 19:40:49', 156);
INSERT INTO `sys_oper_log` VALUES (314, '课程管理', 3, 'com.ruoyi.niuyabo.controller.CourseController.remove()', 'DELETE', 1, 'admin', NULL, '/niuyabo/course/54115,54116,54114', '127.0.0.1', '内网IP', '{}', '{\"msg\":\"操作成功\",\"code\":200}', 0, NULL, '2023-07-08 19:41:15', 14);
INSERT INTO `sys_oper_log` VALUES (315, '用户管理', 5, 'com.ruoyi.web.controller.system.SysUserController.export()', 'POST', 1, 'admin', NULL, '/system/user/export', '127.0.0.1', '内网IP', '{\"pageSize\":\"10\",\"pageNum\":\"1\"}', NULL, 0, NULL, '2023-07-08 19:41:35', 52);
INSERT INTO `sys_oper_log` VALUES (316, '课程管理', 5, 'com.ruoyi.niuyabo.controller.CourseController.export()', 'POST', 1, 'admin', NULL, '/niuyabo/course/export', '127.0.0.1', '内网IP', '{\"courseName\":\"1\",\"pageSize\":\"10\",\"pageNum\":\"1\"}', NULL, 0, NULL, '2023-07-08 19:42:32', 34);
INSERT INTO `sys_oper_log` VALUES (317, '角色管理', 2, 'com.ruoyi.web.controller.system.SysRoleController.edit()', 'PUT', 1, 'admin', NULL, '/system/role', '127.0.0.1', '内网IP', '{\"admin\":false,\"createTime\":\"2023-07-02 12:44:17\",\"dataScope\":\"4\",\"delFlag\":\"0\",\"deptCheckStrictly\":false,\"flag\":false,\"menuCheckStrictly\":false,\"menuIds\":[1,100,1000,1001,1002,1003,1004,1005,1006,101,1007,1008,1009,1010,1011,102,1012,1013,1014,1015,103,1016,1017,1018,1019,104,1020,1021,1022,1023,1024,105,1025,1026,1027,1028,1029,106,1030,1031,1032,1033,1034,107,1035,1036,1037,1038,108,500,1039,1040,1041,501,1042,1043,1044,1045,2050,2013,2014,2015,2016,2017,2018,2025,2026,2027,2028,2029,2030,2032,2033,2034,2035,2036,2037,2019,2038,2039,2040,2041,2042,2043,2044,2045,2046,2047,2048,2049],\"params\":{},\"roleId\":102,\"roleKey\":\"teacher\",\"roleName\":\"教师\",\"roleSort\":5,\"status\":\"0\",\"updateBy\":\"admin\"}', '{\"msg\":\"操作成功\",\"code\":200}', 0, NULL, '2023-07-08 20:06:31', 27);
INSERT INTO `sys_oper_log` VALUES (318, '角色管理', 2, 'com.ruoyi.web.controller.system.SysRoleController.edit()', 'PUT', 1, 'admin', NULL, '/system/role', '127.0.0.1', '内网IP', '{\"admin\":false,\"createTime\":\"2023-07-02 12:42:25\",\"dataScope\":\"4\",\"delFlag\":\"0\",\"deptCheckStrictly\":false,\"flag\":false,\"menuCheckStrictly\":false,\"menuIds\":[1,100,1000,1001,1002,1003,1004,1005,1006,102,1012,1013,1014,1015,103,1016,1017,1018,1019,104,1020,1021,1022,1023,1024,105,1025,1026,1027,1028,1029,106,1030,1031,1032,1033,1034,107,1035,1036,1037,1038,108,500,1039,1040,1041,501,1042,1043,1044,1045,2050,2,3],\"params\":{},\"roleId\":100,\"roleKey\":\"battalion\",\"roleName\":\"学校管理员\",\"roleSort\":3,\"status\":\"1\",\"updateBy\":\"admin\"}', '{\"msg\":\"操作成功\",\"code\":200}', 0, NULL, '2023-07-08 20:10:19', 17);
INSERT INTO `sys_oper_log` VALUES (319, '角色管理', 2, 'com.ruoyi.web.controller.system.SysRoleController.edit()', 'PUT', 1, 'admin', NULL, '/system/role', '127.0.0.1', '内网IP', '{\"admin\":false,\"createTime\":\"2023-07-02 12:43:31\",\"dataScope\":\"3\",\"delFlag\":\"0\",\"deptCheckStrictly\":false,\"flag\":false,\"menuCheckStrictly\":false,\"menuIds\":[1,100,1000,1001,1002,1003,1004,1005,1006,102,1012,1013,1014,1015,103,1016,1017,1018,1019,104,1020,1021,1022,1023,1024,105,1025,1026,1027,1028,1029,106,1030,1031,1032,1033,1034,107,1035,1036,1037,1038,108,500,1039,1040,1041,501,1042,1043,1044,1045,2050,2,3],\"params\":{},\"roleId\":101,\"roleKey\":\"company\",\"roleName\":\"学院管理员\",\"roleSort\":4,\"status\":\"1\",\"updateBy\":\"admin\"}', '{\"msg\":\"操作成功\",\"code\":200}', 0, NULL, '2023-07-08 20:10:32', 18);
INSERT INTO `sys_oper_log` VALUES (320, '角色管理', 2, 'com.ruoyi.web.controller.system.SysRoleController.edit()', 'PUT', 1, 'admin', NULL, '/system/role', '127.0.0.1', '内网IP', '{\"admin\":false,\"createTime\":\"2023-07-02 12:43:31\",\"dataScope\":\"3\",\"delFlag\":\"0\",\"deptCheckStrictly\":false,\"flag\":false,\"menuCheckStrictly\":false,\"menuIds\":[1,100,1000,1001,1002,1003,1004,1005,1006,102,1012,1013,1014,1015,103,1016,1017,1018,1019,104,1020,1021,1022,1023,1024,105,1025,1026,1027,1028,1029,106,1030,1031,1032,1033,1034,107,1035,1036,1037,1038,108,500,1039,1040,1041,501,1042,1043,1044,1045,2050],\"params\":{},\"roleId\":101,\"roleKey\":\"company\",\"roleName\":\"学院管理员\",\"roleSort\":4,\"status\":\"1\",\"updateBy\":\"admin\"}', '{\"msg\":\"操作成功\",\"code\":200}', 0, NULL, '2023-07-08 20:10:59', 12);
INSERT INTO `sys_oper_log` VALUES (321, '角色管理', 2, 'com.ruoyi.web.controller.system.SysRoleController.edit()', 'PUT', 1, 'admin', NULL, '/system/role', '127.0.0.1', '内网IP', '{\"admin\":false,\"createTime\":\"2023-07-02 12:44:17\",\"dataScope\":\"4\",\"delFlag\":\"0\",\"deptCheckStrictly\":false,\"flag\":false,\"menuCheckStrictly\":false,\"menuIds\":[1,100,1000,1001,1002,1003,1004,1005,1006,101,1007,1008,1009,1010,1011,102,1012,1013,1014,1015,103,1016,1017,1018,1019,104,1020,1021,1022,1023,1024,105,1025,1026,1027,1028,1029,106,1030,1031,1032,1033,1034,107,1035,1036,1037,1038,108,500,1039,1040,1041,501,1042,1043,1044,1045,2050,2013,2014,2015,2016,2017,2018,2025,2026,2027,2028,2029,2030,2032,2033,2034,2035,2036,2037,2019,2020,2021,2022,2023,2024,2038,2039,2040,2041,2042,2043,2044,2045,2046,2047,2048,2049],\"params\":{},\"roleId\":102,\"roleKey\":\"teacher\",\"roleName\":\"教师\",\"roleSort\":5,\"status\":\"0\",\"updateBy\":\"admin\"}', '{\"msg\":\"操作成功\",\"code\":200}', 0, NULL, '2023-07-08 20:11:26', 19);
INSERT INTO `sys_oper_log` VALUES (322, '角色管理', 2, 'com.ruoyi.web.controller.system.SysRoleController.changeStatus()', 'PUT', 1, 'admin', NULL, '/system/role/changeStatus', '127.0.0.1', '内网IP', '{\"admin\":false,\"deptCheckStrictly\":false,\"flag\":false,\"menuCheckStrictly\":false,\"params\":{},\"roleId\":101,\"status\":\"0\",\"updateBy\":\"admin\"}', '{\"msg\":\"操作成功\",\"code\":200}', 0, NULL, '2023-07-08 20:11:33', 4);
INSERT INTO `sys_oper_log` VALUES (323, '角色管理', 2, 'com.ruoyi.web.controller.system.SysRoleController.changeStatus()', 'PUT', 1, 'admin', NULL, '/system/role/changeStatus', '127.0.0.1', '内网IP', '{\"admin\":false,\"deptCheckStrictly\":false,\"flag\":false,\"menuCheckStrictly\":false,\"params\":{},\"roleId\":100,\"status\":\"0\",\"updateBy\":\"admin\"}', '{\"msg\":\"操作成功\",\"code\":200}', 0, NULL, '2023-07-08 20:11:36', 9);
INSERT INTO `sys_oper_log` VALUES (324, '课程管理', 3, 'com.ruoyi.niuyabo.controller.CourseController.remove()', 'DELETE', 1, '学校管理员', NULL, '/niuyabo/course/54118', '127.0.0.1', '内网IP', '{}', '{\"msg\":\"操作成功\",\"code\":200}', 0, NULL, '2023-07-08 20:14:34', 3);
INSERT INTO `sys_oper_log` VALUES (325, '班级管理', 2, 'com.ruoyi.niuyabo.controller.MetaclassController.edit()', 'PUT', 1, '学校管理员', NULL, '/niuyabo/metaclass', '127.0.0.1', '内网IP', '{\"createTime\":\"2023-07-08 11:53:18\",\"delFlag\":\"0\",\"dept\":{\"ancestors\":\"0,100,101\",\"children\":[],\"deptId\":104,\"deptName\":\"软件工程二班\",\"leader\":\"\",\"orderNum\":2,\"params\":{},\"parentId\":101,\"status\":\"0\"},\"deptId\":101,\"grade\":\"3\",\"meataclassId\":4100,\"metaclassName\":\"软件工程2班\",\"metaclassNo\":\"002\",\"params\":{},\"status\":\"0\",\"updateTime\":\"2023-07-08 20:16:02\"}', '{\"msg\":\"操作成功\",\"code\":200}', 0, NULL, '2023-07-08 20:16:02', 13);
INSERT INTO `sys_oper_log` VALUES (326, '教师管理', 2, 'com.ruoyi.niuyabo.controller.TeacherController.edit()', 'PUT', 1, '学校管理员', NULL, '/niuyabo/teacher', '127.0.0.1', '内网IP', '{\"academicTitle\":\"1\",\"createTime\":\"2023-07-05 12:19:26\",\"delFlag\":\"0\",\"dept\":{\"ancestors\":\"0\",\"children\":[],\"deptId\":100,\"deptName\":\"新乡学院\",\"leader\":\"\",\"orderNum\":0,\"params\":{},\"parentId\":0,\"status\":\"0\"},\"deptId\":100,\"evaluateScore\":\"1\",\"evaluateState\":\"1\",\"gender\":\"男\",\"internal\":\"1\",\"params\":{},\"realName\":\"刘**\",\"status\":\"0\",\"teacherId\":3737,\"teacherNo\":\"100101\",\"updateTime\":\"2023-07-08 20:18:15\",\"userId\":1}', '{\"msg\":\"操作成功\",\"code\":200}', 0, NULL, '2023-07-08 20:18:15', 17);
INSERT INTO `sys_oper_log` VALUES (327, '教师管理', 2, 'com.ruoyi.niuyabo.controller.TeacherController.edit()', 'PUT', 1, '学校管理员', NULL, '/niuyabo/teacher', '127.0.0.1', '内网IP', '{\"academicTitle\":\"高级\",\"createTime\":\"2023-07-05 12:19:46\",\"delFlag\":\"0\",\"dept\":{\"ancestors\":\"0,100\",\"children\":[],\"deptId\":101,\"deptName\":\"计算机与信息工程学院\",\"leader\":\"\",\"orderNum\":1,\"params\":{},\"parentId\":100,\"status\":\"0\"},\"deptId\":101,\"evaluateScore\":\"100\",\"evaluateState\":\"0\",\"gender\":\"男\",\"internal\":\"0\",\"params\":{},\"realName\":\"牛**\",\"status\":\"0\",\"teacherId\":3738,\"teacherNo\":\"100101\",\"updateTime\":\"2023-07-08 20:18:58\",\"userId\":2}', NULL, 1, '\r\n### Error updating database.  Cause: java.sql.SQLIntegrityConstraintViolationException: Duplicate entry \'100101\' for key \'Index_teacher_no\'\r\n### The error may exist in file [E:\\2023\\成绩管理系统_ruoyi\\RuoYi-Vue-master\\ruoyi-system\\target\\classes\\mapper\\niuyabo\\TeacherMapper.xml]\r\n### The error may involve com.ruoyi.niuyabo.mapper.TeacherMapper.updateTeacher-Inline\r\n### The error occurred while setting parameters\r\n### SQL: update teacher          SET dept_id = ?,             status = ?,             del_flag = ?,                          create_time = ?,                          update_time = ?,             teacher_no = ?,             real_name = ?,             gender = ?,             evaluate_score = ?,             evaluate_state = ?,             academic_title = ?,             internal = ?,             user_id = ?          where teacher_id = ?\r\n### Cause: java.sql.SQLIntegrityConstraintViolationException: Duplicate entry \'100101\' for key \'Index_teacher_no\'\n; Duplicate entry \'100101\' for key \'Index_teacher_no\'; nested exception is java.sql.SQLIntegrityConstraintViolationException: Duplicate entry \'100101\' for key \'Index_teacher_no\'', '2023-07-08 20:18:58', 38);
INSERT INTO `sys_oper_log` VALUES (328, '教师管理', 2, 'com.ruoyi.niuyabo.controller.TeacherController.edit()', 'PUT', 1, '学校管理员', NULL, '/niuyabo/teacher', '127.0.0.1', '内网IP', '{\"academicTitle\":\"高级\",\"createTime\":\"2023-07-05 12:19:46\",\"delFlag\":\"0\",\"dept\":{\"ancestors\":\"0,100\",\"children\":[],\"deptId\":101,\"deptName\":\"计算机与信息工程学院\",\"leader\":\"\",\"orderNum\":1,\"params\":{},\"parentId\":100,\"status\":\"0\"},\"deptId\":101,\"evaluateScore\":\"100\",\"evaluateState\":\"0\",\"gender\":\"男\",\"internal\":\"0\",\"params\":{},\"realName\":\"牛**\",\"status\":\"0\",\"teacherId\":3738,\"teacherNo\":\"100102\",\"updateTime\":\"2023-07-08 20:19:07\",\"userId\":2}', '{\"msg\":\"操作成功\",\"code\":200}', 0, NULL, '2023-07-08 20:19:07', 7);
INSERT INTO `sys_oper_log` VALUES (329, '教师管理', 2, 'com.ruoyi.niuyabo.controller.TeacherController.edit()', 'PUT', 1, '学校管理员', NULL, '/niuyabo/teacher', '127.0.0.1', '内网IP', '{\"academicTitle\":\"中级\",\"createTime\":\"2023-07-05 12:20:27\",\"delFlag\":\"0\",\"dept\":{\"ancestors\":\"0,100,101\",\"children\":[],\"deptId\":103,\"deptName\":\"软件工程一班\",\"leader\":\"\",\"orderNum\":1,\"params\":{},\"parentId\":101,\"status\":\"0\"},\"deptId\":103,\"evaluateScore\":\"100\",\"evaluateState\":\"0\",\"gender\":\"女\",\"internal\":\"1\",\"params\":{},\"realName\":\"李**\",\"status\":\"0\",\"teacherId\":3739,\"teacherNo\":\"100103\",\"updateTime\":\"2023-07-08 20:19:44\",\"userId\":3}', '{\"msg\":\"操作成功\",\"code\":200}', 0, NULL, '2023-07-08 20:19:44', 10);
INSERT INTO `sys_oper_log` VALUES (330, '教师管理', 2, 'com.ruoyi.niuyabo.controller.TeacherController.edit()', 'PUT', 1, '学校管理员', NULL, '/niuyabo/teacher', '127.0.0.1', '内网IP', '{\"academicTitle\":\"高级\",\"createTime\":\"2023-07-05 12:19:26\",\"delFlag\":\"0\",\"dept\":{\"ancestors\":\"0\",\"children\":[],\"deptId\":100,\"deptName\":\"新乡学院\",\"leader\":\"\",\"orderNum\":0,\"params\":{},\"parentId\":0,\"status\":\"0\"},\"deptId\":100,\"evaluateScore\":\"100\",\"evaluateState\":\"1\",\"gender\":\"男\",\"internal\":\"1\",\"params\":{},\"realName\":\"刘**\",\"status\":\"0\",\"teacherId\":3737,\"teacherNo\":\"100101\",\"updateTime\":\"2023-07-08 20:20:00\",\"userId\":1}', '{\"msg\":\"操作成功\",\"code\":200}', 0, NULL, '2023-07-08 20:20:00', 13);
INSERT INTO `sys_oper_log` VALUES (331, '教师管理', 3, 'com.ruoyi.niuyabo.controller.TeacherController.remove()', 'DELETE', 1, '学校管理员', NULL, '/niuyabo/teacher/3741', '127.0.0.1', '内网IP', '{}', '{\"msg\":\"操作成功\",\"code\":200}', 0, NULL, '2023-07-08 20:20:12', 3);
INSERT INTO `sys_oper_log` VALUES (332, '教师管理', 3, 'com.ruoyi.niuyabo.controller.TeacherController.remove()', 'DELETE', 1, '学校管理员', NULL, '/niuyabo/teacher/3742', '127.0.0.1', '内网IP', '{}', '{\"msg\":\"操作成功\",\"code\":200}', 0, NULL, '2023-07-08 20:20:17', 3);
INSERT INTO `sys_oper_log` VALUES (333, '教师管理', 2, 'com.ruoyi.niuyabo.controller.TeacherController.edit()', 'PUT', 1, '学校管理员', NULL, '/niuyabo/teacher', '127.0.0.1', '内网IP', '{\"academicTitle\":\"四级\",\"createTime\":\"2023-07-05 13:34:38\",\"delFlag\":\"0\",\"dept\":{\"ancestors\":\"0,100,102\",\"children\":[],\"deptId\":109,\"deptName\":\"制药工程二班\",\"leader\":\"\",\"orderNum\":2,\"params\":{},\"parentId\":102,\"status\":\"0\"},\"deptId\":109,\"evaluateScore\":\"100\",\"evaluateState\":\"0\",\"gender\":\"女\",\"internal\":\"0\",\"params\":{},\"realName\":\"张**\",\"status\":\"0\",\"teacherId\":3740,\"teacherNo\":\"100104\",\"updateTime\":\"2023-07-08 20:20:46\",\"userId\":9}', '{\"msg\":\"操作成功\",\"code\":200}', 0, NULL, '2023-07-08 20:20:46', 8);
INSERT INTO `sys_oper_log` VALUES (334, '代码生成', 2, 'com.ruoyi.generator.controller.GenController.editSave()', 'PUT', 1, 'admin', NULL, '/tool/gen', '127.0.0.1', '内网IP', '{\"businessName\":\"course\",\"className\":\"Course\",\"columns\":[{\"capJavaField\":\"CourseId\",\"columnComment\":\"课程id\",\"columnId\":109,\"columnName\":\"course_id\",\"columnType\":\"int(11)\",\"createBy\":\"admin\",\"createTime\":\"2023-07-07 07:32:54\",\"dictType\":\"\",\"edit\":false,\"htmlType\":\"input\",\"increment\":true,\"insert\":true,\"isIncrement\":\"1\",\"isInsert\":\"1\",\"isPk\":\"1\",\"javaField\":\"courseId\",\"javaType\":\"Long\",\"list\":false,\"params\":{},\"pk\":true,\"query\":false,\"queryType\":\"EQ\",\"required\":false,\"sort\":1,\"superColumn\":false,\"tableId\":9,\"updateBy\":\"\",\"updateTime\":\"2023-07-08 08:34:40\",\"usableColumn\":false},{\"capJavaField\":\"DeptId\",\"columnComment\":\"部门id\",\"columnId\":110,\"columnName\":\"dept_id\",\"columnType\":\"bigint(20)\",\"createBy\":\"admin\",\"createTime\":\"2023-07-07 07:32:54\",\"dictType\":\"\",\"edit\":true,\"htmlType\":\"input\",\"increment\":false,\"insert\":true,\"isEdit\":\"1\",\"isIncrement\":\"0\",\"isInsert\":\"1\",\"isList\":\"1\",\"isPk\":\"0\",\"isQuery\":\"1\",\"javaField\":\"deptId\",\"javaType\":\"Long\",\"list\":true,\"params\":{},\"pk\":false,\"query\":true,\"queryType\":\"EQ\",\"required\":false,\"sort\":2,\"superColumn\":false,\"tableId\":9,\"updateBy\":\"\",\"updateTime\":\"2023-07-08 08:34:40\",\"usableColumn\":false},{\"capJavaField\":\"Status\",\"columnComment\":\"状态\",\"columnId\":111,\"columnName\":\"status\",\"columnType\":\"char(1)\",\"createBy\":\"admin\",\"createTime\":\"2023-07-07 07:32:54\",\"dictType\":\"\",\"edit\":true,\"htmlType\":\"radio\",\"increment\":false,\"insert\":true,\"isEdit\":\"1\",\"isIncrement\":\"0\",\"isInsert\":\"1\",\"isList\":\"1\",\"isPk\":\"0\",\"isQuery\":\"1\",\"javaField\":\"status\",\"javaType\":\"String\",\"list\":true,\"params\":{},\"pk\":false,\"query\":true,\"queryType\":\"EQ\",\"required\":false,\"sort\":3,\"superColumn\":false,\"tableId\":9,\"updateBy\":\"\",\"updateTime\":\"2023-07-08 08:34:40\",\"usableColumn\":false},{\"capJavaField\":\"DelFlag\",\"columnComment\":\"是否删除\",\"columnId\":112,\"columnName\":\"del_flag\",\"columnType\":\"char(1)\",\"createBy\":\"admin\",\"createTime\":\"2023-07-07 07:32:54\",\"dictType\":\"\",\"edit\":false,\"htmlType\":\"input\",\"increment\":false,\"insert\":true,\"isIncrement\":\"0\",\"isInsert\":\"1\",\"isPk\":\"0\",\"javaField\":\"del', '{\"msg\":\"操作成功\",\"code\":200}', 0, NULL, '2023-07-09 09:01:17', 29);
INSERT INTO `sys_oper_log` VALUES (335, '代码生成', 2, 'com.ruoyi.generator.controller.GenController.editSave()', 'PUT', 1, 'admin', NULL, '/tool/gen', '127.0.0.1', '内网IP', '{\"businessName\":\"courseclass\",\"className\":\"Courseclass\",\"columns\":[{\"capJavaField\":\"CourseclassId\",\"columnComment\":\"上课班级id\",\"columnId\":122,\"columnName\":\"courseclass_id\",\"columnType\":\"int(11)\",\"createBy\":\"admin\",\"createTime\":\"2023-07-07 07:32:54\",\"dictType\":\"\",\"edit\":false,\"htmlType\":\"input\",\"increment\":true,\"insert\":true,\"isIncrement\":\"1\",\"isInsert\":\"1\",\"isPk\":\"1\",\"javaField\":\"courseclassId\",\"javaType\":\"Long\",\"list\":false,\"params\":{},\"pk\":true,\"query\":false,\"queryType\":\"EQ\",\"required\":false,\"sort\":1,\"superColumn\":false,\"tableId\":10,\"updateBy\":\"\",\"updateTime\":\"2023-07-07 07:46:09\",\"usableColumn\":false},{\"capJavaField\":\"CourseId\",\"columnComment\":\"课程id\",\"columnId\":123,\"columnName\":\"course_id\",\"columnType\":\"int(11)\",\"createBy\":\"admin\",\"createTime\":\"2023-07-07 07:32:54\",\"dictType\":\"\",\"edit\":true,\"htmlType\":\"input\",\"increment\":false,\"insert\":true,\"isEdit\":\"1\",\"isIncrement\":\"0\",\"isInsert\":\"1\",\"isList\":\"1\",\"isPk\":\"0\",\"isQuery\":\"1\",\"javaField\":\"courseId\",\"javaType\":\"Long\",\"list\":true,\"params\":{},\"pk\":false,\"query\":true,\"queryType\":\"EQ\",\"required\":false,\"sort\":2,\"superColumn\":false,\"tableId\":10,\"updateBy\":\"\",\"updateTime\":\"2023-07-07 07:46:09\",\"usableColumn\":false},{\"capJavaField\":\"CourseclassNo\",\"columnComment\":\"上课班级班号\",\"columnId\":124,\"columnName\":\"courseclass_no\",\"columnType\":\"varchar(50)\",\"createBy\":\"admin\",\"createTime\":\"2023-07-07 07:32:54\",\"dictType\":\"\",\"edit\":true,\"htmlType\":\"input\",\"increment\":false,\"insert\":true,\"isEdit\":\"1\",\"isIncrement\":\"0\",\"isInsert\":\"1\",\"isList\":\"1\",\"isPk\":\"0\",\"isQuery\":\"1\",\"javaField\":\"courseclassNo\",\"javaType\":\"String\",\"list\":true,\"params\":{},\"pk\":false,\"query\":true,\"queryType\":\"LIKE\",\"required\":false,\"sort\":3,\"superColumn\":false,\"tableId\":10,\"updateBy\":\"\",\"updateTime\":\"2023-07-07 07:46:09\",\"usableColumn\":false},{\"capJavaField\":\"Status\",\"columnComment\":\"状态\",\"columnId\":125,\"columnName\":\"status\",\"columnType\":\"char(1)\",\"createBy\":\"admin\",\"createTime\":\"2023-07-07 07:32:54\",\"dictType\":\"\",\"edit\":true,\"htmlType\":\"radio\",\"increment\":false,\"insert\":true,\"', '{\"msg\":\"操作成功\",\"code\":200}', 0, NULL, '2023-07-09 09:11:05', 22);
INSERT INTO `sys_oper_log` VALUES (336, '代码生成', 8, 'com.ruoyi.generator.controller.GenController.batchGenCode()', 'GET', 1, 'admin', NULL, '/tool/gen/batchGenCode', '127.0.0.1', '内网IP', '{\"tables\":\"courseclass\"}', NULL, 0, NULL, '2023-07-09 09:11:12', 110);
INSERT INTO `sys_oper_log` VALUES (337, '课程班级', 1, 'com.ruoyi.niuyabo.controller.CourseclassController.add()', 'POST', 1, 'admin', NULL, '/niuyabo/courseclass', '127.0.0.1', '内网IP', '{\"courseId\":54108,\"courseclassId\":327688,\"courseclassNo\":\"D02-302\",\"courseclassScore\":\"100\",\"courseclassState\":\"0\",\"createTime\":\"2023-07-09 09:16:00\",\"delFlag\":\"0\",\"params\":{},\"term\":\"3\"}', '{\"msg\":\"操作成功\",\"code\":200}', 0, NULL, '2023-07-09 09:16:00', 11);
INSERT INTO `sys_oper_log` VALUES (338, '课程班级', 2, 'com.ruoyi.niuyabo.controller.CourseclassController.edit()', 'PUT', 1, 'admin', NULL, '/niuyabo/courseclass', '127.0.0.1', '内网IP', '{\"courseId\":54108,\"courseclassId\":327688,\"courseclassNo\":\"D02-302\",\"courseclassScore\":\"100\",\"courseclassState\":\"第一周星期一上午第二节\",\"createTime\":\"2023-07-09 09:16:01\",\"delFlag\":\"0\",\"params\":{},\"status\":\"0\",\"term\":\"3\",\"updateTime\":\"2023-07-09 09:36:43\"}', '{\"msg\":\"操作成功\",\"code\":200}', 0, NULL, '2023-07-09 09:36:43', 4);
INSERT INTO `sys_oper_log` VALUES (339, '菜单管理', 2, 'com.ruoyi.web.controller.system.SysMenuController.edit()', 'PUT', 1, 'admin', NULL, '/system/menu', '127.0.0.1', '内网IP', '{\"children\":[],\"component\":\"niuyabo/courseclass/index\",\"createTime\":\"2023-07-09 09:14:08\",\"icon\":\"#\",\"isCache\":\"0\",\"isFrame\":\"1\",\"menuId\":2051,\"menuName\":\"上课班级\",\"menuType\":\"C\",\"orderNum\":7,\"params\":{},\"parentId\":2050,\"path\":\"courseclass\",\"perms\":\"niuyabo:courseclass:list\",\"status\":\"0\",\"updateBy\":\"admin\",\"visible\":\"0\"}', '{\"msg\":\"操作成功\",\"code\":200}', 0, NULL, '2023-07-09 09:41:51', 13);
INSERT INTO `sys_oper_log` VALUES (340, '课程班级', 2, 'com.ruoyi.niuyabo.controller.CourseclassController.edit()', 'PUT', 1, 'admin', NULL, '/niuyabo/courseclass', '127.0.0.1', '内网IP', '{\"courseId\":54108,\"courseclassId\":327688,\"courseclassNo\":\"D02-302\",\"courseclassScore\":\"100\",\"courseclassState\":\"0\",\"createTime\":\"2023-07-09 09:16:01\",\"delFlag\":\"0\",\"params\":{},\"status\":\"0\",\"term\":\"3\",\"updateTime\":\"2023-07-09 09:50:16\"}', '{\"msg\":\"操作成功\",\"code\":200}', 0, NULL, '2023-07-09 09:50:16', 4);
INSERT INTO `sys_oper_log` VALUES (341, '用户管理', 3, 'com.ruoyi.web.controller.system.SysUserController.remove()', 'DELETE', 1, 'admin', NULL, '/system/user/2', '127.0.0.1', '内网IP', '{}', '{\"msg\":\"操作成功\",\"code\":200}', 0, NULL, '2023-07-09 13:01:47', 26);
INSERT INTO `sys_oper_log` VALUES (342, '用户管理', 3, 'com.ruoyi.web.controller.system.SysUserController.remove()', 'DELETE', 1, 'admin', NULL, '/system/user/100', '127.0.0.1', '内网IP', '{}', '{\"msg\":\"操作成功\",\"code\":200}', 0, NULL, '2023-07-09 13:01:50', 7);
INSERT INTO `sys_oper_log` VALUES (343, '用户管理', 3, 'com.ruoyi.web.controller.system.SysUserController.remove()', 'DELETE', 1, 'admin', NULL, '/system/user/101', '127.0.0.1', '内网IP', '{}', '{\"msg\":\"操作成功\",\"code\":200}', 0, NULL, '2023-07-09 13:01:52', 35);
INSERT INTO `sys_oper_log` VALUES (344, '用户管理', 3, 'com.ruoyi.web.controller.system.SysUserController.remove()', 'DELETE', 1, 'admin', NULL, '/system/user/102', '127.0.0.1', '内网IP', '{}', '{\"msg\":\"操作成功\",\"code\":200}', 0, NULL, '2023-07-09 13:01:54', 19);
INSERT INTO `sys_oper_log` VALUES (345, '课程班级', 2, 'com.ruoyi.niuyabo.controller.CourseclassController.edit()', 'PUT', 1, 'admin', NULL, '/niuyabo/courseclass', '127.0.0.1', '内网IP', '{\"courseId\":54108,\"courseclassId\":327688,\"courseclassNo\":\"2023101\",\"courseclassScore\":\"100\",\"courseclassState\":\"0\",\"createTime\":\"2023-07-09 09:16:01\",\"delFlag\":\"0\",\"params\":{},\"status\":\"0\",\"term\":\"3\",\"updateTime\":\"2023-07-10 09:29:36\"}', '{\"msg\":\"操作成功\",\"code\":200}', 0, NULL, '2023-07-10 09:29:36', 17);
INSERT INTO `sys_oper_log` VALUES (346, '课程管理', 2, 'com.ruoyi.niuyabo.controller.CourseController.edit()', 'PUT', 1, 'admin', NULL, '/niuyabo/course', '127.0.0.1', '内网IP', '{\"courseId\":54110,\"courseName\":\"JS3\",\"courseNo\":\"3\",\"courseType\":\"\",\"createBy\":\"admin\",\"delFlag\":\"0\",\"dept\":{\"ancestors\":\"0,100\",\"children\":[],\"deptId\":102,\"deptName\":\"药学院\",\"leader\":\"\",\"orderNum\":2,\"params\":{},\"parentId\":100,\"status\":\"0\"},\"deptId\":103,\"params\":{},\"pingshiPercent\":10,\"qimoPercent\":10,\"status\":\"0\",\"updateTime\":\"2023-07-10 09:30:32\"}', '{\"msg\":\"操作成功\",\"code\":200}', 0, NULL, '2023-07-10 09:30:32', 10);
INSERT INTO `sys_oper_log` VALUES (347, '课程管理', 2, 'com.ruoyi.niuyabo.controller.CourseController.edit()', 'PUT', 1, 'admin', NULL, '/niuyabo/course', '127.0.0.1', '内网IP', '{\"courseId\":54110,\"courseName\":\"JS3\",\"courseNo\":\"003\",\"courseType\":\"\",\"createBy\":\"admin\",\"delFlag\":\"0\",\"dept\":{\"ancestors\":\"0,100,101\",\"children\":[],\"deptId\":103,\"deptName\":\"软件工程一班\",\"leader\":\"\",\"orderNum\":1,\"params\":{},\"parentId\":101,\"status\":\"0\"},\"deptId\":103,\"params\":{},\"pingshiPercent\":10,\"qimoPercent\":10,\"status\":\"0\",\"updateTime\":\"2023-07-10 09:30:38\"}', '{\"msg\":\"操作成功\",\"code\":200}', 0, NULL, '2023-07-10 09:30:38', 4);
INSERT INTO `sys_oper_log` VALUES (348, '课程管理', 2, 'com.ruoyi.niuyabo.controller.CourseController.edit()', 'PUT', 1, 'admin', NULL, '/niuyabo/course', '127.0.0.1', '内网IP', '{\"courseId\":54108,\"courseName\":\"HTML\",\"courseNo\":\"001\",\"createTime\":\"2023-07-08 08:39:17\",\"delFlag\":\"0\",\"dept\":{\"ancestors\":\"0,100,101\",\"children\":[],\"deptId\":103,\"deptName\":\"软件工程一班\",\"leader\":\"\",\"orderNum\":1,\"params\":{},\"parentId\":101,\"status\":\"0\"},\"deptId\":101,\"params\":{},\"pingshiPercent\":20,\"qimoPercent\":60,\"status\":\"0\",\"updateTime\":\"2023-07-10 09:30:55\"}', '{\"msg\":\"操作成功\",\"code\":200}', 0, NULL, '2023-07-10 09:30:55', 6);
INSERT INTO `sys_oper_log` VALUES (349, '课程管理', 2, 'com.ruoyi.niuyabo.controller.CourseController.edit()', 'PUT', 1, 'admin', NULL, '/niuyabo/course', '127.0.0.1', '内网IP', '{\"courseId\":54109,\"courseName\":\"JAVA\",\"courseNo\":\"002\",\"createTime\":\"2023-07-08 08:39:49\",\"delFlag\":\"0\",\"dept\":{\"ancestors\":\"0,100,102\",\"children\":[],\"deptId\":109,\"deptName\":\"制药工程二班\",\"leader\":\"\",\"orderNum\":2,\"params\":{},\"parentId\":102,\"status\":\"0\"},\"deptId\":101,\"params\":{},\"pingshiPercent\":20,\"qimoPercent\":60,\"status\":\"0\",\"updateTime\":\"2023-07-10 09:30:59\"}', '{\"msg\":\"操作成功\",\"code\":200}', 0, NULL, '2023-07-10 09:30:59', 6);
INSERT INTO `sys_oper_log` VALUES (350, '课程管理', 2, 'com.ruoyi.niuyabo.controller.CourseController.edit()', 'PUT', 1, 'admin', NULL, '/niuyabo/course', '127.0.0.1', '内网IP', '{\"courseId\":54110,\"courseName\":\"JS3\",\"courseNo\":\"003\",\"courseType\":\"\",\"createBy\":\"admin\",\"delFlag\":\"0\",\"dept\":{\"ancestors\":\"0,100,101\",\"children\":[],\"deptId\":103,\"deptName\":\"软件工程一班\",\"leader\":\"\",\"orderNum\":1,\"params\":{},\"parentId\":101,\"status\":\"0\"},\"deptId\":101,\"params\":{},\"pingshiPercent\":10,\"qimoPercent\":10,\"status\":\"0\",\"updateTime\":\"2023-07-10 09:31:03\"}', '{\"msg\":\"操作成功\",\"code\":200}', 0, NULL, '2023-07-10 09:31:03', 6);
INSERT INTO `sys_oper_log` VALUES (351, '班级管理', 2, 'com.ruoyi.niuyabo.controller.MetaclassController.edit()', 'PUT', 1, 'admin', NULL, '/niuyabo/metaclass', '127.0.0.1', '内网IP', '{\"createTime\":\"2023-07-07 08:03:44\",\"delFlag\":\"1\",\"dept\":{\"ancestors\":\"0,100\",\"children\":[],\"deptId\":101,\"deptName\":\"计算机与信息工程学院\",\"leader\":\"\",\"orderNum\":1,\"params\":{},\"parentId\":100,\"status\":\"0\"},\"deptId\":101,\"grade\":\"3\",\"meataclassId\":4099,\"metaclassName\":\"软件工程1班\",\"metaclassNo\":\"20231001\",\"params\":{},\"status\":\"0\",\"updateTime\":\"2023-07-10 09:44:58\"}', '{\"msg\":\"操作成功\",\"code\":200}', 0, NULL, '2023-07-10 09:44:58', 7);
INSERT INTO `sys_oper_log` VALUES (352, '班级管理', 2, 'com.ruoyi.niuyabo.controller.MetaclassController.edit()', 'PUT', 1, 'admin', NULL, '/niuyabo/metaclass', '127.0.0.1', '内网IP', '{\"createTime\":\"2023-07-08 11:53:18\",\"delFlag\":\"0\",\"dept\":{\"ancestors\":\"0,100\",\"children\":[],\"deptId\":101,\"deptName\":\"计算机与信息工程学院\",\"leader\":\"\",\"orderNum\":1,\"params\":{},\"parentId\":100,\"status\":\"0\"},\"deptId\":101,\"grade\":\"3\",\"meataclassId\":4100,\"metaclassName\":\"软件工程2班\",\"metaclassNo\":\"20231001002\",\"params\":{},\"status\":\"0\",\"updateTime\":\"2023-07-10 09:45:02\"}', '{\"msg\":\"操作成功\",\"code\":200}', 0, NULL, '2023-07-10 09:45:02', 4);
INSERT INTO `sys_oper_log` VALUES (353, '班级管理', 2, 'com.ruoyi.niuyabo.controller.MetaclassController.edit()', 'PUT', 1, 'admin', NULL, '/niuyabo/metaclass', '127.0.0.1', '内网IP', '{\"createTime\":\"2023-07-08 11:53:18\",\"delFlag\":\"0\",\"dept\":{\"ancestors\":\"0,100\",\"children\":[],\"deptId\":101,\"deptName\":\"计算机与信息工程学院\",\"leader\":\"\",\"orderNum\":1,\"params\":{},\"parentId\":100,\"status\":\"0\"},\"deptId\":101,\"grade\":\"3\",\"meataclassId\":4100,\"metaclassName\":\"软件工程2班\",\"metaclassNo\":\"20231002\",\"params\":{},\"status\":\"0\",\"updateTime\":\"2023-07-10 09:45:09\"}', '{\"msg\":\"操作成功\",\"code\":200}', 0, NULL, '2023-07-10 09:45:09', 5);
INSERT INTO `sys_oper_log` VALUES (354, '班级管理', 2, 'com.ruoyi.niuyabo.controller.MetaclassController.edit()', 'PUT', 1, 'admin', NULL, '/niuyabo/metaclass', '127.0.0.1', '内网IP', '{\"createTime\":\"2023-07-08 11:53:45\",\"delFlag\":\"0\",\"dept\":{\"ancestors\":\"0,100\",\"children\":[],\"deptId\":102,\"deptName\":\"药学院\",\"leader\":\"\",\"orderNum\":2,\"params\":{},\"parentId\":100,\"status\":\"0\"},\"deptId\":102,\"grade\":\"1\",\"meataclassId\":4101,\"metaclassName\":\"制药工程1班\",\"metaclassNo\":\"20231003\",\"params\":{},\"status\":\"0\",\"updateTime\":\"2023-07-10 09:45:13\"}', '{\"msg\":\"操作成功\",\"code\":200}', 0, NULL, '2023-07-10 09:45:13', 9);
INSERT INTO `sys_oper_log` VALUES (355, '班级管理', 2, 'com.ruoyi.niuyabo.controller.MetaclassController.edit()', 'PUT', 1, 'admin', NULL, '/niuyabo/metaclass', '127.0.0.1', '内网IP', '{\"createTime\":\"2023-07-07 08:03:44\",\"delFlag\":\"1\",\"dept\":{\"ancestors\":\"0,100\",\"children\":[],\"deptId\":101,\"deptName\":\"计算机与信息工程学院\",\"leader\":\"\",\"orderNum\":1,\"params\":{},\"parentId\":100,\"status\":\"0\"},\"deptId\":101,\"grade\":\"3\",\"meataclassId\":4099,\"metaclassName\":\"软件工程1班\",\"metaclassNo\":\"20233001\",\"params\":{},\"status\":\"0\",\"updateTime\":\"2023-07-10 09:45:19\"}', '{\"msg\":\"操作成功\",\"code\":200}', 0, NULL, '2023-07-10 09:45:19', 6);
INSERT INTO `sys_oper_log` VALUES (356, '班级管理', 2, 'com.ruoyi.niuyabo.controller.MetaclassController.edit()', 'PUT', 1, 'admin', NULL, '/niuyabo/metaclass', '127.0.0.1', '内网IP', '{\"createTime\":\"2023-07-08 11:53:18\",\"delFlag\":\"0\",\"dept\":{\"ancestors\":\"0,100\",\"children\":[],\"deptId\":101,\"deptName\":\"计算机与信息工程学院\",\"leader\":\"\",\"orderNum\":1,\"params\":{},\"parentId\":100,\"status\":\"0\"},\"deptId\":101,\"grade\":\"3\",\"meataclassId\":4100,\"metaclassName\":\"软件工程2班\",\"metaclassNo\":\"20233002\",\"params\":{},\"status\":\"0\",\"updateTime\":\"2023-07-10 09:45:23\"}', '{\"msg\":\"操作成功\",\"code\":200}', 0, NULL, '2023-07-10 09:45:23', 5);
INSERT INTO `sys_oper_log` VALUES (357, '课程班级', 1, 'com.ruoyi.niuyabo.controller.CourseclassController.add()', 'POST', 1, 'admin', NULL, '/niuyabo/courseclass', '127.0.0.1', '内网IP', '{\"courseId\":54108,\"courseclassNo\":\"2023101\",\"courseclassScore\":\"100\",\"courseclassState\":\"0\",\"createTime\":\"2023-07-10 09:51:36\",\"delFlag\":\"0\",\"params\":{},\"term\":\"3\"}', NULL, 1, '\r\n### Error updating database.  Cause: java.sql.SQLIntegrityConstraintViolationException: Duplicate entry \'2023101\' for key \'Index_courseclass_no\'\r\n### The error may exist in file [E:\\2023\\若依源代码学习\\RuoYi-Vue-master\\education\\ruoyi-system\\target\\classes\\mapper\\niuyabo\\CourseclassMapper.xml]\r\n### The error may involve com.ruoyi.niuyabo.mapper.CourseclassMapper.insertCourseclass-Inline\r\n### The error occurred while setting parameters\r\n### SQL: insert into courseclass          ( course_id,             courseclass_no,                          del_flag,                          create_time,                                       term,             courseclass_score,             courseclass_state )           values ( ?,             ?,                          ?,                          ?,                                       ?,             ?,             ? )\r\n### Cause: java.sql.SQLIntegrityConstraintViolationException: Duplicate entry \'2023101\' for key \'Index_courseclass_no\'\n; Duplicate entry \'2023101\' for key \'Index_courseclass_no\'; nested exception is java.sql.SQLIntegrityConstraintViolationException: Duplicate entry \'2023101\' for key \'Index_courseclass_no\'', '2023-07-10 09:51:36', 53);
INSERT INTO `sys_oper_log` VALUES (358, '课程班级', 1, 'com.ruoyi.niuyabo.controller.CourseclassController.add()', 'POST', 1, 'admin', NULL, '/niuyabo/courseclass', '127.0.0.1', '内网IP', '{\"courseId\":54108,\"courseclassId\":327690,\"courseclassNo\":\"2023102\",\"courseclassScore\":\"100\",\"courseclassState\":\"0\",\"createTime\":\"2023-07-10 09:51:40\",\"delFlag\":\"0\",\"params\":{},\"term\":\"3\"}', '{\"msg\":\"操作成功\",\"code\":200}', 0, NULL, '2023-07-10 09:51:40', 5);
INSERT INTO `sys_oper_log` VALUES (359, '课程班级', 1, 'com.ruoyi.niuyabo.controller.CourseclassController.add()', 'POST', 1, 'admin', NULL, '/niuyabo/courseclass', '127.0.0.1', '内网IP', '{\"courseId\":54180,\"courseclassNo\":\"2023103\",\"courseclassScore\":\"100\",\"courseclassState\":\"0\",\"createTime\":\"2023-07-10 09:54:35\",\"delFlag\":\"0\",\"params\":{},\"term\":\"3\"}', NULL, 1, '\r\n### Error updating database.  Cause: java.sql.SQLIntegrityConstraintViolationException: Cannot add or update a child row: a foreign key constraint fails (`jiaoxue`.`courseclass`, CONSTRAINT `FK_Relationship_5` FOREIGN KEY (`course_id`) REFERENCES `course` (`course_id`))\r\n### The error may exist in file [E:\\2023\\若依源代码学习\\RuoYi-Vue-master\\education\\ruoyi-system\\target\\classes\\mapper\\niuyabo\\CourseclassMapper.xml]\r\n### The error may involve com.ruoyi.niuyabo.mapper.CourseclassMapper.insertCourseclass-Inline\r\n### The error occurred while setting parameters\r\n### SQL: insert into courseclass          ( course_id,             courseclass_no,                          del_flag,                          create_time,                                       term,             courseclass_score,             courseclass_state )           values ( ?,             ?,                          ?,                          ?,                                       ?,             ?,             ? )\r\n### Cause: java.sql.SQLIntegrityConstraintViolationException: Cannot add or update a child row: a foreign key constraint fails (`jiaoxue`.`courseclass`, CONSTRAINT `FK_Relationship_5` FOREIGN KEY (`course_id`) REFERENCES `course` (`course_id`))\n; Cannot add or update a child row: a foreign key constraint fails (`jiaoxue`.`courseclass`, CONSTRAINT `FK_Relationship_5` FOREIGN KEY (`course_id`) REFERENCES `course` (`course_id`)); nested exception is java.sql.SQLIntegrityConstraintViolationException: Cannot add or update a child row: a foreign key constraint fails (`jiaoxue`.`courseclass`, CONSTRAINT `FK_Relationship_5` FOREIGN KEY (`course_id`) REFERENCES `course` (`course_id`))', '2023-07-10 09:54:35', 10);
INSERT INTO `sys_oper_log` VALUES (360, '课程班级', 1, 'com.ruoyi.niuyabo.controller.CourseclassController.add()', 'POST', 1, 'admin', NULL, '/niuyabo/courseclass', '127.0.0.1', '内网IP', '{\"courseId\":54108,\"courseclassId\":327692,\"courseclassNo\":\"2023103\",\"courseclassScore\":\"100\",\"courseclassState\":\"0\",\"createTime\":\"2023-07-10 09:54:46\",\"delFlag\":\"0\",\"params\":{},\"term\":\"3\"}', '{\"msg\":\"操作成功\",\"code\":200}', 0, NULL, '2023-07-10 09:54:46', 5);
INSERT INTO `sys_oper_log` VALUES (361, '课程班级', 2, 'com.ruoyi.niuyabo.controller.CourseclassController.edit()', 'PUT', 1, 'admin', NULL, '/niuyabo/courseclass', '127.0.0.1', '内网IP', '{\"courseId\":54109,\"courseclassId\":327692,\"courseclassNo\":\"2023103\",\"courseclassScore\":\"100\",\"courseclassState\":\"0\",\"createTime\":\"2023-07-10 09:54:47\",\"delFlag\":\"0\",\"params\":{},\"status\":\"0\",\"term\":\"3\",\"updateTime\":\"2023-07-10 09:54:58\"}', '{\"msg\":\"操作成功\",\"code\":200}', 0, NULL, '2023-07-10 09:54:58', 7);
INSERT INTO `sys_oper_log` VALUES (362, '课程班级', 1, 'com.ruoyi.niuyabo.controller.CourseclassController.add()', 'POST', 1, 'admin', NULL, '/niuyabo/courseclass', '127.0.0.1', '内网IP', '{\"courseId\":54109,\"courseclassId\":327693,\"courseclassNo\":\"202300105\",\"courseclassScore\":\"1\",\"courseclassState\":\"1\",\"createTime\":\"2023-07-10 10:17:22\",\"delFlag\":\"0\",\"params\":{},\"term\":\"1\"}', '{\"msg\":\"操作成功\",\"code\":200}', 0, NULL, '2023-07-10 10:17:22', 5);
INSERT INTO `sys_oper_log` VALUES (363, '代码生成', 2, 'com.ruoyi.generator.controller.GenController.editSave()', 'PUT', 1, 'admin', NULL, '/tool/gen', '127.0.0.1', '内网IP', '{\"businessName\":\"CourseclassMetaclass\",\"className\":\"CourseclassMetaclass\",\"columns\":[{\"capJavaField\":\"CourseclassId\",\"columnComment\":\"上课班级\",\"columnId\":134,\"columnName\":\"courseclass_id\",\"columnType\":\"int(11)\",\"createBy\":\"admin\",\"createTime\":\"2023-07-07 07:32:54\",\"dictType\":\"\",\"edit\":false,\"htmlType\":\"input\",\"increment\":false,\"insert\":true,\"isIncrement\":\"0\",\"isInsert\":\"1\",\"isPk\":\"1\",\"javaField\":\"courseclassId\",\"javaType\":\"Long\",\"list\":false,\"params\":{},\"pk\":true,\"query\":false,\"queryType\":\"EQ\",\"required\":false,\"sort\":1,\"superColumn\":false,\"tableId\":11,\"updateBy\":\"\",\"usableColumn\":false},{\"capJavaField\":\"MetaclassId\",\"columnComment\":\"行政班级\",\"columnId\":135,\"columnName\":\"metaclass_id\",\"columnType\":\"int(11)\",\"createBy\":\"admin\",\"createTime\":\"2023-07-07 07:32:54\",\"dictType\":\"\",\"edit\":false,\"htmlType\":\"input\",\"increment\":false,\"insert\":true,\"isIncrement\":\"0\",\"isInsert\":\"1\",\"isPk\":\"1\",\"javaField\":\"metaclassId\",\"javaType\":\"Long\",\"list\":false,\"params\":{},\"pk\":true,\"query\":false,\"queryType\":\"EQ\",\"required\":false,\"sort\":2,\"superColumn\":false,\"tableId\":11,\"updateBy\":\"\",\"usableColumn\":false}],\"crud\":true,\"functionAuthor\":\"牛亚博\",\"functionName\":\"行政班级上课\",\"genPath\":\"/\",\"genType\":\"0\",\"moduleName\":\"niuyabo\",\"options\":\"{\\\"parentMenuId\\\":2050}\",\"packageName\":\"com.ruoyi.niuyabo\",\"params\":{\"parentMenuId\":2050},\"parentMenuId\":\"2050\",\"sub\":false,\"tableComment\":\"行政班级上课\",\"tableId\":11,\"tableName\":\"courseclass_metaclass\",\"tplCategory\":\"crud\",\"tree\":false}', '{\"msg\":\"操作成功\",\"code\":200}', 0, NULL, '2023-07-10 10:31:51', 34);
INSERT INTO `sys_oper_log` VALUES (364, '代码生成', 8, 'com.ruoyi.generator.controller.GenController.batchGenCode()', 'GET', 1, 'admin', NULL, '/tool/gen/batchGenCode', '127.0.0.1', '内网IP', '{\"tables\":\"courseclass_metaclass\"}', NULL, 0, NULL, '2023-07-10 10:31:56', 113);
INSERT INTO `sys_oper_log` VALUES (365, '代码生成', 2, 'com.ruoyi.generator.controller.GenController.editSave()', 'PUT', 1, 'admin', NULL, '/tool/gen', '127.0.0.1', '内网IP', '{\"businessName\":\"CourseclassMetaclass\",\"className\":\"CourseclassMetaclass\",\"columns\":[{\"capJavaField\":\"CourseclassId\",\"columnComment\":\"上课班级\",\"columnId\":134,\"columnName\":\"courseclass_id\",\"columnType\":\"int(11)\",\"createBy\":\"admin\",\"createTime\":\"2023-07-07 07:32:54\",\"dictType\":\"\",\"edit\":true,\"htmlType\":\"input\",\"increment\":false,\"insert\":true,\"isEdit\":\"1\",\"isIncrement\":\"0\",\"isInsert\":\"1\",\"isList\":\"1\",\"isPk\":\"1\",\"isQuery\":\"1\",\"javaField\":\"courseclassId\",\"javaType\":\"Long\",\"list\":true,\"params\":{},\"pk\":true,\"query\":true,\"queryType\":\"EQ\",\"required\":false,\"sort\":1,\"superColumn\":false,\"tableId\":11,\"updateBy\":\"\",\"updateTime\":\"2023-07-10 10:31:51\",\"usableColumn\":false},{\"capJavaField\":\"MetaclassId\",\"columnComment\":\"行政班级\",\"columnId\":135,\"columnName\":\"metaclass_id\",\"columnType\":\"int(11)\",\"createBy\":\"admin\",\"createTime\":\"2023-07-07 07:32:54\",\"dictType\":\"\",\"edit\":true,\"htmlType\":\"input\",\"increment\":false,\"insert\":true,\"isEdit\":\"1\",\"isIncrement\":\"0\",\"isInsert\":\"1\",\"isList\":\"1\",\"isPk\":\"1\",\"isQuery\":\"1\",\"javaField\":\"metaclassId\",\"javaType\":\"Long\",\"list\":true,\"params\":{},\"pk\":true,\"query\":true,\"queryType\":\"EQ\",\"required\":false,\"sort\":2,\"superColumn\":false,\"tableId\":11,\"updateBy\":\"\",\"updateTime\":\"2023-07-10 10:31:51\",\"usableColumn\":false}],\"crud\":true,\"functionAuthor\":\"牛亚博\",\"functionName\":\"行政班级上课\",\"genPath\":\"/\",\"genType\":\"0\",\"moduleName\":\"niuyabo\",\"options\":\"{\\\"parentMenuId\\\":\\\"2050\\\"}\",\"packageName\":\"com.ruoyi.niuyabo\",\"params\":{\"parentMenuId\":\"2050\"},\"parentMenuId\":\"2050\",\"sub\":false,\"tableComment\":\"行政班级上课\",\"tableId\":11,\"tableName\":\"courseclass_metaclass\",\"tplCategory\":\"crud\",\"tree\":false}', '{\"msg\":\"操作成功\",\"code\":200}', 0, NULL, '2023-07-10 10:34:11', 27);
INSERT INTO `sys_oper_log` VALUES (366, '代码生成', 8, 'com.ruoyi.generator.controller.GenController.batchGenCode()', 'GET', 1, 'admin', NULL, '/tool/gen/batchGenCode', '127.0.0.1', '内网IP', '{\"tables\":\"courseclass_metaclass\"}', NULL, 0, NULL, '2023-07-10 10:34:17', 94);
INSERT INTO `sys_oper_log` VALUES (367, '行政班级上课', 1, 'com.ruoyi.niuyabo.controller.CourseclassMetaclassController.add()', 'POST', 1, 'admin', NULL, '/niuyabo/CourseclassMetaclass', '127.0.0.1', '内网IP', '{\"params\":{}}', NULL, 1, '\r\n### Error updating database.  Cause: java.sql.SQLSyntaxErrorException: You have an error in your SQL syntax; check the manual that corresponds to your MySQL server version for the right syntax to use near \'\' at line 1\r\n### The error may exist in file [E:\\2023\\若依源代码学习\\RuoYi-Vue-master\\education\\ruoyi-system\\target\\classes\\mapper\\niuyabo\\CourseclassMetaclassMapper.xml]\r\n### The error may involve com.ruoyi.niuyabo.mapper.CourseclassMetaclassMapper.insertCourseclassMetaclass-Inline\r\n### The error occurred while setting parameters\r\n### SQL: insert into courseclass_metaclass\r\n### Cause: java.sql.SQLSyntaxErrorException: You have an error in your SQL syntax; check the manual that corresponds to your MySQL server version for the right syntax to use near \'\' at line 1\n; bad SQL grammar []; nested exception is java.sql.SQLSyntaxErrorException: You have an error in your SQL syntax; check the manual that corresponds to your MySQL server version for the right syntax to use near \'\' at line 1', '2023-07-10 10:34:56', 40);
INSERT INTO `sys_oper_log` VALUES (368, '代码生成', 2, 'com.ruoyi.generator.controller.GenController.editSave()', 'PUT', 1, 'admin', NULL, '/tool/gen', '127.0.0.1', '内网IP', '{\"businessName\":\"CourseclassMetaclass\",\"className\":\"CourseclassMetaclass\",\"columns\":[{\"capJavaField\":\"CourseclassId\",\"columnComment\":\"上课班级\",\"columnId\":134,\"columnName\":\"courseclass_id\",\"columnType\":\"int(11)\",\"createBy\":\"admin\",\"createTime\":\"2023-07-07 07:32:54\",\"dictType\":\"\",\"edit\":true,\"htmlType\":\"input\",\"increment\":false,\"insert\":true,\"isEdit\":\"1\",\"isIncrement\":\"0\",\"isInsert\":\"1\",\"isList\":\"1\",\"isPk\":\"1\",\"isQuery\":\"1\",\"javaField\":\"courseclassId\",\"javaType\":\"Long\",\"list\":true,\"params\":{},\"pk\":true,\"query\":true,\"queryType\":\"EQ\",\"required\":false,\"sort\":1,\"superColumn\":false,\"tableId\":11,\"updateBy\":\"\",\"updateTime\":\"2023-07-10 10:34:11\",\"usableColumn\":false},{\"capJavaField\":\"MetaclassId\",\"columnComment\":\"行政班级\",\"columnId\":135,\"columnName\":\"metaclass_id\",\"columnType\":\"int(11)\",\"createBy\":\"admin\",\"createTime\":\"2023-07-07 07:32:54\",\"dictType\":\"\",\"edit\":true,\"htmlType\":\"input\",\"increment\":false,\"insert\":true,\"isEdit\":\"1\",\"isIncrement\":\"0\",\"isInsert\":\"1\",\"isList\":\"1\",\"isPk\":\"1\",\"isQuery\":\"1\",\"javaField\":\"metaclassId\",\"javaType\":\"Long\",\"list\":true,\"params\":{},\"pk\":true,\"query\":true,\"queryType\":\"EQ\",\"required\":false,\"sort\":2,\"superColumn\":false,\"tableId\":11,\"updateBy\":\"\",\"updateTime\":\"2023-07-10 10:34:11\",\"usableColumn\":false}],\"crud\":true,\"functionAuthor\":\"牛亚博\",\"functionName\":\"行政班级上课\",\"genPath\":\"/\",\"genType\":\"0\",\"moduleName\":\"niuyabo\",\"options\":\"{\\\"parentMenuId\\\":\\\"2050\\\"}\",\"packageName\":\"com.ruoyi.niuyabo\",\"params\":{\"parentMenuId\":\"2050\"},\"parentMenuId\":\"2050\",\"sub\":false,\"tableComment\":\"行政班级上课\",\"tableId\":11,\"tableName\":\"courseclass_metaclass\",\"tplCategory\":\"crud\",\"tree\":false}', '{\"msg\":\"操作成功\",\"code\":200}', 0, NULL, '2023-07-10 10:38:18', 13);
INSERT INTO `sys_oper_log` VALUES (369, '行政班级上课', 2, 'com.ruoyi.niuyabo.controller.CourseclassMetaclassController.edit()', 'PUT', 1, 'admin', NULL, '/niuyabo/CourseclassMetaclass', '127.0.0.1', '内网IP', '{\"courseclassId\":327688,\"params\":{}}', NULL, 1, '\r\n### Error updating database.  Cause: java.sql.SQLSyntaxErrorException: You have an error in your SQL syntax; check the manual that corresponds to your MySQL server version for the right syntax to use near \'where courseclass_id = 327688\' at line 3\r\n### The error may exist in file [E:\\2023\\若依源代码学习\\RuoYi-Vue-master\\education\\ruoyi-system\\target\\classes\\mapper\\niuyabo\\CourseclassMetaclassMapper.xml]\r\n### The error may involve com.ruoyi.niuyabo.mapper.CourseclassMetaclassMapper.updateCourseclassMetaclass-Inline\r\n### The error occurred while setting parameters\r\n### SQL: update courseclass_metaclass                    where courseclass_id = ?\r\n### Cause: java.sql.SQLSyntaxErrorException: You have an error in your SQL syntax; check the manual that corresponds to your MySQL server version for the right syntax to use near \'where courseclass_id = 327688\' at line 3\n; bad SQL grammar []; nested exception is java.sql.SQLSyntaxErrorException: You have an error in your SQL syntax; check the manual that corresponds to your MySQL server version for the right syntax to use near \'where courseclass_id = 327688\' at line 3', '2023-07-10 11:03:15', 6);
INSERT INTO `sys_oper_log` VALUES (370, '课程班级', 2, 'com.ruoyi.niuyabo.controller.CourseclassController.edit()', 'PUT', 1, 'admin', NULL, '/niuyabo/courseclass', '127.0.0.1', '内网IP', '{\"course\":{\"courseId\":54108,\"courseName\":\"HTML\",\"createTime\":\"2023-07-09 09:16:01\",\"delFlag\":\"0\",\"params\":{},\"status\":\"0\",\"updateTime\":\"2023-07-10 09:29:37\"},\"courseId\":54108,\"courseclassId\":327688,\"courseclassNo\":\"7.10 A-12-0403 8:00-11:50\",\"courseclassScore\":\"100\",\"courseclassState\":\"0\",\"createTime\":\"2023-07-09 09:16:01\",\"delFlag\":\"0\",\"params\":{},\"status\":\"0\",\"term\":\"3\",\"updateTime\":\"2023-07-10 12:21:25\"}', '{\"msg\":\"操作成功\",\"code\":200}', 0, NULL, '2023-07-10 12:21:25', 8);
INSERT INTO `sys_oper_log` VALUES (371, '课程班级', 2, 'com.ruoyi.niuyabo.controller.CourseclassController.edit()', 'PUT', 1, 'admin', NULL, '/niuyabo/courseclass', '127.0.0.1', '内网IP', '{\"course\":{\"courseId\":54108,\"courseName\":\"HTML\",\"createTime\":\"2023-07-09 09:16:01\",\"delFlag\":\"0\",\"params\":{},\"status\":\"0\",\"updateTime\":\"2023-07-10 12:21:26\"},\"courseId\":54108,\"courseclassId\":327688,\"courseclassNo\":\"7.10 A-12-0403 1-4\",\"courseclassScore\":\"100\",\"courseclassState\":\"0\",\"createTime\":\"2023-07-09 09:16:01\",\"delFlag\":\"0\",\"params\":{},\"status\":\"0\",\"term\":\"3\",\"updateTime\":\"2023-07-10 12:21:37\"}', '{\"msg\":\"操作成功\",\"code\":200}', 0, NULL, '2023-07-10 12:21:37', 4);
INSERT INTO `sys_oper_log` VALUES (372, '课程班级', 2, 'com.ruoyi.niuyabo.controller.CourseclassController.edit()', 'PUT', 1, 'admin', NULL, '/niuyabo/courseclass', '127.0.0.1', '内网IP', '{\"course\":{\"courseId\":54108,\"courseName\":\"HTML\",\"createTime\":\"2023-07-09 09:16:01\",\"delFlag\":\"0\",\"params\":{},\"status\":\"0\",\"updateTime\":\"2023-07-10 12:21:37\"},\"courseId\":54108,\"courseclassId\":327688,\"courseclassNo\":\"001 A-12-0403 1-4\",\"courseclassScore\":\"100\",\"courseclassState\":\"0\",\"createTime\":\"2023-07-09 09:16:01\",\"delFlag\":\"0\",\"params\":{},\"status\":\"0\",\"term\":\"3\",\"updateTime\":\"2023-07-10 12:21:57\"}', '{\"msg\":\"操作成功\",\"code\":200}', 0, NULL, '2023-07-10 12:21:57', 6);
INSERT INTO `sys_oper_log` VALUES (373, '课程班级', 2, 'com.ruoyi.niuyabo.controller.CourseclassController.edit()', 'PUT', 1, 'admin', NULL, '/niuyabo/courseclass', '127.0.0.1', '内网IP', '{\"course\":{\"courseId\":54108,\"courseName\":\"HTML\",\"createTime\":\"2023-07-09 09:16:01\",\"delFlag\":\"0\",\"params\":{},\"status\":\"0\",\"updateTime\":\"2023-07-10 12:21:57\"},\"courseId\":54108,\"courseclassId\":327688,\"courseclassNo\":\"1 A-12-0403 1-4\",\"courseclassScore\":\"100\",\"courseclassState\":\"0\",\"createTime\":\"2023-07-09 09:16:01\",\"delFlag\":\"0\",\"params\":{},\"status\":\"0\",\"term\":\"3\",\"updateTime\":\"2023-07-10 12:22:07\"}', '{\"msg\":\"操作成功\",\"code\":200}', 0, NULL, '2023-07-10 12:22:07', 9);
INSERT INTO `sys_oper_log` VALUES (374, '课程班级', 2, 'com.ruoyi.niuyabo.controller.CourseclassController.edit()', 'PUT', 1, 'admin', NULL, '/niuyabo/courseclass', '127.0.0.1', '内网IP', '{\"course\":{\"courseId\":54108,\"courseName\":\"HTML\",\"createTime\":\"2023-07-10 09:51:41\",\"delFlag\":\"0\",\"params\":{},\"status\":\"0\"},\"courseId\":54109,\"courseclassId\":327690,\"courseclassNo\":\"2 A-12-0402 7-8\",\"courseclassScore\":\"100\",\"courseclassState\":\"0\",\"createTime\":\"2023-07-10 09:51:41\",\"delFlag\":\"0\",\"params\":{},\"status\":\"0\",\"term\":\"3\",\"updateTime\":\"2023-07-10 12:22:37\"}', '{\"msg\":\"操作成功\",\"code\":200}', 0, NULL, '2023-07-10 12:22:37', 10);
INSERT INTO `sys_oper_log` VALUES (375, '课程班级', 2, 'com.ruoyi.niuyabo.controller.CourseclassController.edit()', 'PUT', 1, 'admin', NULL, '/niuyabo/courseclass', '127.0.0.1', '内网IP', '{\"course\":{\"courseId\":54109,\"courseName\":\"JAVA\",\"createTime\":\"2023-07-10 09:54:47\",\"delFlag\":\"0\",\"params\":{},\"status\":\"0\",\"updateTime\":\"2023-07-10 09:54:59\"},\"courseId\":54109,\"courseclassId\":327692,\"courseclassNo\":\"3 A-12-0404 1-4\",\"courseclassScore\":\"100\",\"courseclassState\":\"0\",\"createTime\":\"2023-07-10 09:54:47\",\"delFlag\":\"0\",\"params\":{},\"status\":\"0\",\"term\":\"3\",\"updateTime\":\"2023-07-10 12:22:58\"}', '{\"msg\":\"操作成功\",\"code\":200}', 0, NULL, '2023-07-10 12:22:58', 5);
INSERT INTO `sys_oper_log` VALUES (376, '课程班级', 2, 'com.ruoyi.niuyabo.controller.CourseclassController.edit()', 'PUT', 1, 'admin', NULL, '/niuyabo/courseclass', '127.0.0.1', '内网IP', '{\"course\":{\"courseId\":54109,\"courseName\":\"JAVA\",\"createTime\":\"2023-07-10 09:54:47\",\"delFlag\":\"0\",\"params\":{},\"status\":\"0\",\"updateTime\":\"2023-07-10 12:22:59\"},\"courseId\":54110,\"courseclassId\":327692,\"courseclassNo\":\"3 A-12-0404 1-4\",\"courseclassScore\":\"100\",\"courseclassState\":\"0\",\"createTime\":\"2023-07-10 09:54:47\",\"delFlag\":\"0\",\"params\":{},\"status\":\"0\",\"term\":\"3\",\"updateTime\":\"2023-07-10 12:23:07\"}', '{\"msg\":\"操作成功\",\"code\":200}', 0, NULL, '2023-07-10 12:23:07', 8);
INSERT INTO `sys_oper_log` VALUES (377, '课程班级', 3, 'com.ruoyi.niuyabo.controller.CourseclassController.remove()', 'DELETE', 1, 'admin', NULL, '/niuyabo/courseclass/327693', '127.0.0.1', '内网IP', '{}', '{\"msg\":\"操作成功\",\"code\":200}', 0, NULL, '2023-07-10 12:23:26', 8);
INSERT INTO `sys_oper_log` VALUES (378, '课程班级', 1, 'com.ruoyi.niuyabo.controller.CourseclassController.add()', 'POST', 1, 'admin', NULL, '/niuyabo/courseclass', '127.0.0.1', '内网IP', '{\"courseId\":54108,\"courseclassId\":327694,\"courseclassNo\":\"6 A-12-0403 1-4\",\"courseclassScore\":\"100\",\"courseclassState\":\"0\",\"createTime\":\"2023-07-10 12:24:27\",\"delFlag\":\"0\",\"params\":{},\"term\":\"3\"}', '{\"msg\":\"操作成功\",\"code\":200}', 0, NULL, '2023-07-10 12:24:27', 8);
INSERT INTO `sys_oper_log` VALUES (379, '行政班级上课', 2, 'com.ruoyi.niuyabo.controller.CourseclassMetaclassController.edit()', 'PUT', 1, 'admin', NULL, '/niuyabo/CourseclassMetaclass', '127.0.0.1', '内网IP', '{\"courseclassId\":327688,\"params\":{}}', NULL, 1, '\r\n### Error updating database.  Cause: java.sql.SQLSyntaxErrorException: You have an error in your SQL syntax; check the manual that corresponds to your MySQL server version for the right syntax to use near \'where courseclass_id = 327688\' at line 3\r\n### The error may exist in file [E:\\2023\\若依源代码学习\\RuoYi-Vue-master\\education\\ruoyi-system\\target\\classes\\mapper\\niuyabo\\CourseclassMetaclassMapper.xml]\r\n### The error may involve com.ruoyi.niuyabo.mapper.CourseclassMetaclassMapper.updateCourseclassMetaclass-Inline\r\n### The error occurred while setting parameters\r\n### SQL: update courseclass_metaclass                    where courseclass_id = ?\r\n### Cause: java.sql.SQLSyntaxErrorException: You have an error in your SQL syntax; check the manual that corresponds to your MySQL server version for the right syntax to use near \'where courseclass_id = 327688\' at line 3\n; bad SQL grammar []; nested exception is java.sql.SQLSyntaxErrorException: You have an error in your SQL syntax; check the manual that corresponds to your MySQL server version for the right syntax to use near \'where courseclass_id = 327688\' at line 3', '2023-07-10 18:45:43', 64);
INSERT INTO `sys_oper_log` VALUES (380, '行政班级上课', 2, 'com.ruoyi.niuyabo.controller.CourseclassMetaclassController.edit()', 'PUT', 1, 'admin', NULL, '/niuyabo/CourseclassMetaclass', '127.0.0.1', '内网IP', '{\"courseclassId\":327688,\"params\":{}}', NULL, 1, '\r\n### Error updating database.  Cause: java.sql.SQLSyntaxErrorException: You have an error in your SQL syntax; check the manual that corresponds to your MySQL server version for the right syntax to use near \'where courseclass_id = 327688\' at line 3\r\n### The error may exist in file [E:\\2023\\若依源代码学习\\RuoYi-Vue-master\\education\\ruoyi-system\\target\\classes\\mapper\\niuyabo\\CourseclassMetaclassMapper.xml]\r\n### The error may involve com.ruoyi.niuyabo.mapper.CourseclassMetaclassMapper.updateCourseclassMetaclass-Inline\r\n### The error occurred while setting parameters\r\n### SQL: update courseclass_metaclass                    where courseclass_id = ?\r\n### Cause: java.sql.SQLSyntaxErrorException: You have an error in your SQL syntax; check the manual that corresponds to your MySQL server version for the right syntax to use near \'where courseclass_id = 327688\' at line 3\n; bad SQL grammar []; nested exception is java.sql.SQLSyntaxErrorException: You have an error in your SQL syntax; check the manual that corresponds to your MySQL server version for the right syntax to use near \'where courseclass_id = 327688\' at line 3', '2023-07-10 18:48:10', 39);
INSERT INTO `sys_oper_log` VALUES (381, '行政班级上课', 2, 'com.ruoyi.niuyabo.controller.CourseclassMetaclassController.edit()', 'PUT', 1, 'admin', NULL, '/niuyabo/CourseclassMetaclass', '127.0.0.1', '内网IP', '{\"courseclassId\":327690,\"params\":{}}', NULL, 1, '\r\n### Error updating database.  Cause: java.sql.SQLSyntaxErrorException: You have an error in your SQL syntax; check the manual that corresponds to your MySQL server version for the right syntax to use near \'where courseclass_id = 327690\' at line 3\r\n### The error may exist in file [E:\\2023\\若依源代码学习\\RuoYi-Vue-master\\education\\ruoyi-system\\target\\classes\\mapper\\niuyabo\\CourseclassMetaclassMapper.xml]\r\n### The error may involve com.ruoyi.niuyabo.mapper.CourseclassMetaclassMapper.updateCourseclassMetaclass-Inline\r\n### The error occurred while setting parameters\r\n### SQL: update courseclass_metaclass                    where courseclass_id = ?\r\n### Cause: java.sql.SQLSyntaxErrorException: You have an error in your SQL syntax; check the manual that corresponds to your MySQL server version for the right syntax to use near \'where courseclass_id = 327690\' at line 3\n; bad SQL grammar []; nested exception is java.sql.SQLSyntaxErrorException: You have an error in your SQL syntax; check the manual that corresponds to your MySQL server version for the right syntax to use near \'where courseclass_id = 327690\' at line 3', '2023-07-10 18:48:22', 10);
INSERT INTO `sys_oper_log` VALUES (382, '行政班级上课', 2, 'com.ruoyi.niuyabo.controller.CourseclassMetaclassController.edit()', 'PUT', 1, 'admin', NULL, '/niuyabo/CourseclassMetaclass', '127.0.0.1', '内网IP', '{\"courseclassId\":327692,\"params\":{}}', NULL, 1, '\r\n### Error updating database.  Cause: java.sql.SQLSyntaxErrorException: You have an error in your SQL syntax; check the manual that corresponds to your MySQL server version for the right syntax to use near \'where courseclass_id = 327692\' at line 3\r\n### The error may exist in file [E:\\2023\\若依源代码学习\\RuoYi-Vue-master\\education\\ruoyi-system\\target\\classes\\mapper\\niuyabo\\CourseclassMetaclassMapper.xml]\r\n### The error may involve com.ruoyi.niuyabo.mapper.CourseclassMetaclassMapper.updateCourseclassMetaclass-Inline\r\n### The error occurred while setting parameters\r\n### SQL: update courseclass_metaclass                    where courseclass_id = ?\r\n### Cause: java.sql.SQLSyntaxErrorException: You have an error in your SQL syntax; check the manual that corresponds to your MySQL server version for the right syntax to use near \'where courseclass_id = 327692\' at line 3\n; bad SQL grammar []; nested exception is java.sql.SQLSyntaxErrorException: You have an error in your SQL syntax; check the manual that corresponds to your MySQL server version for the right syntax to use near \'where courseclass_id = 327692\' at line 3', '2023-07-10 18:50:20', 11);
INSERT INTO `sys_oper_log` VALUES (383, '行政班级上课', 2, 'com.ruoyi.niuyabo.controller.CourseclassMetaclassController.edit()', 'PUT', 1, 'admin', NULL, '/niuyabo/CourseclassMetaclass', '127.0.0.1', '内网IP', '{\"courseclassId\":327690,\"params\":{}}', NULL, 1, '\r\n### Error updating database.  Cause: java.sql.SQLSyntaxErrorException: You have an error in your SQL syntax; check the manual that corresponds to your MySQL server version for the right syntax to use near \'where courseclass_id = 327690\' at line 3\r\n### The error may exist in file [E:\\2023\\若依源代码学习\\RuoYi-Vue-master\\education\\ruoyi-system\\target\\classes\\mapper\\niuyabo\\CourseclassMetaclassMapper.xml]\r\n### The error may involve com.ruoyi.niuyabo.mapper.CourseclassMetaclassMapper.updateCourseclassMetaclass-Inline\r\n### The error occurred while setting parameters\r\n### SQL: update courseclass_metaclass                    where courseclass_id = ?\r\n### Cause: java.sql.SQLSyntaxErrorException: You have an error in your SQL syntax; check the manual that corresponds to your MySQL server version for the right syntax to use near \'where courseclass_id = 327690\' at line 3\n; bad SQL grammar []; nested exception is java.sql.SQLSyntaxErrorException: You have an error in your SQL syntax; check the manual that corresponds to your MySQL server version for the right syntax to use near \'where courseclass_id = 327690\' at line 3', '2023-07-10 18:50:42', 7);
INSERT INTO `sys_oper_log` VALUES (384, '行政班级上课', 2, 'com.ruoyi.niuyabo.controller.CourseclassMetaclassController.edit()', 'PUT', 1, 'admin', NULL, '/niuyabo/CourseclassMetaclass', '127.0.0.1', '内网IP', '{\"courseclassId\":327690,\"params\":{}}', NULL, 1, '\r\n### Error updating database.  Cause: java.sql.SQLSyntaxErrorException: You have an error in your SQL syntax; check the manual that corresponds to your MySQL server version for the right syntax to use near \'where courseclass_id = 327690\' at line 3\r\n### The error may exist in file [E:\\2023\\若依源代码学习\\RuoYi-Vue-master\\education\\ruoyi-system\\target\\classes\\mapper\\niuyabo\\CourseclassMetaclassMapper.xml]\r\n### The error may involve com.ruoyi.niuyabo.mapper.CourseclassMetaclassMapper.updateCourseclassMetaclass-Inline\r\n### The error occurred while setting parameters\r\n### SQL: update courseclass_metaclass                    where courseclass_id = ?\r\n### Cause: java.sql.SQLSyntaxErrorException: You have an error in your SQL syntax; check the manual that corresponds to your MySQL server version for the right syntax to use near \'where courseclass_id = 327690\' at line 3\n; bad SQL grammar []; nested exception is java.sql.SQLSyntaxErrorException: You have an error in your SQL syntax; check the manual that corresponds to your MySQL server version for the right syntax to use near \'where courseclass_id = 327690\' at line 3', '2023-07-10 18:51:13', 5);
INSERT INTO `sys_oper_log` VALUES (385, '行政班级上课', 2, 'com.ruoyi.niuyabo.controller.CourseclassMetaclassController.edit()', 'PUT', 1, 'admin', NULL, '/niuyabo/CourseclassMetaclass', '127.0.0.1', '内网IP', '{\"courseclassId\":327688,\"params\":{}}', NULL, 1, '\r\n### Error updating database.  Cause: java.sql.SQLSyntaxErrorException: You have an error in your SQL syntax; check the manual that corresponds to your MySQL server version for the right syntax to use near \'where courseclass_id = 327688\' at line 3\r\n### The error may exist in file [E:\\2023\\若依源代码学习\\RuoYi-Vue-master\\education\\ruoyi-system\\target\\classes\\mapper\\niuyabo\\CourseclassMetaclassMapper.xml]\r\n### The error may involve com.ruoyi.niuyabo.mapper.CourseclassMetaclassMapper.updateCourseclassMetaclass-Inline\r\n### The error occurred while setting parameters\r\n### SQL: update courseclass_metaclass                    where courseclass_id = ?\r\n### Cause: java.sql.SQLSyntaxErrorException: You have an error in your SQL syntax; check the manual that corresponds to your MySQL server version for the right syntax to use near \'where courseclass_id = 327688\' at line 3\n; bad SQL grammar []; nested exception is java.sql.SQLSyntaxErrorException: You have an error in your SQL syntax; check the manual that corresponds to your MySQL server version for the right syntax to use near \'where courseclass_id = 327688\' at line 3', '2023-07-10 18:59:10', 8);
INSERT INTO `sys_oper_log` VALUES (386, '行政班级上课', 2, 'com.ruoyi.niuyabo.controller.CourseclassMetaclassController.edit()', 'PUT', 1, 'admin', NULL, '/niuyabo/CourseclassMetaclass', '127.0.0.1', '内网IP', '{\"courseclassId\":327688,\"params\":{}}', NULL, 1, '\r\n### Error updating database.  Cause: java.sql.SQLSyntaxErrorException: You have an error in your SQL syntax; check the manual that corresponds to your MySQL server version for the right syntax to use near \'where courseclass_id = 327688\' at line 3\r\n### The error may exist in file [E:\\2023\\若依源代码学习\\RuoYi-Vue-master\\education\\ruoyi-system\\target\\classes\\mapper\\niuyabo\\CourseclassMetaclassMapper.xml]\r\n### The error may involve com.ruoyi.niuyabo.mapper.CourseclassMetaclassMapper.updateCourseclassMetaclass-Inline\r\n### The error occurred while setting parameters\r\n### SQL: update courseclass_metaclass                    where courseclass_id = ?\r\n### Cause: java.sql.SQLSyntaxErrorException: You have an error in your SQL syntax; check the manual that corresponds to your MySQL server version for the right syntax to use near \'where courseclass_id = 327688\' at line 3\n; bad SQL grammar []; nested exception is java.sql.SQLSyntaxErrorException: You have an error in your SQL syntax; check the manual that corresponds to your MySQL server version for the right syntax to use near \'where courseclass_id = 327688\' at line 3', '2023-07-10 18:59:19', 9);
INSERT INTO `sys_oper_log` VALUES (387, '行政班级上课', 2, 'com.ruoyi.niuyabo.controller.CourseclassMetaclassController.edit()', 'PUT', 1, 'admin', NULL, '/niuyabo/CourseclassMetaclass', '127.0.0.1', '内网IP', '{\"courseclassId\":327688,\"params\":{}}', NULL, 1, '\r\n### Error updating database.  Cause: java.sql.SQLSyntaxErrorException: You have an error in your SQL syntax; check the manual that corresponds to your MySQL server version for the right syntax to use near \'where courseclass_id = 327688\' at line 3\r\n### The error may exist in file [E:\\2023\\若依源代码学习\\RuoYi-Vue-master\\education\\ruoyi-system\\target\\classes\\mapper\\niuyabo\\CourseclassMetaclassMapper.xml]\r\n### The error may involve com.ruoyi.niuyabo.mapper.CourseclassMetaclassMapper.updateCourseclassMetaclass-Inline\r\n### The error occurred while setting parameters\r\n### SQL: update courseclass_metaclass                    where courseclass_id = ?\r\n### Cause: java.sql.SQLSyntaxErrorException: You have an error in your SQL syntax; check the manual that corresponds to your MySQL server version for the right syntax to use near \'where courseclass_id = 327688\' at line 3\n; bad SQL grammar []; nested exception is java.sql.SQLSyntaxErrorException: You have an error in your SQL syntax; check the manual that corresponds to your MySQL server version for the right syntax to use near \'where courseclass_id = 327688\' at line 3', '2023-07-10 19:13:01', 8);
INSERT INTO `sys_oper_log` VALUES (388, '行政班级上课', 2, 'com.ruoyi.niuyabo.controller.CourseclassMetaclassController.edit()', 'PUT', 1, 'admin', NULL, '/niuyabo/CourseclassMetaclass', '127.0.0.1', '内网IP', '{\"courseclassId\":327688,\"params\":{}}', NULL, 1, '\r\n### Error updating database.  Cause: java.sql.SQLSyntaxErrorException: You have an error in your SQL syntax; check the manual that corresponds to your MySQL server version for the right syntax to use near \'where courseclass_id = 327688\' at line 3\r\n### The error may exist in file [E:\\2023\\若依源代码学习\\RuoYi-Vue-master\\education\\ruoyi-system\\target\\classes\\mapper\\niuyabo\\CourseclassMetaclassMapper.xml]\r\n### The error may involve com.ruoyi.niuyabo.mapper.CourseclassMetaclassMapper.updateCourseclassMetaclass-Inline\r\n### The error occurred while setting parameters\r\n### SQL: update courseclass_metaclass                    where courseclass_id = ?\r\n### Cause: java.sql.SQLSyntaxErrorException: You have an error in your SQL syntax; check the manual that corresponds to your MySQL server version for the right syntax to use near \'where courseclass_id = 327688\' at line 3\n; bad SQL grammar []; nested exception is java.sql.SQLSyntaxErrorException: You have an error in your SQL syntax; check the manual that corresponds to your MySQL server version for the right syntax to use near \'where courseclass_id = 327688\' at line 3', '2023-07-10 20:14:42', 5);
INSERT INTO `sys_oper_log` VALUES (389, '行政班级上课', 2, 'com.ruoyi.niuyabo.controller.CourseclassMetaclassController.edit()', 'PUT', 1, 'admin', NULL, '/niuyabo/CourseclassMetaclass', '127.0.0.1', '内网IP', '{\"courseclassId\":327688,\"params\":{}}', NULL, 1, '\r\n### Error updating database.  Cause: java.sql.SQLSyntaxErrorException: You have an error in your SQL syntax; check the manual that corresponds to your MySQL server version for the right syntax to use near \'where courseclass_id = 327688\' at line 3\r\n### The error may exist in file [E:\\2023\\若依源代码学习\\RuoYi-Vue-master\\education\\ruoyi-system\\target\\classes\\mapper\\niuyabo\\CourseclassMetaclassMapper.xml]\r\n### The error may involve com.ruoyi.niuyabo.mapper.CourseclassMetaclassMapper.updateCourseclassMetaclass-Inline\r\n### The error occurred while setting parameters\r\n### SQL: update courseclass_metaclass                    where courseclass_id = ?\r\n### Cause: java.sql.SQLSyntaxErrorException: You have an error in your SQL syntax; check the manual that corresponds to your MySQL server version for the right syntax to use near \'where courseclass_id = 327688\' at line 3\n; bad SQL grammar []; nested exception is java.sql.SQLSyntaxErrorException: You have an error in your SQL syntax; check the manual that corresponds to your MySQL server version for the right syntax to use near \'where courseclass_id = 327688\' at line 3', '2023-07-10 20:15:01', 6);
INSERT INTO `sys_oper_log` VALUES (390, '行政班级上课', 2, 'com.ruoyi.niuyabo.controller.CourseclassMetaclassController.edit()', 'PUT', 1, 'admin', NULL, '/niuyabo/CourseclassMetaclass', '127.0.0.1', '内网IP', '{\"courseclassId\":327690,\"params\":{}}', NULL, 1, '\r\n### Error updating database.  Cause: java.sql.SQLSyntaxErrorException: You have an error in your SQL syntax; check the manual that corresponds to your MySQL server version for the right syntax to use near \'where courseclass_id = 327690\' at line 3\r\n### The error may exist in file [E:\\2023\\若依源代码学习\\RuoYi-Vue-master\\education\\ruoyi-system\\target\\classes\\mapper\\niuyabo\\CourseclassMetaclassMapper.xml]\r\n### The error may involve com.ruoyi.niuyabo.mapper.CourseclassMetaclassMapper.updateCourseclassMetaclass-Inline\r\n### The error occurred while setting parameters\r\n### SQL: update courseclass_metaclass                    where courseclass_id = ?\r\n### Cause: java.sql.SQLSyntaxErrorException: You have an error in your SQL syntax; check the manual that corresponds to your MySQL server version for the right syntax to use near \'where courseclass_id = 327690\' at line 3\n; bad SQL grammar []; nested exception is java.sql.SQLSyntaxErrorException: You have an error in your SQL syntax; check the manual that corresponds to your MySQL server version for the right syntax to use near \'where courseclass_id = 327690\' at line 3', '2023-07-10 20:15:58', 9);
INSERT INTO `sys_oper_log` VALUES (391, '行政班级上课', 2, 'com.ruoyi.niuyabo.controller.CourseclassMetaclassController.edit()', 'PUT', 1, 'admin', NULL, '/niuyabo/CourseclassMetaclass', '127.0.0.1', '内网IP', '{\"courseclassId\":327688,\"params\":{}}', NULL, 1, '\r\n### Error updating database.  Cause: java.sql.SQLSyntaxErrorException: You have an error in your SQL syntax; check the manual that corresponds to your MySQL server version for the right syntax to use near \'where courseclass_id = 327688\' at line 3\r\n### The error may exist in file [E:\\2023\\若依源代码学习\\RuoYi-Vue-master\\education\\ruoyi-system\\target\\classes\\mapper\\niuyabo\\CourseclassMetaclassMapper.xml]\r\n### The error may involve com.ruoyi.niuyabo.mapper.CourseclassMetaclassMapper.updateCourseclassMetaclass-Inline\r\n### The error occurred while setting parameters\r\n### SQL: update courseclass_metaclass                    where courseclass_id = ?\r\n### Cause: java.sql.SQLSyntaxErrorException: You have an error in your SQL syntax; check the manual that corresponds to your MySQL server version for the right syntax to use near \'where courseclass_id = 327688\' at line 3\n; bad SQL grammar []; nested exception is java.sql.SQLSyntaxErrorException: You have an error in your SQL syntax; check the manual that corresponds to your MySQL server version for the right syntax to use near \'where courseclass_id = 327688\' at line 3', '2023-07-10 20:19:01', 13);
INSERT INTO `sys_oper_log` VALUES (392, '行政班级上课', 3, 'com.ruoyi.niuyabo.controller.CourseclassMetaclassController.remove()', 'DELETE', 1, 'admin', NULL, '/niuyabo/CourseclassMetaclass/327692', '127.0.0.1', '内网IP', '{}', '{\"msg\":\"操作成功\",\"code\":200}', 0, NULL, '2023-07-10 20:20:47', 8);
INSERT INTO `sys_oper_log` VALUES (393, '行政班级上课', 3, 'com.ruoyi.niuyabo.controller.CourseclassMetaclassController.remove()', 'DELETE', 1, 'admin', NULL, '/niuyabo/CourseclassMetaclass/327690', '127.0.0.1', '内网IP', '{}', '{\"msg\":\"操作成功\",\"code\":200}', 0, NULL, '2023-07-10 20:20:49', 4);
INSERT INTO `sys_oper_log` VALUES (394, '行政班级上课', 2, 'com.ruoyi.niuyabo.controller.CourseclassMetaclassController.edit()', 'PUT', 1, 'admin', NULL, '/niuyabo/CourseclassMetaclass', '127.0.0.1', '内网IP', '{\"courseclassId\":327688,\"params\":{}}', NULL, 1, '\r\n### Error updating database.  Cause: java.sql.SQLSyntaxErrorException: You have an error in your SQL syntax; check the manual that corresponds to your MySQL server version for the right syntax to use near \'where courseclass_id = 327688\' at line 3\r\n### The error may exist in file [E:\\2023\\若依源代码学习\\RuoYi-Vue-master\\education\\ruoyi-system\\target\\classes\\mapper\\niuyabo\\CourseclassMetaclassMapper.xml]\r\n### The error may involve com.ruoyi.niuyabo.mapper.CourseclassMetaclassMapper.updateCourseclassMetaclass-Inline\r\n### The error occurred while setting parameters\r\n### SQL: update courseclass_metaclass                    where courseclass_id = ?\r\n### Cause: java.sql.SQLSyntaxErrorException: You have an error in your SQL syntax; check the manual that corresponds to your MySQL server version for the right syntax to use near \'where courseclass_id = 327688\' at line 3\n; bad SQL grammar []; nested exception is java.sql.SQLSyntaxErrorException: You have an error in your SQL syntax; check the manual that corresponds to your MySQL server version for the right syntax to use near \'where courseclass_id = 327688\' at line 3', '2023-07-10 20:20:56', 8);
INSERT INTO `sys_oper_log` VALUES (395, '行政班级上课', 2, 'com.ruoyi.niuyabo.controller.CourseclassMetaclassController.edit()', 'PUT', 1, 'admin', NULL, '/niuyabo/CourseclassMetaclass', '127.0.0.1', '内网IP', '{\"courseclass\":{\"courseclassId\":327688,\"courseclassNo\":\"1 A-12-0403 1-4\",\"params\":{}},\"courseclassId\":327690,\"metaclass\":{\"metaclassName\":\"软件工程1班\",\"params\":{}},\"metaclassId\":4099,\"params\":{}}', '{\"msg\":\"操作失败\",\"code\":500}', 0, NULL, '2023-07-10 20:24:44', 7);
INSERT INTO `sys_oper_log` VALUES (396, '行政班级上课', 2, 'com.ruoyi.niuyabo.controller.CourseclassMetaclassController.edit()', 'PUT', 1, 'admin', NULL, '/niuyabo/CourseclassMetaclass', '127.0.0.1', '内网IP', '{\"courseclass\":{\"courseclassId\":327688,\"courseclassNo\":\"1 A-12-0403 1-4\",\"params\":{}},\"courseclassId\":327690,\"metaclass\":{\"metaclassName\":\"软件工程1班\",\"params\":{}},\"metaclassId\":4099,\"params\":{}}', '{\"msg\":\"操作失败\",\"code\":500}', 0, NULL, '2023-07-10 20:24:47', 3);
INSERT INTO `sys_oper_log` VALUES (397, '行政班级上课', 2, 'com.ruoyi.niuyabo.controller.CourseclassMetaclassController.edit()', 'PUT', 1, 'admin', NULL, '/niuyabo/CourseclassMetaclass', '127.0.0.1', '内网IP', '{\"courseclass\":{\"courseclassId\":327688,\"courseclassNo\":\"1 A-12-0403 1-4\",\"params\":{}},\"courseclassId\":327688,\"metaclass\":{\"metaclassName\":\"软件工程1班\",\"params\":{}},\"metaclassId\":4099,\"params\":{}}', '{\"msg\":\"操作成功\",\"code\":200}', 0, NULL, '2023-07-10 20:25:03', 3);
INSERT INTO `sys_oper_log` VALUES (398, '行政班级上课', 2, 'com.ruoyi.niuyabo.controller.CourseclassMetaclassController.edit()', 'PUT', 1, 'admin', NULL, '/niuyabo/CourseclassMetaclass', '127.0.0.1', '内网IP', '{\"courseclass\":{\"courseclassId\":327688,\"courseclassNo\":\"1 A-12-0403 1-4\",\"params\":{}},\"courseclassId\":327688,\"metaclass\":{\"metaclassName\":\"软件工程1班\",\"params\":{}},\"metaclassId\":4099,\"params\":{}}', '{\"msg\":\"操作成功\",\"code\":200}', 0, NULL, '2023-07-10 20:25:13', 3);
INSERT INTO `sys_oper_log` VALUES (399, '行政班级上课', 2, 'com.ruoyi.niuyabo.controller.CourseclassMetaclassController.edit()', 'PUT', 1, 'admin', NULL, '/niuyabo/CourseclassMetaclass', '127.0.0.1', '内网IP', '{\"courseclass\":{\"courseclassId\":327688,\"courseclassNo\":\"1 A-12-0403 1-4\",\"params\":{}},\"courseclassId\":327688,\"metaclass\":{\"metaclassName\":\"软件工程1班\",\"params\":{}},\"metaclassId\":4099,\"params\":{}}', '{\"msg\":\"操作成功\",\"code\":200}', 0, NULL, '2023-07-10 20:25:25', 3);
INSERT INTO `sys_oper_log` VALUES (400, '行政班级上课', 2, 'com.ruoyi.niuyabo.controller.CourseclassMetaclassController.edit()', 'PUT', 1, 'admin', NULL, '/niuyabo/CourseclassMetaclass', '127.0.0.1', '内网IP', '{\"courseclass\":{\"courseclassId\":327688,\"courseclassNo\":\"1 A-12-0403 1-4\",\"params\":{}},\"courseclassId\":327688,\"metaclass\":{\"metaclassName\":\"软件工程1班\",\"params\":{}},\"metaclassId\":4099,\"params\":{}}', '{\"msg\":\"操作成功\",\"code\":200}', 0, NULL, '2023-07-10 20:25:44', 4);
INSERT INTO `sys_oper_log` VALUES (401, '行政班级上课', 2, 'com.ruoyi.niuyabo.controller.CourseclassMetaclassController.edit()', 'PUT', 1, 'admin', NULL, '/niuyabo/CourseclassMetaclass', '127.0.0.1', '内网IP', '{\"courseclass\":{\"courseclassId\":327688,\"courseclassNo\":\"1 A-12-0403 1-4\",\"params\":{}},\"courseclassId\":327688,\"metaclass\":{\"metaclassName\":\"软件工程1班\",\"params\":{}},\"metaclassId\":4099,\"params\":{}}', '{\"msg\":\"操作成功\",\"code\":200}', 0, NULL, '2023-07-10 20:30:48', 3);
INSERT INTO `sys_oper_log` VALUES (402, '行政班级上课', 2, 'com.ruoyi.niuyabo.controller.CourseclassMetaclassController.edit()', 'PUT', 1, 'admin', NULL, '/niuyabo/CourseclassMetaclass', '127.0.0.1', '内网IP', '{\"courseclass\":{\"courseclassId\":327688,\"courseclassNo\":\"1 A-12-0403 1-4\",\"params\":{}},\"courseclassId\":327688,\"metaclass\":{\"metaclassName\":\"软件工程1班\",\"params\":{}},\"metaclassId\":4100,\"params\":{}}', '{\"msg\":\"操作成功\",\"code\":200}', 0, NULL, '2023-07-10 20:32:01', 4);
INSERT INTO `sys_oper_log` VALUES (403, '行政班级上课', 2, 'com.ruoyi.niuyabo.controller.CourseclassMetaclassController.edit()', 'PUT', 1, 'admin', NULL, '/niuyabo/CourseclassMetaclass', '127.0.0.1', '内网IP', '{\"courseclassId\":327688,\"metaclassId\":4099,\"params\":{}}', '{\"msg\":\"操作成功\",\"code\":200}', 0, NULL, '2023-07-10 20:32:08', 5);
INSERT INTO `sys_oper_log` VALUES (404, '行政班级上课', 2, 'com.ruoyi.niuyabo.controller.CourseclassMetaclassController.edit()', 'PUT', 1, 'admin', NULL, '/niuyabo/CourseclassMetaclass', '127.0.0.1', '内网IP', '{\"courseclassId\":327690,\"metaclassId\":4101,\"params\":{}}', '{\"msg\":\"操作失败\",\"code\":500}', 0, NULL, '2023-07-10 20:32:20', 3);
INSERT INTO `sys_oper_log` VALUES (405, '行政班级上课', 2, 'com.ruoyi.niuyabo.controller.CourseclassMetaclassController.edit()', 'PUT', 1, 'admin', NULL, '/niuyabo/CourseclassMetaclass', '127.0.0.1', '内网IP', '{\"courseclassId\":327688,\"metaclassId\":4100,\"params\":{}}', '{\"msg\":\"操作成功\",\"code\":200}', 0, NULL, '2023-07-10 20:37:44', 16);
INSERT INTO `sys_oper_log` VALUES (406, '行政班级上课', 2, 'com.ruoyi.niuyabo.controller.CourseclassMetaclassController.edit()', 'PUT', 1, 'admin', NULL, '/niuyabo/CourseclassMetaclass', '127.0.0.1', '内网IP', '{\"courseclassId\":327692,\"metaclassId\":4099,\"params\":{}}', '{\"msg\":\"操作成功\",\"code\":200}', 0, NULL, '2023-07-10 20:37:49', 10);
INSERT INTO `sys_oper_log` VALUES (407, '行政班级上课', 2, 'com.ruoyi.niuyabo.controller.CourseclassMetaclassController.edit()', 'PUT', 1, 'admin', NULL, '/niuyabo/CourseclassMetaclass', '127.0.0.1', '内网IP', '{\"courseclass\":{\"courseclassId\":327692,\"courseclassNo\":\"3 A-12-0404 1-4\",\"params\":{}},\"courseclassId\":327690,\"metaclass\":{\"metaclassName\":\"软件工程1班\",\"params\":{}},\"metaclassId\":4099,\"params\":{}}', '{\"msg\":\"操作成功\",\"code\":200}', 0, NULL, '2023-07-10 20:37:57', 15);
INSERT INTO `sys_oper_log` VALUES (408, '行政班级上课', 2, 'com.ruoyi.niuyabo.controller.CourseclassMetaclassController.edit()', 'PUT', 1, 'admin', NULL, '/niuyabo/CourseclassMetaclass', '127.0.0.1', '内网IP', '{\"courseclass\":{\"courseclassId\":327690,\"courseclassNo\":\"2 A-12-0402 7-8\",\"params\":{}},\"courseclassId\":327688,\"metaclass\":{\"metaclassName\":\"软件工程1班\",\"params\":{}},\"metaclassId\":4099,\"params\":{}}', '{\"msg\":\"操作成功\",\"code\":200}', 0, NULL, '2023-07-10 20:38:21', 10);
INSERT INTO `sys_oper_log` VALUES (409, '行政班级上课', 2, 'com.ruoyi.niuyabo.controller.CourseclassMetaclassController.edit()', 'PUT', 1, 'admin', NULL, '/niuyabo/CourseclassMetaclass', '127.0.0.1', '内网IP', '{\"courseclass\":{\"courseclassId\":327688,\"courseclassNo\":\"1 A-12-0403 1-4\",\"params\":{}},\"courseclassId\":327688,\"metaclass\":{\"metaclassName\":\"软件工程1班\",\"params\":{}},\"metaclassId\":4100,\"params\":{}}', '{\"msg\":\"操作成功\",\"code\":200}', 0, NULL, '2023-07-10 20:38:27', 11);
INSERT INTO `sys_oper_log` VALUES (410, '行政班级上课', 2, 'com.ruoyi.niuyabo.controller.CourseclassMetaclassController.edit()', 'PUT', 1, 'admin', NULL, '/niuyabo/CourseclassMetaclass', '127.0.0.1', '内网IP', '{\"courseclassId\":327688,\"metaclassId\":4100,\"params\":{}}', '{\"msg\":\"操作成功\",\"code\":200}', 0, NULL, '2023-07-10 20:39:10', 6);
INSERT INTO `sys_oper_log` VALUES (411, '行政班级上课', 2, 'com.ruoyi.niuyabo.controller.CourseclassMetaclassController.edit()', 'PUT', 1, 'admin', NULL, '/niuyabo/CourseclassMetaclass', '127.0.0.1', '内网IP', '{\"courseclassId\":327688,\"metaclassId\":4101,\"params\":{}}', '{\"msg\":\"操作成功\",\"code\":200}', 0, NULL, '2023-07-10 20:39:18', 10);
INSERT INTO `sys_oper_log` VALUES (412, '班级管理', 1, 'com.ruoyi.niuyabo.controller.MetaclassController.add()', 'POST', 1, 'admin', NULL, '/niuyabo/metaclass', '127.0.0.1', '内网IP', '{\"createTime\":\"2023-07-10 21:00:19\",\"deptId\":101,\"grade\":\"3\",\"meataclassId\":4102,\"metaclassName\":\"软件工程3班\",\"metaclassNo\":\"20231004\",\"params\":{}}', '{\"msg\":\"操作成功\",\"code\":200}', 0, NULL, '2023-07-10 21:00:19', 8);
INSERT INTO `sys_oper_log` VALUES (413, '代码生成', 2, 'com.ruoyi.generator.controller.GenController.editSave()', 'PUT', 1, 'admin', NULL, '/tool/gen', '127.0.0.1', '内网IP', '{\"businessName\":\"metaclass\",\"className\":\"Metaclass\",\"columns\":[{\"capJavaField\":\"MeataclassId\",\"columnComment\":\"行政班级id\",\"columnId\":197,\"columnName\":\"meataclass_id\",\"columnType\":\"int(11)\",\"createBy\":\"admin\",\"createTime\":\"2023-07-07 07:32:54\",\"dictType\":\"\",\"edit\":false,\"htmlType\":\"input\",\"increment\":true,\"insert\":true,\"isIncrement\":\"1\",\"isInsert\":\"1\",\"isPk\":\"1\",\"javaField\":\"meataclassId\",\"javaType\":\"Long\",\"list\":false,\"params\":{},\"pk\":true,\"query\":false,\"queryType\":\"EQ\",\"required\":false,\"sort\":1,\"superColumn\":false,\"tableId\":19,\"updateBy\":\"\",\"updateTime\":\"2023-07-08 09:31:04\",\"usableColumn\":false},{\"capJavaField\":\"MetaclassNo\",\"columnComment\":\"行政班级编号\",\"columnId\":198,\"columnName\":\"metaclass_no\",\"columnType\":\"varchar(50)\",\"createBy\":\"admin\",\"createTime\":\"2023-07-07 07:32:54\",\"dictType\":\"\",\"edit\":true,\"htmlType\":\"input\",\"increment\":false,\"insert\":true,\"isEdit\":\"1\",\"isIncrement\":\"0\",\"isInsert\":\"1\",\"isList\":\"1\",\"isPk\":\"0\",\"isQuery\":\"1\",\"javaField\":\"metaclassNo\",\"javaType\":\"String\",\"list\":true,\"params\":{},\"pk\":false,\"query\":true,\"queryType\":\"EQ\",\"required\":false,\"sort\":2,\"superColumn\":false,\"tableId\":19,\"updateBy\":\"\",\"updateTime\":\"2023-07-08 09:31:04\",\"usableColumn\":false},{\"capJavaField\":\"MetaclassName\",\"columnComment\":\"行政班级名称\",\"columnId\":199,\"columnName\":\"metaclass_name\",\"columnType\":\"varchar(50)\",\"createBy\":\"admin\",\"createTime\":\"2023-07-07 07:32:54\",\"dictType\":\"\",\"edit\":true,\"htmlType\":\"input\",\"increment\":false,\"insert\":true,\"isEdit\":\"1\",\"isIncrement\":\"0\",\"isInsert\":\"1\",\"isList\":\"1\",\"isPk\":\"0\",\"isQuery\":\"1\",\"javaField\":\"metaclassName\",\"javaType\":\"String\",\"list\":true,\"params\":{},\"pk\":false,\"query\":true,\"queryType\":\"LIKE\",\"required\":false,\"sort\":3,\"superColumn\":false,\"tableId\":19,\"updateBy\":\"\",\"updateTime\":\"2023-07-08 09:31:04\",\"usableColumn\":false},{\"capJavaField\":\"Grade\",\"columnComment\":\"年级\",\"columnId\":200,\"columnName\":\"grade\",\"columnType\":\"varchar(50)\",\"createBy\":\"admin\",\"createTime\":\"2023-07-07 07:32:54\",\"dictType\":\"\",\"edit\":true,\"htmlType\":\"input\",\"increment\":false,\"in', '{\"msg\":\"操作成功\",\"code\":200}', 0, NULL, '2023-07-10 21:01:34', 29);
INSERT INTO `sys_oper_log` VALUES (414, '代码生成', 2, 'com.ruoyi.generator.controller.GenController.editSave()', 'PUT', 1, 'admin', NULL, '/tool/gen', '127.0.0.1', '内网IP', '{\"businessName\":\"teacher\",\"className\":\"Teacher\",\"columns\":[{\"capJavaField\":\"TeacherId\",\"columnComment\":\"教师id\",\"columnId\":66,\"columnName\":\"teacher_id\",\"columnType\":\"int(11)\",\"createBy\":\"admin\",\"createTime\":\"2023-07-05 11:04:40\",\"dictType\":\"\",\"edit\":false,\"htmlType\":\"input\",\"increment\":true,\"insert\":true,\"isIncrement\":\"1\",\"isInsert\":\"1\",\"isPk\":\"1\",\"javaField\":\"teacherId\",\"javaType\":\"Long\",\"list\":false,\"params\":{},\"pk\":true,\"query\":false,\"queryType\":\"EQ\",\"required\":false,\"sort\":1,\"superColumn\":false,\"tableId\":6,\"updateBy\":\"\",\"updateTime\":\"2023-07-08 09:50:42\",\"usableColumn\":false},{\"capJavaField\":\"DeptId\",\"columnComment\":\"部门id\",\"columnId\":67,\"columnName\":\"dept_id\",\"columnType\":\"bigint(20)\",\"createBy\":\"admin\",\"createTime\":\"2023-07-05 11:04:40\",\"dictType\":\"\",\"edit\":true,\"htmlType\":\"input\",\"increment\":false,\"insert\":true,\"isEdit\":\"1\",\"isIncrement\":\"0\",\"isInsert\":\"1\",\"isList\":\"1\",\"isPk\":\"0\",\"isQuery\":\"1\",\"javaField\":\"deptId\",\"javaType\":\"Long\",\"list\":true,\"params\":{},\"pk\":false,\"query\":true,\"queryType\":\"EQ\",\"required\":false,\"sort\":2,\"superColumn\":false,\"tableId\":6,\"updateBy\":\"\",\"updateTime\":\"2023-07-08 09:50:42\",\"usableColumn\":false},{\"capJavaField\":\"Status\",\"columnComment\":\"状态\",\"columnId\":68,\"columnName\":\"status\",\"columnType\":\"char(1)\",\"createBy\":\"admin\",\"createTime\":\"2023-07-05 11:04:40\",\"dictType\":\"\",\"edit\":true,\"htmlType\":\"radio\",\"increment\":false,\"insert\":true,\"isEdit\":\"1\",\"isIncrement\":\"0\",\"isInsert\":\"1\",\"isList\":\"1\",\"isPk\":\"0\",\"isQuery\":\"1\",\"javaField\":\"status\",\"javaType\":\"String\",\"list\":true,\"params\":{},\"pk\":false,\"query\":true,\"queryType\":\"EQ\",\"required\":false,\"sort\":3,\"superColumn\":false,\"tableId\":6,\"updateBy\":\"\",\"updateTime\":\"2023-07-08 09:50:42\",\"usableColumn\":false},{\"capJavaField\":\"DelFlag\",\"columnComment\":\"删除标志\",\"columnId\":69,\"columnName\":\"del_flag\",\"columnType\":\"char(1)\",\"createBy\":\"admin\",\"createTime\":\"2023-07-05 11:04:40\",\"dictType\":\"\",\"edit\":false,\"htmlType\":\"input\",\"increment\":false,\"insert\":true,\"isIncrement\":\"0\",\"isInsert\":\"1\",\"isPk\":\"0\",\"javaField\":\"de', '{\"msg\":\"操作成功\",\"code\":200}', 0, NULL, '2023-07-10 21:33:39', 50);
INSERT INTO `sys_oper_log` VALUES (415, '班级管理', 2, 'com.ruoyi.niuyabo.controller.MetaclassController.edit()', 'PUT', 1, 'admin', NULL, '/niuyabo/metaclass', '127.0.0.1', '内网IP', '{\"courseclassMetaclassList\":[{\"courseclassId\":327690,\"metaclassId\":4099,\"params\":{}},{\"courseclassId\":327692,\"metaclassId\":4099,\"params\":{}}],\"createTime\":\"2023-07-07 08:03:44\",\"delFlag\":\"1\",\"dept\":{\"children\":[],\"deptId\":101,\"params\":{}},\"deptId\":101,\"grade\":\"3\",\"meataclassId\":4099,\"metaclassName\":\"软件工程1班\",\"metaclassNo\":\"20233001\",\"params\":{},\"status\":\"0\",\"updateTime\":\"2023-07-10 21:38:18\"}', '{\"msg\":\"操作成功\",\"code\":200}', 0, NULL, '2023-07-10 21:38:18', 21);
INSERT INTO `sys_oper_log` VALUES (416, '行政班级上课', 3, 'com.ruoyi.niuyabo.controller.CourseclassMetaclassController.remove()', 'DELETE', 1, 'admin', NULL, '/niuyabo/CourseclassMetaclass/327690', '127.0.0.1', '内网IP', '{}', '{\"msg\":\"操作成功\",\"code\":200}', 0, NULL, '2023-07-10 21:38:33', 7);
INSERT INTO `sys_oper_log` VALUES (417, '行政班级上课', 3, 'com.ruoyi.niuyabo.controller.CourseclassMetaclassController.remove()', 'DELETE', 1, 'admin', NULL, '/niuyabo/CourseclassMetaclass/327688', '127.0.0.1', '内网IP', '{}', '{\"msg\":\"操作成功\",\"code\":200}', 0, NULL, '2023-07-10 21:38:35', 4);
INSERT INTO `sys_oper_log` VALUES (418, '行政班级上课', 2, 'com.ruoyi.niuyabo.controller.CourseclassMetaclassController.edit()', 'PUT', 1, 'admin', NULL, '/niuyabo/CourseclassMetaclass', '127.0.0.1', '内网IP', '{\"courseclassId\":327690,\"metaclassId\":4099,\"params\":{}}', '{\"msg\":\"操作成功\",\"code\":200}', 0, NULL, '2023-07-10 21:39:10', 19);
INSERT INTO `sys_oper_log` VALUES (419, '班级管理', 2, 'com.ruoyi.niuyabo.controller.MetaclassController.edit()', 'PUT', 1, 'admin', NULL, '/niuyabo/metaclass', '127.0.0.1', '内网IP', '{\"courseclassMetaclassList\":[{\"metaclassId\":4100,\"params\":{}}],\"createTime\":\"2023-07-08 11:53:18\",\"delFlag\":\"0\",\"dept\":{\"children\":[],\"deptId\":101,\"params\":{}},\"deptId\":101,\"grade\":\"3\",\"meataclassId\":4100,\"metaclassName\":\"软件工程2班\",\"metaclassNo\":\"20233002\",\"params\":{},\"status\":\"0\",\"updateTime\":\"2023-07-10 21:43:15\"}', NULL, 1, '\r\n### Error updating database.  Cause: java.sql.SQLIntegrityConstraintViolationException: Column \'courseclass_id\' cannot be null\r\n### The error may exist in file [E:\\2023\\若依源代码学习\\RuoYi-Vue-master\\education\\ruoyi-system\\target\\classes\\mapper\\niuyabo\\MetaclassMapper.xml]\r\n### The error may involve defaultParameterMap\r\n### The error occurred while setting parameters\r\n### SQL: insert into courseclass_metaclass( courseclass_id, metaclass_id) values                        ( ?, ?)\r\n### Cause: java.sql.SQLIntegrityConstraintViolationException: Column \'courseclass_id\' cannot be null\n; Column \'courseclass_id\' cannot be null; nested exception is java.sql.SQLIntegrityConstraintViolationException: Column \'courseclass_id\' cannot be null', '2023-07-10 21:43:15', 31);
INSERT INTO `sys_oper_log` VALUES (420, '班级管理', 2, 'com.ruoyi.niuyabo.controller.MetaclassController.edit()', 'PUT', 1, 'admin', NULL, '/niuyabo/metaclass', '127.0.0.1', '内网IP', '{\"courseclassMetaclassList\":[{\"courseclassId\":327690,\"metaclassId\":4099,\"params\":{}},{\"courseclassId\":327692,\"metaclassId\":4099,\"params\":{}},{\"courseclassId\":327694,\"metaclassId\":4099,\"params\":{}}],\"createTime\":\"2023-07-07 08:03:44\",\"delFlag\":\"1\",\"dept\":{\"children\":[],\"deptId\":101,\"params\":{}},\"deptId\":101,\"grade\":\"3\",\"meataclassId\":4099,\"metaclassName\":\"软件工程1班\",\"metaclassNo\":\"20233001\",\"params\":{},\"status\":\"0\",\"updateTime\":\"2023-07-10 21:45:48\"}', '{\"msg\":\"操作成功\",\"code\":200}', 0, NULL, '2023-07-10 21:45:48', 13);
INSERT INTO `sys_oper_log` VALUES (421, '班级管理', 2, 'com.ruoyi.niuyabo.controller.MetaclassController.edit()', 'PUT', 1, 'admin', NULL, '/niuyabo/metaclass', '127.0.0.1', '内网IP', '{\"courseclassMetaclassList\":[{\"courseclassId\":327690,\"metaclassId\":4099,\"params\":{}},{\"courseclassId\":327692,\"metaclassId\":4099,\"params\":{}},{\"courseclassId\":327694,\"metaclassId\":4099,\"params\":{}},{\"courseclassId\":327692,\"metaclassId\":4099,\"params\":{}}],\"createTime\":\"2023-07-07 08:03:44\",\"delFlag\":\"1\",\"dept\":{\"children\":[],\"deptId\":101,\"params\":{}},\"deptId\":101,\"grade\":\"3\",\"meataclassId\":4099,\"metaclassName\":\"软件工程1班\",\"metaclassNo\":\"20233001\",\"params\":{},\"status\":\"0\",\"updateTime\":\"2023-07-10 21:46:08\"}', NULL, 1, '\r\n### Error updating database.  Cause: java.sql.SQLIntegrityConstraintViolationException: Duplicate entry \'327692-4099\' for key \'PRIMARY\'\r\n### The error may exist in file [E:\\2023\\若依源代码学习\\RuoYi-Vue-master\\education\\ruoyi-system\\target\\classes\\mapper\\niuyabo\\MetaclassMapper.xml]\r\n### The error may involve defaultParameterMap\r\n### The error occurred while setting parameters\r\n### SQL: insert into courseclass_metaclass( courseclass_id, metaclass_id) values                        ( ?, ?)          ,              ( ?, ?)          ,              ( ?, ?)          ,              ( ?, ?)\r\n### Cause: java.sql.SQLIntegrityConstraintViolationException: Duplicate entry \'327692-4099\' for key \'PRIMARY\'\n; Duplicate entry \'327692-4099\' for key \'PRIMARY\'; nested exception is java.sql.SQLIntegrityConstraintViolationException: Duplicate entry \'327692-4099\' for key \'PRIMARY\'', '2023-07-10 21:46:08', 11);
INSERT INTO `sys_oper_log` VALUES (422, '班级管理', 2, 'com.ruoyi.niuyabo.controller.MetaclassController.edit()', 'PUT', 1, 'admin', NULL, '/niuyabo/metaclass', '127.0.0.1', '内网IP', '{\"courseclassMetaclassList\":[{\"courseclassId\":327690,\"metaclassId\":4099,\"params\":{}},{\"courseclassId\":327692,\"metaclassId\":4099,\"params\":{}},{\"courseclassId\":327694,\"metaclassId\":4099,\"params\":{}},{\"courseclassId\":327688,\"metaclassId\":4099,\"params\":{}}],\"createTime\":\"2023-07-07 08:03:44\",\"delFlag\":\"1\",\"dept\":{\"children\":[],\"deptId\":101,\"params\":{}},\"deptId\":101,\"grade\":\"3\",\"meataclassId\":4099,\"metaclassName\":\"软件工程1班\",\"metaclassNo\":\"20233001\",\"params\":{},\"status\":\"0\",\"updateTime\":\"2023-07-10 21:46:31\"}', '{\"msg\":\"操作成功\",\"code\":200}', 0, NULL, '2023-07-10 21:46:31', 13);
INSERT INTO `sys_oper_log` VALUES (423, '班级管理', 2, 'com.ruoyi.niuyabo.controller.MetaclassController.edit()', 'PUT', 1, 'admin', NULL, '/niuyabo/metaclass', '127.0.0.1', '内网IP', '{\"courseclassMetaclassList\":[{\"courseclassId\":327688,\"metaclassId\":4102,\"params\":{}}],\"createTime\":\"2023-07-10 21:00:20\",\"delFlag\":\"0\",\"dept\":{\"children\":[],\"deptId\":101,\"params\":{}},\"deptId\":101,\"grade\":\"3\",\"meataclassId\":4102,\"metaclassName\":\"软件工程3班\",\"metaclassNo\":\"20231004\",\"params\":{},\"status\":\"0\",\"updateTime\":\"2023-07-10 21:47:07\"}', '{\"msg\":\"操作成功\",\"code\":200}', 0, NULL, '2023-07-10 21:47:07', 13);
INSERT INTO `sys_oper_log` VALUES (424, '班级管理', 1, 'com.ruoyi.niuyabo.controller.MetaclassController.add()', 'POST', 1, 'admin', NULL, '/niuyabo/metaclass', '127.0.0.1', '内网IP', '{\"courseclassMetaclassList\":[{\"courseclassId\":327690,\"metaclassId\":4103,\"params\":{}}],\"createTime\":\"2023-07-10 21:48:04\",\"deptId\":101,\"grade\":\"2\",\"meataclassId\":4103,\"metaclassName\":\"软件工程4班\",\"metaclassNo\":\"20231005\",\"params\":{}}', '{\"msg\":\"操作成功\",\"code\":200}', 0, NULL, '2023-07-10 21:48:04', 11);
INSERT INTO `sys_oper_log` VALUES (425, '班级管理', 2, 'com.ruoyi.niuyabo.controller.MetaclassController.edit()', 'PUT', 1, 'admin', NULL, '/niuyabo/metaclass', '127.0.0.1', '内网IP', '{\"courseclassMetaclassList\":[],\"createTime\":\"2023-07-10 21:48:04\",\"delFlag\":\"0\",\"dept\":{\"children\":[],\"deptId\":101,\"params\":{}},\"deptId\":101,\"grade\":\"2\",\"meataclassId\":4103,\"metaclassName\":\"软件工程4班\",\"metaclassNo\":\"20231005\",\"params\":{},\"status\":\"0\",\"updateTime\":\"2023-07-10 21:48:13\"}', '{\"msg\":\"操作成功\",\"code\":200}', 0, NULL, '2023-07-10 21:48:13', 11);
INSERT INTO `sys_oper_log` VALUES (426, '班级管理', 2, 'com.ruoyi.niuyabo.controller.MetaclassController.edit()', 'PUT', 1, 'admin', NULL, '/niuyabo/metaclass', '127.0.0.1', '内网IP', '{\"courseclassMetaclassList\":[{\"courseclassId\":327690,\"metaclassId\":4103,\"params\":{}}],\"createTime\":\"2023-07-10 21:48:04\",\"delFlag\":\"0\",\"dept\":{\"children\":[],\"deptId\":101,\"params\":{}},\"deptId\":101,\"grade\":\"2\",\"meataclassId\":4103,\"metaclassName\":\"软件工程4班\",\"metaclassNo\":\"20231005\",\"params\":{},\"status\":\"0\",\"updateTime\":\"2023-07-10 21:48:29\"}', '{\"msg\":\"操作成功\",\"code\":200}', 0, NULL, '2023-07-10 21:48:29', 13);
INSERT INTO `sys_oper_log` VALUES (427, '班级管理', 2, 'com.ruoyi.niuyabo.controller.MetaclassController.edit()', 'PUT', 1, 'admin', NULL, '/niuyabo/metaclass', '127.0.0.1', '内网IP', '{\"courseclassMetaclassList\":[{\"courseclassId\":327688,\"metaclassId\":4099,\"params\":{}},{\"courseclassId\":327690,\"metaclassId\":4099,\"params\":{}}],\"createTime\":\"2023-07-07 08:03:44\",\"delFlag\":\"1\",\"dept\":{\"children\":[],\"deptId\":101,\"params\":{}},\"deptId\":101,\"grade\":\"3\",\"meataclassId\":4099,\"metaclassName\":\"软件工程1班\",\"metaclassNo\":\"20233001\",\"params\":{},\"status\":\"0\",\"updateTime\":\"2023-07-10 21:48:42\"}', '{\"msg\":\"操作成功\",\"code\":200}', 0, NULL, '2023-07-10 21:48:42', 16);
INSERT INTO `sys_oper_log` VALUES (428, '班级管理', 2, 'com.ruoyi.niuyabo.controller.MetaclassController.edit()', 'PUT', 1, 'admin', NULL, '/niuyabo/metaclass', '127.0.0.1', '内网IP', '{\"courseclassMetaclassList\":[{\"courseclassId\":327690,\"metaclassId\":4100,\"params\":{}},{\"courseclassId\":327688,\"metaclassId\":4100,\"params\":{}}],\"createTime\":\"2023-07-08 11:53:18\",\"delFlag\":\"0\",\"dept\":{\"children\":[],\"deptId\":101,\"params\":{}},\"deptId\":101,\"grade\":\"3\",\"meataclassId\":4100,\"metaclassName\":\"软件工程2班\",\"metaclassNo\":\"20233002\",\"params\":{},\"status\":\"0\",\"updateTime\":\"2023-07-10 21:51:55\"}', '{\"msg\":\"操作成功\",\"code\":200}', 0, NULL, '2023-07-10 21:51:55', 6);
INSERT INTO `sys_oper_log` VALUES (429, '班级管理', 2, 'com.ruoyi.niuyabo.controller.MetaclassController.edit()', 'PUT', 1, 'admin', NULL, '/niuyabo/metaclass', '127.0.0.1', '内网IP', '{\"courseclassMetaclassList\":[{\"courseclassId\":327690,\"metaclassId\":4099,\"params\":{}},{\"courseclassId\":327690,\"metaclassId\":4099,\"params\":{}}],\"createTime\":\"2023-07-07 08:03:44\",\"delFlag\":\"1\",\"dept\":{\"children\":[],\"deptId\":101,\"params\":{}},\"deptId\":101,\"grade\":\"3\",\"meataclassId\":4099,\"metaclassName\":\"软件工程1班\",\"metaclassNo\":\"20233001\",\"params\":{},\"status\":\"0\",\"updateTime\":\"2023-07-10 21:55:23\"}', NULL, 1, '\r\n### Error updating database.  Cause: java.sql.SQLIntegrityConstraintViolationException: Duplicate entry \'327690-4099\' for key \'PRIMARY\'\r\n### The error may exist in file [E:\\2023\\若依源代码学习\\RuoYi-Vue-master\\education\\ruoyi-system\\target\\classes\\mapper\\niuyabo\\MetaclassMapper.xml]\r\n### The error may involve defaultParameterMap\r\n### The error occurred while setting parameters\r\n### SQL: insert into courseclass_metaclass( courseclass_id, metaclass_id) values                        ( ?, ?)          ,              ( ?, ?)\r\n### Cause: java.sql.SQLIntegrityConstraintViolationException: Duplicate entry \'327690-4099\' for key \'PRIMARY\'\n; Duplicate entry \'327690-4099\' for key \'PRIMARY\'; nested exception is java.sql.SQLIntegrityConstraintViolationException: Duplicate entry \'327690-4099\' for key \'PRIMARY\'', '2023-07-10 21:55:23', 13);
INSERT INTO `sys_oper_log` VALUES (430, '班级管理', 2, 'com.ruoyi.niuyabo.controller.MetaclassController.edit()', 'PUT', 1, 'admin', NULL, '/niuyabo/metaclass', '127.0.0.1', '内网IP', '{\"courseclassMetaclassList\":[{\"courseclassId\":327688,\"metaclassId\":4099,\"params\":{}},{\"courseclassId\":327690,\"metaclassId\":4099,\"params\":{}}],\"createTime\":\"2023-07-07 08:03:44\",\"delFlag\":\"1\",\"dept\":{\"children\":[],\"deptId\":101,\"params\":{}},\"deptId\":101,\"grade\":\"3\",\"meataclassId\":4099,\"metaclassName\":\"软件工程1班\",\"metaclassNo\":\"20233001\",\"params\":{},\"status\":\"0\",\"updateTime\":\"2023-07-10 21:55:33\"}', '{\"msg\":\"操作成功\",\"code\":200}', 0, NULL, '2023-07-10 21:55:33', 12);
INSERT INTO `sys_oper_log` VALUES (431, '菜单管理', 2, 'com.ruoyi.web.controller.system.SysMenuController.edit()', 'PUT', 1, 'admin', NULL, '/system/menu', '127.0.0.1', '内网IP', '{\"children\":[],\"component\":\"niuyabo/CourseclassMetaclass/index\",\"createTime\":\"2023-07-10 10:32:30\",\"icon\":\"#\",\"isCache\":\"0\",\"isFrame\":\"1\",\"menuId\":2057,\"menuName\":\"行政班级上课\",\"menuType\":\"C\",\"orderNum\":8,\"params\":{},\"parentId\":2050,\"path\":\"CourseclassMetaclass\",\"perms\":\"niuyabo:CourseclassMetaclass:list\",\"status\":\"0\",\"updateBy\":\"admin\",\"visible\":\"0\"}', '{\"msg\":\"操作成功\",\"code\":200}', 0, NULL, '2023-07-10 22:04:02', 19);
INSERT INTO `sys_oper_log` VALUES (432, '班级管理', 2, 'com.ruoyi.niuyabo.controller.MetaclassController.edit()', 'PUT', 1, 'admin', NULL, '/niuyabo/metaclass', '127.0.0.1', '内网IP', '{\"courseclassMetaclassList\":[{\"courseclassId\":327688,\"metaclassId\":4099,\"params\":{}},{\"courseclassId\":327690,\"metaclassId\":4099,\"params\":{}},{\"metaclassId\":4099,\"params\":{}},{\"metaclassId\":4099,\"params\":{}},{\"metaclassId\":4099,\"params\":{}},{\"metaclassId\":4099,\"params\":{}}],\"createTime\":\"2023-07-07 08:03:44\",\"delFlag\":\"1\",\"dept\":{\"children\":[],\"deptId\":101,\"params\":{}},\"deptId\":101,\"grade\":\"3\",\"meataclassId\":4099,\"metaclassName\":\"软件工程1班\",\"metaclassNo\":\"20233001\",\"params\":{},\"status\":\"0\",\"updateTime\":\"2023-07-10 22:13:05\"}', NULL, 1, '\r\n### Error updating database.  Cause: java.sql.SQLIntegrityConstraintViolationException: Column \'courseclass_id\' cannot be null\r\n### The error may exist in file [E:\\2023\\若依源代码学习\\RuoYi-Vue-master\\education\\ruoyi-system\\target\\classes\\mapper\\niuyabo\\MetaclassMapper.xml]\r\n### The error may involve defaultParameterMap\r\n### The error occurred while setting parameters\r\n### SQL: insert into courseclass_metaclass( courseclass_id, metaclass_id) values                        ( ?, ?)          ,              ( ?, ?)          ,              ( ?, ?)          ,              ( ?, ?)          ,              ( ?, ?)          ,              ( ?, ?)\r\n### Cause: java.sql.SQLIntegrityConstraintViolationException: Column \'courseclass_id\' cannot be null\n; Column \'courseclass_id\' cannot be null; nested exception is java.sql.SQLIntegrityConstraintViolationException: Column \'courseclass_id\' cannot be null', '2023-07-10 22:13:05', 49);
INSERT INTO `sys_oper_log` VALUES (433, '班级管理', 2, 'com.ruoyi.niuyabo.controller.MetaclassController.edit()', 'PUT', 1, 'admin', NULL, '/niuyabo/metaclass', '127.0.0.1', '内网IP', '{\"courseclassMetaclassList\":[{\"courseclassId\":327688,\"metaclassId\":4099,\"params\":{}}],\"createTime\":\"2023-07-07 08:03:44\",\"delFlag\":\"1\",\"dept\":{\"children\":[],\"deptId\":101,\"params\":{}},\"deptId\":101,\"grade\":\"3\",\"meataclassId\":4099,\"metaclassName\":\"软件工程1班\",\"metaclassNo\":\"20233001\",\"params\":{},\"status\":\"0\",\"updateTime\":\"2023-07-10 22:13:38\"}', '{\"msg\":\"操作成功\",\"code\":200}', 0, NULL, '2023-07-10 22:13:38', 15);
INSERT INTO `sys_oper_log` VALUES (434, '角色管理', 2, 'com.ruoyi.web.controller.system.SysRoleController.edit()', 'PUT', 1, 'admin', NULL, '/system/role', '127.0.0.1', '内网IP', '{\"admin\":false,\"createTime\":\"2023-07-02 12:44:17\",\"dataScope\":\"4\",\"delFlag\":\"0\",\"deptCheckStrictly\":false,\"flag\":false,\"menuCheckStrictly\":false,\"menuIds\":[1,100,1000,1001,1002,1003,1004,1005,1006,101,1007,1008,1009,1010,1011,102,1012,1013,1014,1015,103,1016,1017,1018,1019,104,1020,1021,1022,1023,1024,105,1025,1026,1027,1028,1029,106,1030,1031,1032,1033,1034,107,1035,1036,1037,1038,108,500,1039,1040,1041,501,1042,1043,1044,1045,2050,2013,2014,2015,2016,2017,2018,2025,2026,2027,2028,2029,2030,2032,2033,2034,2035,2036,2037,2019,2020,2021,2022,2023,2024,2038,2039,2040,2041,2042,2043,2044,2045,2046,2047,2048,2049,2051,2057],\"params\":{},\"roleId\":102,\"roleKey\":\"teacher\",\"roleName\":\"教师\",\"roleSort\":5,\"status\":\"0\",\"updateBy\":\"admin\"}', '{\"msg\":\"操作成功\",\"code\":200}', 0, NULL, '2023-07-11 11:42:54', 23);
INSERT INTO `sys_oper_log` VALUES (435, '用户管理', 4, 'com.ruoyi.web.controller.system.SysUserController.insertAuthRole()', 'PUT', 1, 'admin', NULL, '/system/user/authRole', '127.0.0.1', '内网IP', '{\"roleIds\":\"100\",\"userId\":\"103\"}', '{\"msg\":\"操作成功\",\"code\":200}', 0, NULL, '2023-07-11 11:43:46', 5);
INSERT INTO `sys_oper_log` VALUES (436, '用户管理', 4, 'com.ruoyi.web.controller.system.SysUserController.insertAuthRole()', 'PUT', 1, 'admin', NULL, '/system/user/authRole', '127.0.0.1', '内网IP', '{\"roleIds\":\"101\",\"userId\":\"104\"}', '{\"msg\":\"操作成功\",\"code\":200}', 0, NULL, '2023-07-11 11:43:56', 6);
INSERT INTO `sys_oper_log` VALUES (437, '角色管理', 2, 'com.ruoyi.web.controller.system.SysRoleController.edit()', 'PUT', 1, 'admin', NULL, '/system/role', '127.0.0.1', '内网IP', '{\"admin\":false,\"createTime\":\"2023-07-02 12:42:25\",\"dataScope\":\"4\",\"delFlag\":\"0\",\"deptCheckStrictly\":false,\"flag\":false,\"menuCheckStrictly\":false,\"menuIds\":[1,2050],\"params\":{},\"roleId\":100,\"roleKey\":\"battalion\",\"roleName\":\"学校管理员\",\"roleSort\":3,\"status\":\"0\",\"updateBy\":\"admin\"}', '{\"msg\":\"操作成功\",\"code\":200}', 0, NULL, '2023-07-11 11:44:31', 13);
INSERT INTO `sys_oper_log` VALUES (438, '角色管理', 2, 'com.ruoyi.web.controller.system.SysRoleController.edit()', 'PUT', 1, 'admin', NULL, '/system/role', '127.0.0.1', '内网IP', '{\"admin\":false,\"createTime\":\"2023-07-02 12:43:31\",\"dataScope\":\"3\",\"delFlag\":\"0\",\"deptCheckStrictly\":false,\"flag\":false,\"menuCheckStrictly\":false,\"menuIds\":[1,2050],\"params\":{},\"roleId\":101,\"roleKey\":\"company\",\"roleName\":\"学院管理员\",\"roleSort\":4,\"status\":\"0\",\"updateBy\":\"admin\"}', '{\"msg\":\"操作成功\",\"code\":200}', 0, NULL, '2023-07-11 11:44:39', 16);
INSERT INTO `sys_oper_log` VALUES (439, '角色管理', 2, 'com.ruoyi.web.controller.system.SysRoleController.edit()', 'PUT', 1, 'admin', NULL, '/system/role', '127.0.0.1', '内网IP', '{\"admin\":false,\"createTime\":\"2023-07-02 12:42:25\",\"dataScope\":\"4\",\"delFlag\":\"0\",\"deptCheckStrictly\":false,\"flag\":false,\"menuCheckStrictly\":false,\"menuIds\":[2050,2013,2025,2032,2019,2038,2044,2051,2057],\"params\":{},\"roleId\":100,\"roleKey\":\"battalion\",\"roleName\":\"学校管理员\",\"roleSort\":3,\"status\":\"0\",\"updateBy\":\"admin\"}', '{\"msg\":\"操作成功\",\"code\":200}', 0, NULL, '2023-07-11 11:45:05', 13);
INSERT INTO `sys_oper_log` VALUES (440, '角色管理', 2, 'com.ruoyi.web.controller.system.SysRoleController.edit()', 'PUT', 1, 'admin', NULL, '/system/role', '127.0.0.1', '内网IP', '{\"admin\":false,\"createTime\":\"2023-07-02 12:42:25\",\"dataScope\":\"4\",\"delFlag\":\"0\",\"deptCheckStrictly\":false,\"flag\":false,\"menuCheckStrictly\":false,\"menuIds\":[1,100,101,102,103,104,105,2050,2013,2025,2032,2019,2038,2044,2051,2057],\"params\":{},\"roleId\":100,\"roleKey\":\"battalion\",\"roleName\":\"学校管理员\",\"roleSort\":3,\"status\":\"0\",\"updateBy\":\"admin\"}', '{\"msg\":\"操作成功\",\"code\":200}', 0, NULL, '2023-07-11 11:45:24', 13);
INSERT INTO `sys_oper_log` VALUES (441, '角色管理', 2, 'com.ruoyi.web.controller.system.SysRoleController.edit()', 'PUT', 1, 'admin', NULL, '/system/role', '127.0.0.1', '内网IP', '{\"admin\":false,\"createTime\":\"2023-07-02 12:42:25\",\"dataScope\":\"4\",\"delFlag\":\"0\",\"deptCheckStrictly\":false,\"flag\":false,\"menuCheckStrictly\":false,\"menuIds\":[1,100,101,102,103,104,105,2050,2013,2025,2032,2019,2038,2044,2051,2052,2053,2054,2055,2056,2057,2058,2059,2060,2061,2062],\"params\":{},\"roleId\":100,\"roleKey\":\"battalion\",\"roleName\":\"学校管理员\",\"roleSort\":3,\"status\":\"0\",\"updateBy\":\"admin\"}', '{\"msg\":\"操作成功\",\"code\":200}', 0, NULL, '2023-07-11 11:45:54', 12);
INSERT INTO `sys_oper_log` VALUES (442, '角色管理', 2, 'com.ruoyi.web.controller.system.SysRoleController.edit()', 'PUT', 1, 'admin', NULL, '/system/role', '127.0.0.1', '内网IP', '{\"admin\":false,\"createTime\":\"2023-07-02 12:42:25\",\"dataScope\":\"4\",\"delFlag\":\"0\",\"deptCheckStrictly\":false,\"flag\":false,\"menuCheckStrictly\":false,\"menuIds\":[1,100,101,102,103,104,105,2050,2013,2025,2032,2019,2038,2044,2051,2052,2053,2054,2055,2056,2057,2058,2059,2060,2061,2062],\"params\":{},\"roleId\":100,\"roleKey\":\"battalion\",\"roleName\":\"学校管理员\",\"roleSort\":3,\"status\":\"0\",\"updateBy\":\"admin\"}', '{\"msg\":\"操作成功\",\"code\":200}', 0, NULL, '2023-07-11 11:49:52', 25);
INSERT INTO `sys_oper_log` VALUES (443, '角色管理', 2, 'com.ruoyi.web.controller.system.SysRoleController.edit()', 'PUT', 1, 'admin', NULL, '/system/role', '127.0.0.1', '内网IP', '{\"admin\":false,\"createTime\":\"2023-07-02 12:43:31\",\"dataScope\":\"3\",\"delFlag\":\"0\",\"deptCheckStrictly\":false,\"flag\":false,\"menuCheckStrictly\":false,\"menuIds\":[1,2050,2013,2014,2015,2016,2017,2018,2025,2026,2027,2028,2029,2030,2032,2019,2038,2044,2051,2057],\"params\":{},\"roleId\":101,\"roleKey\":\"company\",\"roleName\":\"学院管理员\",\"roleSort\":4,\"status\":\"0\",\"updateBy\":\"admin\"}', '{\"msg\":\"操作成功\",\"code\":200}', 0, NULL, '2023-07-11 18:05:48', 13);
INSERT INTO `sys_oper_log` VALUES (444, '角色管理', 2, 'com.ruoyi.web.controller.system.SysRoleController.edit()', 'PUT', 1, 'admin', NULL, '/system/role', '127.0.0.1', '内网IP', '{\"admin\":false,\"createTime\":\"2023-07-02 12:43:31\",\"dataScope\":\"3\",\"delFlag\":\"0\",\"deptCheckStrictly\":false,\"flag\":false,\"menuCheckStrictly\":false,\"menuIds\":[1,2050,2013,2014,2015,2016,2017,2018,2025,2026,2027,2028,2029,2030,2032,2033,2034,2035,2036,2037,2019,2020,2021,2022,2023,2024,2038,2039,2040,2041,2042,2043,2044,2045,2046,2047,2048,2049,2051,2052,2053,2054,2055,2056,2057,2058,2059,2060,2061,2062],\"params\":{},\"roleId\":101,\"roleKey\":\"company\",\"roleName\":\"学院管理员\",\"roleSort\":4,\"status\":\"0\",\"updateBy\":\"admin\"}', '{\"msg\":\"操作成功\",\"code\":200}', 0, NULL, '2023-07-11 18:14:51', 11);
INSERT INTO `sys_oper_log` VALUES (445, '行政班级上课', 2, 'com.ruoyi.niuyabo.controller.CourseclassMetaclassController.edit()', 'PUT', 1, '学校管理员', NULL, '/niuyabo/CourseclassMetaclass', '127.0.0.1', '内网IP', '{\"courseclassId\":327688,\"metaclassId\":4103,\"params\":{}}', NULL, 1, '\r\n### Error updating database.  Cause: java.sql.SQLIntegrityConstraintViolationException: Duplicate entry \'327688-4103\' for key \'PRIMARY\'\r\n### The error may exist in file [E:\\2023\\若依源代码学习\\RuoYi-Vue-master\\education\\ruoyi-system\\target\\classes\\mapper\\niuyabo\\CourseclassMetaclassMapper.xml]\r\n### The error may involve com.ruoyi.niuyabo.mapper.CourseclassMetaclassMapper.updateCourseclassMetaclass-Inline\r\n### The error occurred while setting parameters\r\n### SQL: update courseclass_metaclass          SET metaclass_id = ?          where courseclass_id = ?\r\n### Cause: java.sql.SQLIntegrityConstraintViolationException: Duplicate entry \'327688-4103\' for key \'PRIMARY\'\n; Duplicate entry \'327688-4103\' for key \'PRIMARY\'; nested exception is java.sql.SQLIntegrityConstraintViolationException: Duplicate entry \'327688-4103\' for key \'PRIMARY\'', '2023-07-11 18:17:50', 12);
INSERT INTO `sys_oper_log` VALUES (446, '行政班级上课', 2, 'com.ruoyi.niuyabo.controller.CourseclassMetaclassController.edit()', 'PUT', 1, '学校管理员', NULL, '/niuyabo/CourseclassMetaclass', '127.0.0.1', '内网IP', '{\"courseclassId\":327692,\"metaclassId\":4103,\"params\":{}}', '{\"msg\":\"操作成功\",\"code\":200}', 0, NULL, '2023-07-11 18:17:58', 8);
INSERT INTO `sys_oper_log` VALUES (447, '用户管理', 2, 'com.ruoyi.web.controller.system.SysUserController.edit()', 'PUT', 1, 'admin', NULL, '/system/user', '127.0.0.1', '内网IP', '{\"admin\":false,\"avatar\":\"\",\"createBy\":\"admin\",\"createTime\":\"2023-07-08 08:18:42\",\"delFlag\":\"0\",\"dept\":{\"ancestors\":\"0,100\",\"children\":[],\"deptId\":101,\"deptName\":\"计算机与信息工程学院\",\"leader\":\"\",\"orderNum\":1,\"params\":{},\"parentId\":100,\"status\":\"0\"},\"deptId\":101,\"email\":\"\",\"loginDate\":\"2023-07-08 11:57:28\",\"loginIp\":\"127.0.0.1\",\"nickName\":\"计信学院管理员\",\"params\":{},\"phonenumber\":\"\",\"postIds\":[],\"roleIds\":[101],\"roles\":[{\"admin\":false,\"dataScope\":\"3\",\"deptCheckStrictly\":false,\"flag\":false,\"menuCheckStrictly\":false,\"params\":{},\"roleId\":101,\"roleKey\":\"company\",\"roleName\":\"学院管理员\",\"roleSort\":4,\"status\":\"0\"}],\"sex\":\"0\",\"status\":\"0\",\"updateBy\":\"admin\",\"userId\":104,\"userName\":\"学院管理员\"}', '{\"msg\":\"操作成功\",\"code\":200}', 0, NULL, '2023-07-11 18:25:26', 7);
INSERT INTO `sys_oper_log` VALUES (448, '角色管理', 2, 'com.ruoyi.web.controller.system.SysRoleController.dataScope()', 'PUT', 1, 'admin', NULL, '/system/role/dataScope', '127.0.0.1', '内网IP', '{\"admin\":false,\"createTime\":\"2023-07-02 12:43:31\",\"dataScope\":\"4\",\"delFlag\":\"0\",\"deptCheckStrictly\":false,\"deptIds\":[],\"flag\":false,\"menuCheckStrictly\":false,\"params\":{},\"roleId\":101,\"roleKey\":\"company\",\"roleName\":\"学院管理员\",\"roleSort\":4,\"status\":\"0\"}', '{\"msg\":\"操作成功\",\"code\":200}', 0, NULL, '2023-07-11 18:26:49', 9);
INSERT INTO `sys_oper_log` VALUES (449, '角色管理', 2, 'com.ruoyi.web.controller.system.SysRoleController.edit()', 'PUT', 1, 'admin', NULL, '/system/role', '127.0.0.1', '内网IP', '{\"admin\":false,\"createTime\":\"2023-07-02 12:42:25\",\"dataScope\":\"4\",\"delFlag\":\"0\",\"deptCheckStrictly\":false,\"flag\":false,\"menuCheckStrictly\":false,\"menuIds\":[1,100,101,102,103,104,105,2050,2013,2014,2015,2016,2017,2018,2025,2026,2027,2028,2029,2030,2032,2033,2034,2035,2036,2037,2019,2020,2021,2022,2023,2024,2038,2039,2040,2041,2042,2043,2044,2045,2046,2047,2048,2049,2051,2052,2053,2054,2055,2056,2057,2058,2059,2060,2061,2062],\"params\":{},\"roleId\":100,\"roleKey\":\"battalion\",\"roleName\":\"学校管理员\",\"roleSort\":3,\"status\":\"0\",\"updateBy\":\"admin\"}', '{\"msg\":\"操作成功\",\"code\":200}', 0, NULL, '2023-07-11 18:28:05', 15);
INSERT INTO `sys_oper_log` VALUES (450, '用户管理', 2, 'com.ruoyi.web.controller.system.SysUserController.edit()', 'PUT', 1, 'admin', NULL, '/system/user', '127.0.0.1', '内网IP', '{\"admin\":false,\"avatar\":\"\",\"createBy\":\"admin\",\"createTime\":\"2023-07-08 08:18:13\",\"delFlag\":\"0\",\"dept\":{\"ancestors\":\"0\",\"children\":[],\"deptId\":100,\"deptName\":\"新乡学院\",\"leader\":\"\",\"orderNum\":0,\"params\":{},\"parentId\":0,\"status\":\"0\"},\"deptId\":100,\"email\":\"\",\"loginDate\":\"2023-07-11 18:27:04\",\"loginIp\":\"127.0.0.1\",\"nickName\":\"学校管理员\",\"params\":{},\"phonenumber\":\"\",\"postIds\":[],\"roleIds\":[100],\"roles\":[{\"admin\":false,\"dataScope\":\"4\",\"deptCheckStrictly\":false,\"flag\":false,\"menuCheckStrictly\":false,\"params\":{},\"roleId\":100,\"roleKey\":\"battalion\",\"roleName\":\"学校管理员\",\"roleSort\":3,\"status\":\"0\"}],\"sex\":\"0\",\"status\":\"0\",\"updateBy\":\"admin\",\"userId\":103,\"userName\":\"学校管理员\"}', '{\"msg\":\"操作成功\",\"code\":200}', 0, NULL, '2023-07-11 18:41:27', 8);
INSERT INTO `sys_oper_log` VALUES (451, '角色管理', 2, 'com.ruoyi.web.controller.system.SysRoleController.dataScope()', 'PUT', 1, 'admin', NULL, '/system/role/dataScope', '127.0.0.1', '内网IP', '{\"admin\":false,\"createTime\":\"2023-07-02 12:42:25\",\"dataScope\":\"2\",\"delFlag\":\"0\",\"deptCheckStrictly\":false,\"deptIds\":[100,101,103,104,105,106,107,102,108,109],\"flag\":false,\"menuCheckStrictly\":false,\"params\":{},\"roleId\":100,\"roleKey\":\"battalion\",\"roleName\":\"学校管理员\",\"roleSort\":3,\"status\":\"0\"}', '{\"msg\":\"操作成功\",\"code\":200}', 0, NULL, '2023-07-11 18:44:00', 9);
INSERT INTO `sys_oper_log` VALUES (452, '角色管理', 2, 'com.ruoyi.web.controller.system.SysRoleController.edit()', 'PUT', 1, 'admin', NULL, '/system/role', '127.0.0.1', '内网IP', '{\"admin\":false,\"createTime\":\"2023-07-02 12:42:25\",\"dataScope\":\"2\",\"delFlag\":\"0\",\"deptCheckStrictly\":false,\"flag\":false,\"menuCheckStrictly\":false,\"menuIds\":[1,100,1000,1001,1002,1003,1004,1005,1006,101,102,103,104,105,2050,2013,2014,2015,2016,2017,2018,2025,2026,2027,2028,2029,2030,2032,2033,2034,2035,2036,2037,2019,2020,2021,2022,2023,2024,2038,2039,2040,2041,2042,2043,2044,2045,2046,2047,2048,2049,2051,2052,2053,2054,2055,2056,2057,2058,2059,2060,2061,2062],\"params\":{},\"roleId\":100,\"roleKey\":\"battalion\",\"roleName\":\"学校管理员\",\"roleSort\":3,\"status\":\"0\",\"updateBy\":\"admin\"}', '{\"msg\":\"操作成功\",\"code\":200}', 0, NULL, '2023-07-11 18:44:33', 10);
INSERT INTO `sys_oper_log` VALUES (453, '角色管理', 2, 'com.ruoyi.web.controller.system.SysRoleController.dataScope()', 'PUT', 1, 'admin', NULL, '/system/role/dataScope', '127.0.0.1', '内网IP', '{\"admin\":false,\"createTime\":\"2023-07-02 12:43:31\",\"dataScope\":\"4\",\"delFlag\":\"0\",\"deptCheckStrictly\":false,\"deptIds\":[],\"flag\":false,\"menuCheckStrictly\":false,\"params\":{},\"roleId\":101,\"roleKey\":\"company\",\"roleName\":\"学院管理员\",\"roleSort\":4,\"status\":\"0\"}', '{\"msg\":\"操作成功\",\"code\":200}', 0, NULL, '2023-07-11 18:45:00', 8);
INSERT INTO `sys_oper_log` VALUES (454, '角色管理', 2, 'com.ruoyi.web.controller.system.SysRoleController.edit()', 'PUT', 1, 'admin', NULL, '/system/role', '127.0.0.1', '内网IP', '{\"admin\":false,\"createTime\":\"2023-07-02 12:42:25\",\"dataScope\":\"2\",\"delFlag\":\"0\",\"deptCheckStrictly\":false,\"flag\":false,\"menuCheckStrictly\":false,\"menuIds\":[1,100,1000,1001,1002,1003,1004,1005,1006,101,1007,1008,1009,1010,1011,102,103,104,105,2050,2013,2014,2015,2016,2017,2018,2025,2026,2027,2028,2029,2030,2032,2033,2034,2035,2036,2037,2019,2020,2021,2022,2023,2024,2038,2039,2040,2041,2042,2043,2044,2045,2046,2047,2048,2049,2051,2052,2053,2054,2055,2056,2057,2058,2059,2060,2061,2062],\"params\":{},\"roleId\":100,\"roleKey\":\"battalion\",\"roleName\":\"学校管理员\",\"roleSort\":3,\"status\":\"0\",\"updateBy\":\"admin\"}', '{\"msg\":\"操作成功\",\"code\":200}', 0, NULL, '2023-07-11 18:47:59', 19);
INSERT INTO `sys_oper_log` VALUES (455, '角色管理', 2, 'com.ruoyi.web.controller.system.SysRoleController.dataScope()', 'PUT', 1, 'admin', NULL, '/system/role/dataScope', '127.0.0.1', '内网IP', '{\"admin\":false,\"createTime\":\"2023-07-02 12:42:25\",\"dataScope\":\"4\",\"delFlag\":\"0\",\"deptCheckStrictly\":false,\"deptIds\":[],\"flag\":false,\"menuCheckStrictly\":false,\"params\":{},\"roleId\":100,\"roleKey\":\"battalion\",\"roleName\":\"学校管理员\",\"roleSort\":3,\"status\":\"0\"}', '{\"msg\":\"操作成功\",\"code\":200}', 0, NULL, '2023-07-11 18:49:25', 13);
INSERT INTO `sys_oper_log` VALUES (456, '角色管理', 2, 'com.ruoyi.web.controller.system.SysRoleController.edit()', 'PUT', 1, 'admin', NULL, '/system/role', '127.0.0.1', '内网IP', '{\"admin\":false,\"createTime\":\"2023-07-02 12:42:25\",\"dataScope\":\"4\",\"delFlag\":\"0\",\"deptCheckStrictly\":false,\"flag\":false,\"menuCheckStrictly\":false,\"menuIds\":[1,100,1000,1001,1002,1003,1004,1005,1006,101,1007,1008,1009,1010,1011,103,1016,1017,1018,1019,104,1020,1021,1022,1023,1024,107,1035,1036,1037,1038,108,500,1039,1040,1041,501,1042,1043,1044,1045,2050,2013,2014,2015,2016,2017,2018,2025,2026,2027,2028,2029,2030,2032,2033,2034,2035,2036,2037,2019,2020,2021,2022,2023,2024,2038,2039,2040,2041,2042,2043,2044,2045,2046,2047,2048,2049,2051,2052,2053,2054,2055,2056,2057,2058,2059,2060,2061,2062,2,109,1046,1047,1048,112,113],\"params\":{},\"roleId\":100,\"roleKey\":\"battalion\",\"roleName\":\"学校管理员\",\"roleSort\":3,\"status\":\"0\",\"updateBy\":\"admin\"}', '{\"msg\":\"操作成功\",\"code\":200}', 0, NULL, '2023-07-11 18:54:46', 12);
INSERT INTO `sys_oper_log` VALUES (457, '角色管理', 2, 'com.ruoyi.web.controller.system.SysRoleController.edit()', 'PUT', 1, 'admin', NULL, '/system/role', '127.0.0.1', '内网IP', '{\"admin\":false,\"createTime\":\"2023-07-02 12:42:25\",\"dataScope\":\"4\",\"delFlag\":\"0\",\"deptCheckStrictly\":false,\"flag\":false,\"menuCheckStrictly\":false,\"menuIds\":[1,100,1000,1001,1002,1003,1004,1005,1006,101,1007,1008,1009,1010,1011,103,1016,1017,1018,1019,104,1020,1021,1022,1023,1024,107,1035,1036,1037,1038,108,500,1039,1041,501,1042,1044,1045,2050,2013,2014,2015,2016,2017,2018,2025,2026,2027,2028,2029,2030,2032,2033,2034,2035,2036,2037,2019,2020,2021,2022,2023,2024,2038,2039,2040,2041,2042,2043,2044,2045,2046,2047,2048,2049,2051,2052,2053,2054,2055,2056,2057,2058,2059,2060,2061,2062,2,109,1046,1047,1048,112,113],\"params\":{},\"roleId\":100,\"roleKey\":\"battalion\",\"roleName\":\"学校管理员\",\"roleSort\":3,\"status\":\"0\",\"updateBy\":\"admin\"}', '{\"msg\":\"操作成功\",\"code\":200}', 0, NULL, '2023-07-11 18:56:55', 10);
INSERT INTO `sys_oper_log` VALUES (458, '用户管理', 1, 'com.ruoyi.web.controller.system.SysUserController.add()', 'POST', 1, '学校管理员', NULL, '/system/user', '127.0.0.1', '内网IP', '{\"admin\":false,\"createBy\":\"学校管理员\",\"deptId\":102,\"nickName\":\"药学院教师二\",\"params\":{},\"postIds\":[],\"roleIds\":[102],\"sex\":\"0\",\"status\":\"0\",\"userId\":107,\"userName\":\"药学院教师二\"}', '{\"msg\":\"操作成功\",\"code\":200}', 0, NULL, '2023-07-11 18:58:06', 80);
INSERT INTO `sys_oper_log` VALUES (459, '课程管理', 2, 'com.ruoyi.niuyabo.controller.CourseController.edit()', 'PUT', 1, '学校管理员', NULL, '/niuyabo/course', '127.0.0.1', '内网IP', '{\"courseId\":54111,\"courseName\":\"药理1\",\"courseNo\":\"3\",\"courseType\":\"\",\"createBy\":\"admin\",\"delFlag\":\"0\",\"dept\":{\"ancestors\":\"0,100\",\"children\":[],\"deptId\":102,\"deptName\":\"药学院\",\"leader\":\"\",\"orderNum\":2,\"params\":{},\"parentId\":100,\"status\":\"0\"},\"deptId\":102,\"params\":{},\"pingshiPercent\":10,\"qimoPercent\":10,\"status\":\"0\",\"updateTime\":\"2023-07-11 18:58:48\"}', '{\"msg\":\"操作成功\",\"code\":200}', 0, NULL, '2023-07-11 18:58:48', 10);
INSERT INTO `sys_oper_log` VALUES (460, '课程管理', 2, 'com.ruoyi.niuyabo.controller.CourseController.edit()', 'PUT', 1, '学校管理员', NULL, '/niuyabo/course', '127.0.0.1', '内网IP', '{\"courseId\":54111,\"courseName\":\"药理1\",\"courseNo\":\"1009\",\"courseType\":\"\",\"createBy\":\"admin\",\"delFlag\":\"0\",\"dept\":{\"ancestors\":\"0,100\",\"children\":[],\"deptId\":102,\"deptName\":\"药学院\",\"leader\":\"\",\"orderNum\":2,\"params\":{},\"parentId\":100,\"status\":\"0\"},\"deptId\":102,\"params\":{},\"pingshiPercent\":10,\"qimoPercent\":10,\"status\":\"0\",\"updateTime\":\"2023-07-11 18:58:54\"}', '{\"msg\":\"操作成功\",\"code\":200}', 0, NULL, '2023-07-11 18:58:54', 11);
INSERT INTO `sys_oper_log` VALUES (461, '课程管理', 2, 'com.ruoyi.niuyabo.controller.CourseController.edit()', 'PUT', 1, '学校管理员', NULL, '/niuyabo/course', '127.0.0.1', '内网IP', '{\"courseId\":54112,\"courseName\":\"药理2\",\"courseNo\":\"1008\",\"courseType\":\"\",\"createBy\":\"admin\",\"delFlag\":\"0\",\"dept\":{\"ancestors\":\"0,100\",\"children\":[],\"deptId\":102,\"deptName\":\"药学院\",\"leader\":\"\",\"orderNum\":2,\"params\":{},\"parentId\":100,\"status\":\"0\"},\"deptId\":102,\"params\":{},\"pingshiPercent\":10,\"qimoPercent\":10,\"status\":\"0\",\"updateTime\":\"2023-07-11 18:59:03\"}', '{\"msg\":\"操作成功\",\"code\":200}', 0, NULL, '2023-07-11 18:59:03', 8);
INSERT INTO `sys_oper_log` VALUES (462, '课程管理', 2, 'com.ruoyi.niuyabo.controller.CourseController.edit()', 'PUT', 1, '学校管理员', NULL, '/niuyabo/course', '127.0.0.1', '内网IP', '{\"courseId\":54113,\"courseName\":\"药理3\",\"courseNo\":\"10010\",\"courseType\":\"\",\"createBy\":\"admin\",\"delFlag\":\"0\",\"dept\":{\"ancestors\":\"0,100\",\"children\":[],\"deptId\":102,\"deptName\":\"药学院\",\"leader\":\"\",\"orderNum\":2,\"params\":{},\"parentId\":100,\"status\":\"0\"},\"deptId\":102,\"params\":{},\"pingshiPercent\":10,\"qimoPercent\":10,\"status\":\"0\",\"updateTime\":\"2023-07-11 18:59:12\"}', '{\"msg\":\"操作成功\",\"code\":200}', 0, NULL, '2023-07-11 18:59:12', 9);
INSERT INTO `sys_oper_log` VALUES (463, '课程管理', 2, 'com.ruoyi.niuyabo.controller.CourseController.edit()', 'PUT', 1, '学校管理员', NULL, '/niuyabo/course', '127.0.0.1', '内网IP', '{\"courseId\":54117,\"courseName\":\"药理16\",\"courseNo\":\"54674567\",\"courseType\":\"\",\"createBy\":\"admin\",\"delFlag\":\"0\",\"dept\":{\"ancestors\":\"0,100\",\"children\":[],\"deptId\":102,\"deptName\":\"药学院\",\"leader\":\"\",\"orderNum\":2,\"params\":{},\"parentId\":100,\"status\":\"0\"},\"deptId\":102,\"params\":{},\"pingshiPercent\":10,\"qimoPercent\":10,\"status\":\"0\",\"updateTime\":\"2023-07-11 18:59:20\"}', '{\"msg\":\"操作成功\",\"code\":200}', 0, NULL, '2023-07-11 18:59:20', 9);
INSERT INTO `sys_oper_log` VALUES (464, '课程班级', 1, 'com.ruoyi.niuyabo.controller.CourseclassController.add()', 'POST', 1, '学校管理员', NULL, '/niuyabo/courseclass', '127.0.0.1', '内网IP', '{\"courseId\":54111,\"courseclassId\":327695,\"courseclassNo\":\"9 D-02-0404 1-4\",\"courseclassScore\":\"100\",\"courseclassState\":\"0\",\"createTime\":\"2023-07-11 19:00:23\",\"delFlag\":\"0\",\"params\":{},\"term\":\"3\"}', '{\"msg\":\"操作成功\",\"code\":200}', 0, NULL, '2023-07-11 19:00:23', 9);
INSERT INTO `sys_oper_log` VALUES (465, '班级管理', 2, 'com.ruoyi.niuyabo.controller.MetaclassController.edit()', 'PUT', 1, '学校管理员', NULL, '/niuyabo/metaclass', '127.0.0.1', '内网IP', '{\"courseclassMetaclassList\":[{\"courseclassId\":327695,\"metaclassId\":4101,\"params\":{}}],\"createTime\":\"2023-07-08 11:53:45\",\"delFlag\":\"0\",\"dept\":{\"children\":[],\"deptId\":102,\"params\":{}},\"deptId\":102,\"grade\":\"1\",\"meataclassId\":4101,\"metaclassName\":\"制药工程1班\",\"metaclassNo\":\"20231003\",\"params\":{},\"status\":\"0\",\"updateTime\":\"2023-07-11 19:00:47\"}', '{\"msg\":\"操作成功\",\"code\":200}', 0, NULL, '2023-07-11 19:00:47', 11);
INSERT INTO `sys_oper_log` VALUES (466, '用户管理', 1, 'com.ruoyi.web.controller.system.SysUserController.add()', 'POST', 1, 'admin', NULL, '/system/user', '127.0.0.1', '内网IP', '{\"admin\":false,\"createBy\":\"admin\",\"deptId\":108,\"nickName\":\"小药\",\"params\":{},\"postIds\":[],\"roleIds\":[103],\"sex\":\"0\",\"status\":\"0\",\"userId\":108,\"userName\":\"小药\"}', '{\"msg\":\"操作成功\",\"code\":200}', 0, NULL, '2023-07-11 19:02:20', 77);
INSERT INTO `sys_oper_log` VALUES (467, '学生管理', 1, 'com.ruoyi.niuyabo.controller.StudentController.add()', 'POST', 1, '学校管理员', NULL, '/niuyabo/student', '127.0.0.1', '内网IP', '{\"createTime\":\"2023-07-11 19:02:27\",\"gender\":\"男\",\"grade\":\"3\",\"meataclassId\":4101,\"params\":{},\"realName\":\"小药\",\"studentId\":131081,\"studentNo\":\"20204140294\",\"userId\":108}', '{\"msg\":\"操作成功\",\"code\":200}', 0, NULL, '2023-07-11 19:02:27', 14);
INSERT INTO `sys_oper_log` VALUES (468, '角色管理', 2, 'com.ruoyi.web.controller.system.SysRoleController.edit()', 'PUT', 1, 'admin', NULL, '/system/role', '127.0.0.1', '内网IP', '{\"admin\":false,\"createTime\":\"2023-07-02 12:43:31\",\"dataScope\":\"4\",\"delFlag\":\"0\",\"deptCheckStrictly\":false,\"flag\":false,\"menuCheckStrictly\":false,\"menuIds\":[1,100,1000,1001,1002,1003,1004,1005,1006,103,1016,1017,1018,1019,104,1020,1021,1022,1023,1024,107,1035,1036,1037,1038,108,500,1039,1041,501,1042,1044,1045,2050,2013,2014,2015,2016,2017,2018,2025,2026,2027,2028,2029,2030,2032,2033,2034,2035,2036,2037,2019,2020,2021,2022,2023,2024,2038,2039,2040,2041,2042,2043,2044,2045,2046,2047,2048,2049,2051,2052,2053,2054,2055,2056,2057,2058,2059,2060,2061,2062,2,109,1046],\"params\":{},\"roleId\":101,\"roleKey\":\"company\",\"roleName\":\"学院管理员\",\"roleSort\":4,\"status\":\"0\",\"updateBy\":\"admin\"}', '{\"msg\":\"操作成功\",\"code\":200}', 0, NULL, '2023-07-11 19:07:23', 18);
INSERT INTO `sys_oper_log` VALUES (469, '课程管理', 1, 'com.ruoyi.niuyabo.controller.CourseController.add()', 'POST', 1, '学院管理员', NULL, '/niuyabo/course', '127.0.0.1', '内网IP', '{\"courseId\":54119,\"courseName\":\"计算机网络\",\"courseNo\":\"007\",\"createTime\":\"2023-07-11 19:08:40\",\"deptId\":101,\"params\":{},\"pingshiPercent\":50,\"qimoPercent\":50}', '{\"msg\":\"操作成功\",\"code\":200}', 0, NULL, '2023-07-11 19:08:40', 3);
INSERT INTO `sys_oper_log` VALUES (470, '课程管理', 1, 'com.ruoyi.niuyabo.controller.CourseController.add()', 'POST', 1, '学院管理员', NULL, '/niuyabo/course', '127.0.0.1', '内网IP', '{\"courseId\":54120,\"courseName\":\"1313\",\"courseNo\":\"1313\",\"createTime\":\"2023-07-11 19:09:02\",\"deptId\":101,\"params\":{},\"pingshiPercent\":13,\"qimoPercent\":13}', '{\"msg\":\"操作成功\",\"code\":200}', 0, NULL, '2023-07-11 19:09:02', 12);
INSERT INTO `sys_oper_log` VALUES (471, '课程管理', 3, 'com.ruoyi.niuyabo.controller.CourseController.remove()', 'DELETE', 1, '学院管理员', NULL, '/niuyabo/course/54120', '127.0.0.1', '内网IP', '{}', '{\"msg\":\"操作成功\",\"code\":200}', 0, NULL, '2023-07-11 19:09:06', 4);
INSERT INTO `sys_oper_log` VALUES (472, '班级管理', 1, 'com.ruoyi.niuyabo.controller.MetaclassController.add()', 'POST', 1, '学院管理员', NULL, '/niuyabo/metaclass', '127.0.0.1', '内网IP', '{\"courseclassMetaclassList\":[{\"courseclassId\":327695,\"metaclassId\":4104,\"params\":{}}],\"createTime\":\"2023-07-11 19:09:25\",\"meataclassId\":4104,\"params\":{}}', '{\"msg\":\"操作成功\",\"code\":200}', 0, NULL, '2023-07-11 19:09:25', 11);
INSERT INTO `sys_oper_log` VALUES (473, '行政班级上课', 2, 'com.ruoyi.niuyabo.controller.CourseclassMetaclassController.edit()', 'PUT', 1, '学院管理员', NULL, '/niuyabo/CourseclassMetaclass', '127.0.0.1', '内网IP', '{\"courseclassId\":327688,\"metaclassId\":4103,\"params\":{}}', NULL, 1, '\r\n### Error updating database.  Cause: java.sql.SQLIntegrityConstraintViolationException: Duplicate entry \'327688-4103\' for key \'PRIMARY\'\r\n### The error may exist in file [E:\\2023\\若依源代码学习\\RuoYi-Vue-master\\education\\ruoyi-system\\target\\classes\\mapper\\niuyabo\\CourseclassMetaclassMapper.xml]\r\n### The error may involve com.ruoyi.niuyabo.mapper.CourseclassMetaclassMapper.updateCourseclassMetaclass-Inline\r\n### The error occurred while setting parameters\r\n### SQL: update courseclass_metaclass          SET metaclass_id = ?          where courseclass_id = ?\r\n### Cause: java.sql.SQLIntegrityConstraintViolationException: Duplicate entry \'327688-4103\' for key \'PRIMARY\'\n; Duplicate entry \'327688-4103\' for key \'PRIMARY\'; nested exception is java.sql.SQLIntegrityConstraintViolationException: Duplicate entry \'327688-4103\' for key \'PRIMARY\'', '2023-07-11 19:12:18', 8);
INSERT INTO `sys_oper_log` VALUES (474, '行政班级上课', 3, 'com.ruoyi.niuyabo.controller.CourseclassMetaclassController.remove()', 'DELETE', 1, '学院管理员', NULL, '/niuyabo/CourseclassMetaclass/327695', '127.0.0.1', '内网IP', '{}', '{\"msg\":\"操作成功\",\"code\":200}', 0, NULL, '2023-07-11 19:12:24', 2);
INSERT INTO `sys_oper_log` VALUES (475, '行政班级上课', 2, 'com.ruoyi.niuyabo.controller.CourseclassMetaclassController.edit()', 'PUT', 1, '学院管理员', NULL, '/niuyabo/CourseclassMetaclass', '127.0.0.1', '内网IP', '{\"courseclassId\":327694,\"metaclassId\":4103,\"params\":{}}', '{\"msg\":\"操作成功\",\"code\":200}', 0, NULL, '2023-07-11 19:12:38', 7);
INSERT INTO `sys_oper_log` VALUES (476, '行政班级上课', 2, 'com.ruoyi.niuyabo.controller.CourseclassMetaclassController.edit()', 'PUT', 1, '学院管理员', NULL, '/niuyabo/CourseclassMetaclass', '127.0.0.1', '内网IP', '{\"courseclass\":{\"course\":{\"courseId\":54108,\"courseName\":\"HTML\",\"params\":{}},\"courseId\":54108,\"courseclassId\":327694,\"courseclassNo\":\"6 A-12-0403 1-4\",\"params\":{}},\"courseclassId\":327695,\"metaclass\":{\"metaclassName\":\"软件工程4班\",\"params\":{}},\"metaclassId\":4103,\"params\":{}}', '{\"msg\":\"操作成功\",\"code\":200}', 0, NULL, '2023-07-11 19:13:08', 4);
INSERT INTO `sys_oper_log` VALUES (477, '通知公告', 1, 'com.ruoyi.web.controller.system.SysNoticeController.add()', 'POST', 1, 'admin', NULL, '/system/notice', '127.0.0.1', '内网IP', '{\"createBy\":\"admin\",\"noticeContent\":\"<p>权限bug：查看学生权限问题，行政班级上课权限问题。</p>\",\"noticeTitle\":\"bug\",\"noticeType\":\"1\",\"params\":{},\"status\":\"0\"}', '{\"msg\":\"操作成功\",\"code\":200}', 0, NULL, '2023-07-11 19:15:34', 6);
INSERT INTO `sys_oper_log` VALUES (478, '通知公告', 2, 'com.ruoyi.web.controller.system.SysNoticeController.edit()', 'PUT', 1, 'admin', NULL, '/system/notice', '127.0.0.1', '内网IP', '{\"createBy\":\"admin\",\"createTime\":\"2023-07-11 19:15:34\",\"noticeContent\":\"<p><br></p>\",\"noticeId\":10,\"noticeTitle\":\"权限bug：查看学生权限问题，行政班级上课权限问题。\",\"noticeType\":\"1\",\"params\":{},\"status\":\"0\",\"updateBy\":\"admin\"}', '{\"msg\":\"操作成功\",\"code\":200}', 0, NULL, '2023-07-11 19:15:46', 3);
INSERT INTO `sys_oper_log` VALUES (479, '角色管理', 2, 'com.ruoyi.web.controller.system.SysRoleController.edit()', 'PUT', 1, 'admin', NULL, '/system/role', '127.0.0.1', '内网IP', '{\"admin\":false,\"createTime\":\"2023-07-02 12:44:17\",\"dataScope\":\"4\",\"delFlag\":\"0\",\"deptCheckStrictly\":false,\"flag\":false,\"menuCheckStrictly\":false,\"menuIds\":[1,100,1000,1004,1007,1008,1009,1010,1011,1012,1013,1014,1015,1016,1017,1018,1019,1020,1021,1022,1023,1024,1025,1026,1027,1028,1029,1030,1031,1032,1033,1034,1035,1036,1037,1038,500,1039,1040,1041,501,1042,1043,1044,1045,2050,2013,2014,2015,2016,2017,2018,2025,2026,2027,2028,2029,2030,2032,2033,2034,2035,2036,2037,2019,2020,2021,2022,2023,2024,2038,2039,2040,2041,2042,2043,2044,2045,2046,2047,2048,2049,2051,2052,2053,2054,2055,2056,2057,2058,2059,2060,2061,2062],\"params\":{},\"roleId\":102,\"roleKey\":\"teacher\",\"roleName\":\"教师\",\"roleSort\":5,\"status\":\"0\",\"updateBy\":\"admin\"}', '{\"msg\":\"操作成功\",\"code\":200}', 0, NULL, '2023-07-11 19:19:50', 12);
INSERT INTO `sys_oper_log` VALUES (480, '用户管理', 1, 'com.ruoyi.web.controller.system.SysUserController.add()', 'POST', 1, 'admin', NULL, '/system/user', '127.0.0.1', '内网IP', '{\"admin\":false,\"createBy\":\"admin\",\"deptId\":101,\"nickName\":\"牛牛老师\",\"params\":{},\"postIds\":[],\"roleIds\":[102],\"sex\":\"0\",\"status\":\"0\",\"userId\":109,\"userName\":\"牛牛老师\"}', '{\"msg\":\"操作成功\",\"code\":200}', 0, NULL, '2023-07-11 20:28:18', 83);
INSERT INTO `sys_oper_log` VALUES (481, '教师管理', 1, 'com.ruoyi.niuyabo.controller.TeacherController.add()', 'POST', 1, 'admin', NULL, '/niuyabo/teacher', '127.0.0.1', '内网IP', '{\"academicTitle\":\"高级\",\"createTime\":\"2023-07-11 20:30:42\",\"gender\":\"男\",\"internal\":\"1\",\"params\":{},\"realName\":\"牛亚博\",\"teacherId\":3743}', '{\"msg\":\"操作成功\",\"code\":200}', 0, NULL, '2023-07-11 20:30:42', 6);
INSERT INTO `sys_oper_log` VALUES (482, '教师管理', 2, 'com.ruoyi.niuyabo.controller.TeacherController.edit()', 'PUT', 1, 'admin', NULL, '/niuyabo/teacher', '127.0.0.1', '内网IP', '{\"academicTitle\":\"高级\",\"createTime\":\"2023-07-11 20:30:42\",\"delFlag\":\"0\",\"gender\":\"男\",\"internal\":\"1\",\"params\":{},\"realName\":\"牛亚博\",\"status\":\"0\",\"teacherId\":3743,\"teacherNo\":\"100105\",\"updateTime\":\"2023-07-11 20:31:25\"}', '{\"msg\":\"操作成功\",\"code\":200}', 0, NULL, '2023-07-11 20:31:25', 11);
INSERT INTO `sys_oper_log` VALUES (483, '教师管理', 2, 'com.ruoyi.niuyabo.controller.TeacherController.edit()', 'PUT', 1, 'admin', NULL, '/niuyabo/teacher', '127.0.0.1', '内网IP', '{\"academicTitle\":\"高级\",\"createTime\":\"2023-07-11 20:30:42\",\"delFlag\":\"0\",\"deptId\":101,\"gender\":\"男\",\"internal\":\"1\",\"params\":{},\"realName\":\"牛亚博\",\"status\":\"0\",\"teacherId\":3743,\"teacherNo\":\"100105\",\"updateTime\":\"2023-07-11 20:32:03\"}', '{\"msg\":\"操作成功\",\"code\":200}', 0, NULL, '2023-07-11 20:32:03', 8);
INSERT INTO `sys_oper_log` VALUES (484, '角色管理', 2, 'com.ruoyi.web.controller.system.SysRoleController.edit()', 'PUT', 1, 'admin', NULL, '/system/role', '127.0.0.1', '内网IP', '{\"admin\":false,\"createTime\":\"2023-07-02 12:43:31\",\"dataScope\":\"4\",\"delFlag\":\"0\",\"deptCheckStrictly\":false,\"flag\":false,\"menuCheckStrictly\":false,\"menuIds\":[1,100,1000,1001,1002,1003,1004,1005,1006,101,1007,103,1016,1017,1018,1019,104,1020,1021,1022,1023,1024,107,1035,1036,1037,1038,108,500,1039,1041,501,1042,1044,1045,2050,2013,2014,2015,2016,2017,2018,2025,2026,2027,2028,2029,2030,2032,2033,2034,2035,2036,2037,2019,2020,2021,2022,2023,2024,2038,2039,2040,2041,2042,2043,2044,2045,2046,2047,2048,2049,2051,2052,2053,2054,2055,2056,2057,2058,2059,2060,2061,2062,2,109,1046],\"params\":{},\"roleId\":101,\"roleKey\":\"company\",\"roleName\":\"学院管理员\",\"roleSort\":4,\"status\":\"0\",\"updateBy\":\"admin\"}', '{\"msg\":\"操作成功\",\"code\":200}', 0, NULL, '2023-07-11 21:02:52', 17);
INSERT INTO `sys_oper_log` VALUES (485, '教师管理', 2, 'com.ruoyi.niuyabo.controller.TeacherController.edit()', 'PUT', 1, 'admin', NULL, '/niuyabo/teacher', '127.0.0.1', '内网IP', '{\"academicTitle\":\"高级\",\"createTime\":\"2023-07-05 12:19:46\",\"delFlag\":\"0\",\"dept\":{\"ancestors\":\"0,100\",\"children\":[],\"deptId\":101,\"deptName\":\"计算机与信息工程学院\",\"leader\":\"\",\"orderNum\":1,\"params\":{},\"parentId\":100,\"status\":\"0\"},\"deptId\":101,\"evaluateScore\":\"100\",\"evaluateState\":\"0\",\"gender\":\"男\",\"internal\":\"0\",\"params\":{},\"realName\":\"牛**\",\"status\":\"0\",\"teacherId\":3738,\"teacherNo\":\"100102\",\"updateTime\":\"2023-07-11 21:03:35\",\"userId\":105}', '{\"msg\":\"操作成功\",\"code\":200}', 0, NULL, '2023-07-11 21:03:35', 7);
INSERT INTO `sys_oper_log` VALUES (486, '教师管理', 2, 'com.ruoyi.niuyabo.controller.TeacherController.edit()', 'PUT', 1, 'admin', NULL, '/niuyabo/teacher', '127.0.0.1', '内网IP', '{\"academicTitle\":\"高级\",\"createTime\":\"2023-07-05 12:19:26\",\"delFlag\":\"0\",\"dept\":{\"ancestors\":\"0\",\"children\":[],\"deptId\":100,\"deptName\":\"新乡学院\",\"leader\":\"\",\"orderNum\":0,\"params\":{},\"parentId\":0,\"status\":\"0\"},\"deptId\":100,\"evaluateScore\":\"100\",\"evaluateState\":\"1\",\"gender\":\"男\",\"internal\":\"1\",\"params\":{},\"realName\":\"刘**\",\"status\":\"0\",\"teacherId\":3737,\"teacherNo\":\"100101\",\"updateTime\":\"2023-07-11 21:03:39\",\"userId\":105}', NULL, 1, '\r\n### Error updating database.  Cause: java.sql.SQLIntegrityConstraintViolationException: Duplicate entry \'105\' for key \'Index_t_user_id\'\r\n### The error may exist in file [E:\\2023\\若依源代码学习\\RuoYi-Vue-master\\education\\ruoyi-system\\target\\classes\\mapper\\niuyabo\\TeacherMapper.xml]\r\n### The error may involve com.ruoyi.niuyabo.mapper.TeacherMapper.updateTeacher-Inline\r\n### The error occurred while setting parameters\r\n### SQL: update teacher          SET dept_id = ?,             status = ?,             del_flag = ?,                          create_time = ?,                          update_time = ?,             teacher_no = ?,             real_name = ?,             gender = ?,             evaluate_score = ?,             evaluate_state = ?,             academic_title = ?,             internal = ?,             user_id = ?          where teacher_id = ?\r\n### Cause: java.sql.SQLIntegrityConstraintViolationException: Duplicate entry \'105\' for key \'Index_t_user_id\'\n; Duplicate entry \'105\' for key \'Index_t_user_id\'; nested exception is java.sql.SQLIntegrityConstraintViolationException: Duplicate entry \'105\' for key \'Index_t_user_id\'', '2023-07-11 21:03:39', 10);
INSERT INTO `sys_oper_log` VALUES (487, '教师管理', 2, 'com.ruoyi.niuyabo.controller.TeacherController.edit()', 'PUT', 1, 'admin', NULL, '/niuyabo/teacher', '127.0.0.1', '内网IP', '{\"academicTitle\":\"高级\",\"createTime\":\"2023-07-05 12:19:26\",\"delFlag\":\"0\",\"dept\":{\"ancestors\":\"0\",\"children\":[],\"deptId\":100,\"deptName\":\"新乡学院\",\"leader\":\"\",\"orderNum\":0,\"params\":{},\"parentId\":0,\"status\":\"0\"},\"deptId\":100,\"evaluateScore\":\"100\",\"evaluateState\":\"1\",\"gender\":\"男\",\"internal\":\"1\",\"params\":{},\"realName\":\"刘**\",\"status\":\"0\",\"teacherId\":3737,\"teacherNo\":\"100101\",\"updateTime\":\"2023-07-11 21:03:50\",\"userId\":109}', '{\"msg\":\"操作成功\",\"code\":200}', 0, NULL, '2023-07-11 21:03:50', 9);
INSERT INTO `sys_oper_log` VALUES (488, '教师管理', 2, 'com.ruoyi.niuyabo.controller.TeacherController.edit()', 'PUT', 1, 'admin', NULL, '/niuyabo/teacher', '127.0.0.1', '内网IP', '{\"academicTitle\":\"中级\",\"createTime\":\"2023-07-05 12:20:27\",\"delFlag\":\"0\",\"dept\":{\"ancestors\":\"0,100,101\",\"children\":[],\"deptId\":103,\"deptName\":\"软件工程一班\",\"leader\":\"\",\"orderNum\":1,\"params\":{},\"parentId\":101,\"status\":\"0\"},\"deptId\":103,\"evaluateScore\":\"100\",\"evaluateState\":\"0\",\"gender\":\"女\",\"internal\":\"1\",\"params\":{},\"realName\":\"李**\",\"status\":\"0\",\"teacherId\":3739,\"teacherNo\":\"100103\",\"updateTime\":\"2023-07-11 21:03:55\",\"userId\":107}', '{\"msg\":\"操作成功\",\"code\":200}', 0, NULL, '2023-07-11 21:03:55', 5);
INSERT INTO `sys_oper_log` VALUES (489, '教师管理', 2, 'com.ruoyi.niuyabo.controller.TeacherController.edit()', 'PUT', 1, 'admin', NULL, '/niuyabo/teacher', '127.0.0.1', '内网IP', '{\"academicTitle\":\"四级\",\"createTime\":\"2023-07-05 13:34:38\",\"delFlag\":\"0\",\"dept\":{\"ancestors\":\"0,100,102\",\"children\":[],\"deptId\":109,\"deptName\":\"制药工程二班\",\"leader\":\"\",\"orderNum\":2,\"params\":{},\"parentId\":102,\"status\":\"0\"},\"deptId\":109,\"evaluateScore\":\"100\",\"evaluateState\":\"0\",\"gender\":\"女\",\"internal\":\"0\",\"params\":{},\"realName\":\"张**\",\"status\":\"0\",\"teacherId\":3740,\"teacherNo\":\"100104\",\"updateTime\":\"2023-07-11 21:04:00\",\"userId\":105}', NULL, 1, '\r\n### Error updating database.  Cause: java.sql.SQLIntegrityConstraintViolationException: Duplicate entry \'105\' for key \'Index_t_user_id\'\r\n### The error may exist in file [E:\\2023\\若依源代码学习\\RuoYi-Vue-master\\education\\ruoyi-system\\target\\classes\\mapper\\niuyabo\\TeacherMapper.xml]\r\n### The error may involve com.ruoyi.niuyabo.mapper.TeacherMapper.updateTeacher-Inline\r\n### The error occurred while setting parameters\r\n### SQL: update teacher          SET dept_id = ?,             status = ?,             del_flag = ?,                          create_time = ?,                          update_time = ?,             teacher_no = ?,             real_name = ?,             gender = ?,             evaluate_score = ?,             evaluate_state = ?,             academic_title = ?,             internal = ?,             user_id = ?          where teacher_id = ?\r\n### Cause: java.sql.SQLIntegrityConstraintViolationException: Duplicate entry \'105\' for key \'Index_t_user_id\'\n; Duplicate entry \'105\' for key \'Index_t_user_id\'; nested exception is java.sql.SQLIntegrityConstraintViolationException: Duplicate entry \'105\' for key \'Index_t_user_id\'', '2023-07-11 21:04:00', 5);
INSERT INTO `sys_oper_log` VALUES (490, '教师管理', 1, 'com.ruoyi.niuyabo.controller.TeacherController.add()', 'POST', 1, 'admin', NULL, '/niuyabo/teacher', '127.0.0.1', '内网IP', '{\"createTime\":\"2023-07-11 21:21:07\",\"params\":{},\"userId\":107}', NULL, 1, '\r\n### Error updating database.  Cause: java.sql.SQLIntegrityConstraintViolationException: Duplicate entry \'107\' for key \'Index_t_user_id\'\r\n### The error may exist in file [E:\\2023\\若依源代码学习\\RuoYi-Vue-master\\education\\ruoyi-system\\target\\classes\\mapper\\niuyabo\\TeacherMapper.xml]\r\n### The error may involve com.ruoyi.niuyabo.mapper.TeacherMapper.insertTeacher-Inline\r\n### The error occurred while setting parameters\r\n### SQL: insert into teacher          ( create_time,                                                                                                                                  user_id )           values ( ?,                                                                                                                                  ? )\r\n### Cause: java.sql.SQLIntegrityConstraintViolationException: Duplicate entry \'107\' for key \'Index_t_user_id\'\n; Duplicate entry \'107\' for key \'Index_t_user_id\'; nested exception is java.sql.SQLIntegrityConstraintViolationException: Duplicate entry \'107\' for key \'Index_t_user_id\'', '2023-07-11 21:21:07', 7);
INSERT INTO `sys_oper_log` VALUES (491, '通知公告', 1, 'com.ruoyi.web.controller.system.SysNoticeController.add()', 'POST', 1, 'admin', NULL, '/system/notice', '127.0.0.1', '内网IP', '{\"createBy\":\"admin\",\"noticeTitle\":\"给教师分配上课班级，给学生分配上课班级，\",\"noticeType\":\"1\",\"params\":{},\"status\":\"0\"}', '{\"msg\":\"操作成功\",\"code\":200}', 0, NULL, '2023-07-11 21:31:36', 10);
INSERT INTO `sys_oper_log` VALUES (492, '代码生成', 2, 'com.ruoyi.generator.controller.GenController.editSave()', 'PUT', 1, 'admin', NULL, '/tool/gen', '127.0.0.1', '内网IP', '{\"businessName\":\"CourseclassTeacher\",\"className\":\"CourseclassTeacher\",\"columns\":[{\"capJavaField\":\"TeacherId\",\"columnComment\":\"教师id\",\"columnId\":141,\"columnName\":\"teacher_id\",\"columnType\":\"int(11)\",\"createBy\":\"admin\",\"createTime\":\"2023-07-07 07:32:54\",\"dictType\":\"\",\"edit\":true,\"htmlType\":\"input\",\"increment\":false,\"insert\":true,\"isEdit\":\"1\",\"isIncrement\":\"0\",\"isInsert\":\"1\",\"isList\":\"1\",\"isPk\":\"1\",\"isQuery\":\"1\",\"javaField\":\"teacherId\",\"javaType\":\"Long\",\"list\":true,\"params\":{},\"pk\":true,\"query\":true,\"queryType\":\"EQ\",\"required\":false,\"sort\":1,\"superColumn\":false,\"tableId\":13,\"updateBy\":\"\",\"updateTime\":\"2023-07-08 10:20:18\",\"usableColumn\":false},{\"capJavaField\":\"CourseclassId\",\"columnComment\":\"上课班级id\",\"columnId\":142,\"columnName\":\"courseclass_id\",\"columnType\":\"int(11)\",\"createBy\":\"admin\",\"createTime\":\"2023-07-07 07:32:54\",\"dictType\":\"\",\"edit\":true,\"htmlType\":\"input\",\"increment\":false,\"insert\":true,\"isEdit\":\"1\",\"isIncrement\":\"0\",\"isInsert\":\"1\",\"isList\":\"1\",\"isPk\":\"1\",\"isQuery\":\"1\",\"javaField\":\"courseclassId\",\"javaType\":\"Long\",\"list\":true,\"params\":{},\"pk\":true,\"query\":true,\"queryType\":\"EQ\",\"required\":false,\"sort\":2,\"superColumn\":false,\"tableId\":13,\"updateBy\":\"\",\"updateTime\":\"2023-07-08 10:20:18\",\"usableColumn\":false},{\"capJavaField\":\"EvaluationScore\",\"columnComment\":\"评价成绩\",\"columnId\":143,\"columnName\":\"evaluation_score\",\"columnType\":\"float\",\"createBy\":\"admin\",\"createTime\":\"2023-07-07 07:32:54\",\"dictType\":\"\",\"edit\":true,\"htmlType\":\"input\",\"increment\":false,\"insert\":true,\"isEdit\":\"1\",\"isIncrement\":\"0\",\"isInsert\":\"1\",\"isList\":\"1\",\"isPk\":\"0\",\"isQuery\":\"1\",\"javaField\":\"evaluationScore\",\"javaType\":\"Long\",\"list\":true,\"params\":{},\"pk\":false,\"query\":true,\"queryType\":\"EQ\",\"required\":false,\"sort\":3,\"superColumn\":false,\"tableId\":13,\"updateBy\":\"\",\"updateTime\":\"2023-07-08 10:20:18\",\"usableColumn\":false}],\"crud\":false,\"functionAuthor\":\"牛亚博\",\"functionName\":\"教师上课\",\"genPath\":\"/\",\"genType\":\"0\",\"moduleName\":\"niuyabo\",\"options\":\"{\\\"parentMenuId\\\":\\\"3\\\"}\",\"packageName\":\"com.ruoyi.niuyabo\",\"params\":', '{\"msg\":\"操作成功\",\"code\":200}', 0, NULL, '2023-07-12 07:07:25', 12);
INSERT INTO `sys_oper_log` VALUES (493, '教师上课', 2, 'com.ruoyi.niuyabo.controller.CourseclassTeacherController.edit()', 'PUT', 1, 'admin', NULL, '/niuyabo/CourseclassTeacher', '127.0.0.1', '内网IP', '{\"courseclassId\":327694,\"params\":{},\"teacherId\":3743}', '{\"msg\":\"操作失败\",\"code\":500}', 0, NULL, '2023-07-12 07:32:40', 16);
INSERT INTO `sys_oper_log` VALUES (494, '教师上课', 2, 'com.ruoyi.niuyabo.controller.CourseclassTeacherController.edit()', 'PUT', 1, 'admin', NULL, '/niuyabo/CourseclassTeacher', '127.0.0.1', '内网IP', '{\"courseclassId\":327694,\"evaluationScore\":99,\"params\":{},\"teacherId\":3743}', '{\"msg\":\"操作失败\",\"code\":500}', 0, NULL, '2023-07-12 07:32:43', 3);
INSERT INTO `sys_oper_log` VALUES (495, '教师上课', 2, 'com.ruoyi.niuyabo.controller.CourseclassTeacherController.edit()', 'PUT', 1, 'admin', NULL, '/niuyabo/CourseclassTeacher', '127.0.0.1', '内网IP', '{\"courseclassId\":327695,\"evaluationScore\":99,\"params\":{},\"teacherId\":3743}', '{\"msg\":\"操作失败\",\"code\":500}', 0, NULL, '2023-07-12 07:33:08', 5);
INSERT INTO `sys_oper_log` VALUES (496, '教师上课', 2, 'com.ruoyi.niuyabo.controller.CourseclassTeacherController.edit()', 'PUT', 1, 'admin', NULL, '/niuyabo/CourseclassTeacher', '127.0.0.1', '内网IP', '{\"courseclassId\":327688,\"evaluationScore\":99,\"params\":{},\"teacherId\":3743}', '{\"msg\":\"操作失败\",\"code\":500}', 0, NULL, '2023-07-12 07:33:11', 6);
INSERT INTO `sys_oper_log` VALUES (497, '教师上课', 2, 'com.ruoyi.niuyabo.controller.CourseclassTeacherController.edit()', 'PUT', 1, 'admin', NULL, '/niuyabo/CourseclassTeacher', '127.0.0.1', '内网IP', '{\"courseclassId\":327688,\"evaluationScore\":99,\"params\":{},\"teacherId\":3743}', '{\"msg\":\"操作失败\",\"code\":500}', 0, NULL, '2023-07-12 07:33:25', 5);
INSERT INTO `sys_oper_log` VALUES (498, '教师上课', 2, 'com.ruoyi.niuyabo.controller.CourseclassTeacherController.edit()', 'PUT', 1, 'admin', NULL, '/niuyabo/CourseclassTeacher', '127.0.0.1', '内网IP', '{\"courseclass\":{\"course\":{\"courseId\":54108,\"courseName\":\"HTML\",\"params\":{}},\"courseId\":54108,\"courseclassId\":327688,\"courseclassNo\":\"1 A-12-0403 1-4\",\"params\":{}},\"courseclassId\":327688,\"evaluationScore\":0,\"params\":{},\"teacher\":{\"params\":{},\"realName\":\"牛**\",\"teacherId\":3738},\"teacherId\":3739}', '{\"msg\":\"操作失败\",\"code\":500}', 0, NULL, '2023-07-12 07:36:10', 9);
INSERT INTO `sys_oper_log` VALUES (499, '教师上课', 2, 'com.ruoyi.niuyabo.controller.CourseclassTeacherController.edit()', 'PUT', 1, 'admin', NULL, '/niuyabo/CourseclassTeacher', '127.0.0.1', '内网IP', '{\"courseclassId\":327694,\"params\":{},\"teacherId\":3739}', '{\"msg\":\"操作失败\",\"code\":500}', 0, NULL, '2023-07-12 07:36:40', 7);
INSERT INTO `sys_oper_log` VALUES (500, '教师上课', 2, 'com.ruoyi.niuyabo.controller.CourseclassTeacherController.edit()', 'PUT', 1, 'admin', NULL, '/niuyabo/CourseclassTeacher', '127.0.0.1', '内网IP', '{\"courseclassId\":327688,\"params\":{},\"teacherId\":3739}', '{\"msg\":\"操作成功\",\"code\":200}', 0, NULL, '2023-07-12 07:39:48', 20);
INSERT INTO `sys_oper_log` VALUES (501, '教师上课', 2, 'com.ruoyi.niuyabo.controller.CourseclassTeacherController.edit()', 'PUT', 1, 'admin', NULL, '/niuyabo/CourseclassTeacher', '127.0.0.1', '内网IP', '{\"courseclass\":{\"course\":{\"courseId\":54108,\"courseName\":\"HTML\",\"params\":{}},\"courseId\":54108,\"courseclassId\":327688,\"courseclassNo\":\"1 A-12-0403 1-4\",\"params\":{}},\"courseclassId\":327688,\"evaluationScore\":0,\"params\":{},\"teacher\":{\"params\":{},\"realName\":\"牛**\",\"teacherId\":3738},\"teacherId\":3739}', '{\"msg\":\"操作成功\",\"code\":200}', 0, NULL, '2023-07-12 07:40:04', 16);
INSERT INTO `sys_oper_log` VALUES (502, '教师上课', 2, 'com.ruoyi.niuyabo.controller.CourseclassTeacherController.edit()', 'PUT', 1, 'admin', NULL, '/niuyabo/CourseclassTeacher', '127.0.0.1', '内网IP', '{\"courseclass\":{\"course\":{\"courseId\":54108,\"courseName\":\"HTML\",\"params\":{}},\"courseId\":54108,\"courseclassId\":327688,\"courseclassNo\":\"1 A-12-0403 1-4\",\"params\":{}},\"courseclassId\":327688,\"evaluationScore\":0,\"params\":{},\"teacher\":{\"params\":{},\"realName\":\"牛**\",\"teacherId\":3738},\"teacherId\":3743}', '{\"msg\":\"操作成功\",\"code\":200}', 0, NULL, '2023-07-12 07:40:14', 7);
INSERT INTO `sys_oper_log` VALUES (503, '代码生成', 2, 'com.ruoyi.generator.controller.GenController.editSave()', 'PUT', 1, 'admin', NULL, '/tool/gen', '127.0.0.1', '内网IP', '{\"businessName\":\"teacher\",\"className\":\"Teacher\",\"columns\":[{\"capJavaField\":\"TeacherId\",\"columnComment\":\"教师id\",\"columnId\":66,\"columnName\":\"teacher_id\",\"columnType\":\"int(11)\",\"createBy\":\"admin\",\"createTime\":\"2023-07-05 11:04:40\",\"dictType\":\"\",\"edit\":false,\"htmlType\":\"input\",\"increment\":true,\"insert\":true,\"isIncrement\":\"1\",\"isInsert\":\"1\",\"isPk\":\"1\",\"javaField\":\"teacherId\",\"javaType\":\"Long\",\"list\":false,\"params\":{},\"pk\":true,\"query\":false,\"queryType\":\"EQ\",\"required\":false,\"sort\":1,\"superColumn\":false,\"tableId\":6,\"updateBy\":\"\",\"updateTime\":\"2023-07-10 21:33:38\",\"usableColumn\":false},{\"capJavaField\":\"DeptId\",\"columnComment\":\"部门id\",\"columnId\":67,\"columnName\":\"dept_id\",\"columnType\":\"bigint(20)\",\"createBy\":\"admin\",\"createTime\":\"2023-07-05 11:04:40\",\"dictType\":\"\",\"edit\":true,\"htmlType\":\"input\",\"increment\":false,\"insert\":true,\"isEdit\":\"1\",\"isIncrement\":\"0\",\"isInsert\":\"1\",\"isList\":\"1\",\"isPk\":\"0\",\"isQuery\":\"1\",\"javaField\":\"deptId\",\"javaType\":\"Long\",\"list\":true,\"params\":{},\"pk\":false,\"query\":true,\"queryType\":\"EQ\",\"required\":false,\"sort\":2,\"superColumn\":false,\"tableId\":6,\"updateBy\":\"\",\"updateTime\":\"2023-07-10 21:33:38\",\"usableColumn\":false},{\"capJavaField\":\"Status\",\"columnComment\":\"状态\",\"columnId\":68,\"columnName\":\"status\",\"columnType\":\"char(1)\",\"createBy\":\"admin\",\"createTime\":\"2023-07-05 11:04:40\",\"dictType\":\"\",\"edit\":true,\"htmlType\":\"radio\",\"increment\":false,\"insert\":true,\"isEdit\":\"1\",\"isIncrement\":\"0\",\"isInsert\":\"1\",\"isList\":\"1\",\"isPk\":\"0\",\"isQuery\":\"1\",\"javaField\":\"status\",\"javaType\":\"String\",\"list\":true,\"params\":{},\"pk\":false,\"query\":true,\"queryType\":\"EQ\",\"required\":false,\"sort\":3,\"superColumn\":false,\"tableId\":6,\"updateBy\":\"\",\"updateTime\":\"2023-07-10 21:33:38\",\"usableColumn\":false},{\"capJavaField\":\"DelFlag\",\"columnComment\":\"删除标志\",\"columnId\":69,\"columnName\":\"del_flag\",\"columnType\":\"char(1)\",\"createBy\":\"admin\",\"createTime\":\"2023-07-05 11:04:40\",\"dictType\":\"\",\"edit\":false,\"htmlType\":\"input\",\"increment\":false,\"insert\":true,\"isIncrement\":\"0\",\"isInsert\":\"1\",\"isPk\":\"0\",\"javaField\":\"de', '{\"msg\":\"操作成功\",\"code\":200}', 0, NULL, '2023-07-12 07:47:21', 43);
INSERT INTO `sys_oper_log` VALUES (504, '教师上课', 2, 'com.ruoyi.niuyabo.controller.CourseclassTeacherController.edit()', 'PUT', 1, 'admin', NULL, '/niuyabo/CourseclassTeacher', '127.0.0.1', '内网IP', '{\"courseclassId\":327690,\"params\":{},\"teacherId\":3743}', '{\"msg\":\"操作成功\",\"code\":200}', 0, NULL, '2023-07-12 14:20:29', 14);
INSERT INTO `sys_oper_log` VALUES (505, '教师上课', 2, 'com.ruoyi.niuyabo.controller.CourseclassTeacherController.edit()', 'PUT', 1, 'admin', NULL, '/niuyabo/CourseclassTeacher', '127.0.0.1', '内网IP', '{\"courseclassId\":327692,\"params\":{},\"teacherId\":3743}', '{\"msg\":\"操作成功\",\"code\":200}', 0, NULL, '2023-07-12 14:20:48', 8);
INSERT INTO `sys_oper_log` VALUES (506, '教师上课', 2, 'com.ruoyi.niuyabo.controller.CourseclassTeacherController.edit()', 'PUT', 1, 'admin', NULL, '/niuyabo/CourseclassTeacher', '127.0.0.1', '内网IP', '{\"courseclass\":{\"course\":{\"courseId\":54110,\"courseName\":\"JS3\",\"params\":{}},\"courseId\":54110,\"courseclassId\":327692,\"courseclassNo\":\"3 A-12-0404 1-4\",\"params\":{}},\"courseclassId\":327690,\"evaluationScore\":0,\"params\":{},\"teacher\":{\"params\":{},\"realName\":\"牛亚博\",\"teacherId\":3743},\"teacherId\":3743}', '{\"msg\":\"操作成功\",\"code\":200}', 0, NULL, '2023-07-12 14:20:55', 13);
INSERT INTO `sys_oper_log` VALUES (507, '教师管理', 3, 'com.ruoyi.niuyabo.controller.TeacherController.remove()', 'DELETE', 1, 'admin', NULL, '/niuyabo/teacher/3737', '127.0.0.1', '内网IP', '{}', NULL, 1, '\r\n### Error updating database.  Cause: java.sql.SQLIntegrityConstraintViolationException: Cannot delete or update a parent row: a foreign key constraint fails (`jiaoxue`.`courseclass_teacher`, CONSTRAINT `FK_courseclass_teacher` FOREIGN KEY (`teacher_id`) REFERENCES `teacher` (`teacher_id`))\r\n### The error may exist in file [E:\\2023\\若依源代码学习\\RuoYi-Vue-master\\education\\ruoyi-system\\target\\classes\\mapper\\niuyabo\\TeacherMapper.xml]\r\n### The error may involve com.ruoyi.niuyabo.mapper.TeacherMapper.deleteTeacherByTeacherIds-Inline\r\n### The error occurred while setting parameters\r\n### SQL: delete from teacher where teacher_id in           (               ?          )\r\n### Cause: java.sql.SQLIntegrityConstraintViolationException: Cannot delete or update a parent row: a foreign key constraint fails (`jiaoxue`.`courseclass_teacher`, CONSTRAINT `FK_courseclass_teacher` FOREIGN KEY (`teacher_id`) REFERENCES `teacher` (`teacher_id`))\n; Cannot delete or update a parent row: a foreign key constraint fails (`jiaoxue`.`courseclass_teacher`, CONSTRAINT `FK_courseclass_teacher` FOREIGN KEY (`teacher_id`) REFERENCES `teacher` (`teacher_id`)); nested exception is java.sql.SQLIntegrityConstraintViolationException: Cannot delete or update a parent row: a foreign key constraint fails (`jiaoxue`.`courseclass_teacher`, CONSTRAINT `FK_courseclass_teacher` FOREIGN KEY (`teacher_id`) REFERENCES `teacher` (`teacher_id`))', '2023-07-12 14:22:09', 53);
INSERT INTO `sys_oper_log` VALUES (508, '教师管理', 3, 'com.ruoyi.niuyabo.controller.TeacherController.remove()', 'DELETE', 1, 'admin', NULL, '/niuyabo/teacher/3743', '127.0.0.1', '内网IP', '{}', NULL, 1, '\r\n### Error updating database.  Cause: java.sql.SQLIntegrityConstraintViolationException: Cannot delete or update a parent row: a foreign key constraint fails (`jiaoxue`.`courseclass_teacher`, CONSTRAINT `FK_courseclass_teacher` FOREIGN KEY (`teacher_id`) REFERENCES `teacher` (`teacher_id`))\r\n### The error may exist in file [E:\\2023\\若依源代码学习\\RuoYi-Vue-master\\education\\ruoyi-system\\target\\classes\\mapper\\niuyabo\\TeacherMapper.xml]\r\n### The error may involve com.ruoyi.niuyabo.mapper.TeacherMapper.deleteTeacherByTeacherIds-Inline\r\n### The error occurred while setting parameters\r\n### SQL: delete from teacher where teacher_id in           (               ?          )\r\n### Cause: java.sql.SQLIntegrityConstraintViolationException: Cannot delete or update a parent row: a foreign key constraint fails (`jiaoxue`.`courseclass_teacher`, CONSTRAINT `FK_courseclass_teacher` FOREIGN KEY (`teacher_id`) REFERENCES `teacher` (`teacher_id`))\n; Cannot delete or update a parent row: a foreign key constraint fails (`jiaoxue`.`courseclass_teacher`, CONSTRAINT `FK_courseclass_teacher` FOREIGN KEY (`teacher_id`) REFERENCES `teacher` (`teacher_id`)); nested exception is java.sql.SQLIntegrityConstraintViolationException: Cannot delete or update a parent row: a foreign key constraint fails (`jiaoxue`.`courseclass_teacher`, CONSTRAINT `FK_courseclass_teacher` FOREIGN KEY (`teacher_id`) REFERENCES `teacher` (`teacher_id`))', '2023-07-12 14:23:02', 7);
INSERT INTO `sys_oper_log` VALUES (509, '用户管理', 1, 'com.ruoyi.web.controller.system.SysUserController.add()', 'POST', 1, 'admin', NULL, '/system/user', '127.0.0.1', '内网IP', '{\"admin\":false,\"createBy\":\"admin\",\"deptId\":101,\"nickName\":\"张教师\",\"params\":{},\"postIds\":[],\"roleIds\":[102],\"status\":\"0\",\"userId\":110,\"userName\":\"张教师\"}', '{\"msg\":\"操作成功\",\"code\":200}', 0, NULL, '2023-07-12 14:24:21', 86);
INSERT INTO `sys_oper_log` VALUES (510, '用户管理', 1, 'com.ruoyi.web.controller.system.SysUserController.add()', 'POST', 1, 'admin', NULL, '/system/user', '127.0.0.1', '内网IP', '{\"admin\":false,\"deptId\":101,\"nickName\":\"牛教师\",\"params\":{},\"postIds\":[],\"roleIds\":[102],\"status\":\"0\",\"userName\":\"张教师\"}', '{\"msg\":\"新增用户\'张教师\'失败，登录账号已存在\",\"code\":500}', 0, NULL, '2023-07-12 14:24:32', 3);
INSERT INTO `sys_oper_log` VALUES (511, '用户管理', 1, 'com.ruoyi.web.controller.system.SysUserController.add()', 'POST', 1, 'admin', NULL, '/system/user', '127.0.0.1', '内网IP', '{\"admin\":false,\"createBy\":\"admin\",\"deptId\":101,\"nickName\":\"牛教师\",\"params\":{},\"postIds\":[],\"roleIds\":[102],\"status\":\"0\",\"userId\":111,\"userName\":\"牛教师\"}', '{\"msg\":\"操作成功\",\"code\":200}', 0, NULL, '2023-07-12 14:24:39', 80);
INSERT INTO `sys_oper_log` VALUES (512, '教师管理', 2, 'com.ruoyi.niuyabo.controller.TeacherController.edit()', 'PUT', 1, 'admin', NULL, '/niuyabo/teacher', '127.0.0.1', '内网IP', '{\"academicTitle\":\"四级\",\"createTime\":\"2023-07-05 13:34:38\",\"delFlag\":\"0\",\"dept\":{\"ancestors\":\"0,100,102\",\"children\":[],\"deptId\":109,\"deptName\":\"制药工程二班\",\"leader\":\"\",\"orderNum\":2,\"params\":{},\"parentId\":102,\"status\":\"0\"},\"deptId\":109,\"evaluateScore\":\"100\",\"evaluateState\":\"0\",\"gender\":\"女\",\"internal\":\"0\",\"params\":{},\"realName\":\"张**\",\"status\":\"0\",\"teacherId\":3740,\"teacherNo\":\"100104\",\"updateTime\":\"2023-07-12 14:24:49\",\"userId\":110}', '{\"msg\":\"操作成功\",\"code\":200}', 0, NULL, '2023-07-12 14:24:49', 7);
INSERT INTO `sys_oper_log` VALUES (513, '教师管理', 2, 'com.ruoyi.niuyabo.controller.TeacherController.edit()', 'PUT', 1, 'admin', NULL, '/niuyabo/teacher', '127.0.0.1', '内网IP', '{\"academicTitle\":\"高级\",\"createTime\":\"2023-07-11 20:30:42\",\"delFlag\":\"0\",\"dept\":{\"ancestors\":\"0,100\",\"children\":[],\"deptId\":101,\"deptName\":\"计算机与信息工程学院\",\"leader\":\"\",\"orderNum\":1,\"params\":{},\"parentId\":100,\"status\":\"0\"},\"deptId\":101,\"gender\":\"男\",\"internal\":\"1\",\"params\":{},\"realName\":\"牛亚博\",\"status\":\"0\",\"teacherId\":3743,\"teacherNo\":\"100105\",\"updateTime\":\"2023-07-12 14:24:53\",\"userId\":111}', '{\"msg\":\"操作成功\",\"code\":200}', 0, NULL, '2023-07-12 14:24:54', 8);
INSERT INTO `sys_oper_log` VALUES (514, '教师管理', 1, 'com.ruoyi.niuyabo.controller.TeacherController.add()', 'POST', 1, 'admin', NULL, '/niuyabo/teacher', '127.0.0.1', '内网IP', '{\"createTime\":\"2023-07-12 14:25:07\",\"deptId\":100,\"params\":{},\"realName\":\"牛亚博\",\"teacherNo\":\"523542354\",\"userId\":111}', NULL, 1, '\r\n### Error updating database.  Cause: java.sql.SQLIntegrityConstraintViolationException: Duplicate entry \'111\' for key \'Index_t_user_id\'\r\n### The error may exist in file [E:\\2023\\若依源代码学习\\RuoYi-Vue-master\\education\\ruoyi-system\\target\\classes\\mapper\\niuyabo\\TeacherMapper.xml]\r\n### The error may involve com.ruoyi.niuyabo.mapper.TeacherMapper.insertTeacher-Inline\r\n### The error occurred while setting parameters\r\n### SQL: insert into teacher          ( dept_id,                                                    create_time,                                       teacher_no,             real_name,                                                                              user_id )           values ( ?,                                                    ?,                                       ?,             ?,                                                                              ? )\r\n### Cause: java.sql.SQLIntegrityConstraintViolationException: Duplicate entry \'111\' for key \'Index_t_user_id\'\n; Duplicate entry \'111\' for key \'Index_t_user_id\'; nested exception is java.sql.SQLIntegrityConstraintViolationException: Duplicate entry \'111\' for key \'Index_t_user_id\'', '2023-07-12 14:25:07', 9);
INSERT INTO `sys_oper_log` VALUES (515, '教师上课', 2, 'com.ruoyi.niuyabo.controller.CourseclassTeacherController.edit()', 'PUT', 1, 'admin', NULL, '/niuyabo/CourseclassTeacher', '127.0.0.1', '内网IP', '{\"courseclassId\":327695,\"params\":{},\"teacherId\":3740}', '{\"msg\":\"操作成功\",\"code\":200}', 0, NULL, '2023-07-12 14:27:27', 11);
INSERT INTO `sys_oper_log` VALUES (516, '教师上课', 2, 'com.ruoyi.niuyabo.controller.CourseclassTeacherController.edit()', 'PUT', 1, 'admin', NULL, '/niuyabo/CourseclassTeacher', '127.0.0.1', '内网IP', '{\"courseclassId\":327694,\"params\":{},\"teacherId\":3740}', '{\"msg\":\"操作成功\",\"code\":200}', 0, NULL, '2023-07-12 14:27:33', 9);
INSERT INTO `sys_oper_log` VALUES (517, '教师上课', 2, 'com.ruoyi.niuyabo.controller.CourseclassTeacherController.edit()', 'PUT', 1, 'admin', NULL, '/niuyabo/CourseclassTeacher', '127.0.0.1', '内网IP', '{\"courseclass\":{\"course\":{\"courseId\":54108,\"courseName\":\"HTML\",\"params\":{}},\"courseId\":54108,\"courseclassId\":327694,\"courseclassNo\":\"6 A-12-0403 1-4\",\"params\":{}},\"courseclassId\":327692,\"evaluationScore\":0,\"params\":{},\"teacher\":{\"params\":{},\"realName\":\"张**\",\"teacherId\":3740},\"teacherId\":3743}', '{\"msg\":\"操作成功\",\"code\":200}', 0, NULL, '2023-07-12 14:27:47', 8);
INSERT INTO `sys_oper_log` VALUES (518, '教师上课', 3, 'com.ruoyi.niuyabo.controller.CourseclassTeacherController.remove()', 'DELETE', 1, 'admin', NULL, '/niuyabo/CourseclassTeacher/3737', '127.0.0.1', '内网IP', '{}', '{\"msg\":\"操作成功\",\"code\":200}', 0, NULL, '2023-07-12 14:28:42', 11);
INSERT INTO `sys_oper_log` VALUES (519, '教师管理', 2, 'com.ruoyi.niuyabo.controller.TeacherController.edit()', 'PUT', 1, 'admin', NULL, '/niuyabo/teacher', '127.0.0.1', '内网IP', '{\"academicTitle\":\"高级\",\"courseclassTeacherList\":[{\"courseclassId\":327692,\"evaluationScore\":0,\"params\":{},\"teacherId\":3743},{\"courseclassId\":327695,\"params\":{},\"teacherId\":3743}],\"createTime\":\"2023-07-11 20:30:42\",\"delFlag\":\"0\",\"dept\":{\"children\":[],\"deptId\":101,\"params\":{}},\"deptId\":101,\"gender\":\"男\",\"internal\":\"1\",\"params\":{},\"realName\":\"牛亚博\",\"status\":\"0\",\"teacherId\":3743,\"teacherNo\":\"100105\",\"updateTime\":\"2023-07-12 14:49:53\",\"userId\":111}', '{\"msg\":\"操作成功\",\"code\":200}', 0, NULL, '2023-07-12 14:49:53', 32);
INSERT INTO `sys_oper_log` VALUES (520, '教师管理', 2, 'com.ruoyi.niuyabo.controller.TeacherController.edit()', 'PUT', 1, 'admin', NULL, '/niuyabo/teacher', '127.0.0.1', '内网IP', '{\"academicTitle\":\"高级\",\"courseclassTeacherList\":[{\"courseclassId\":327692,\"evaluationScore\":0,\"params\":{},\"teacherId\":3743}],\"createTime\":\"2023-07-11 20:30:42\",\"delFlag\":\"0\",\"dept\":{\"children\":[],\"deptId\":101,\"params\":{}},\"deptId\":101,\"gender\":\"男\",\"internal\":\"1\",\"params\":{},\"realName\":\"牛亚博\",\"status\":\"0\",\"teacherId\":3743,\"teacherNo\":\"100105\",\"updateTime\":\"2023-07-12 14:50:08\",\"userId\":111}', '{\"msg\":\"操作成功\",\"code\":200}', 0, NULL, '2023-07-12 14:50:08', 16);
INSERT INTO `sys_oper_log` VALUES (521, '教师管理', 2, 'com.ruoyi.niuyabo.controller.TeacherController.edit()', 'PUT', 1, 'admin', NULL, '/niuyabo/teacher', '127.0.0.1', '内网IP', '{\"academicTitle\":\"高级\",\"courseclassTeacherList\":[{\"courseclassId\":327695,\"evaluationScore\":0,\"params\":{},\"teacherId\":3743}],\"createTime\":\"2023-07-11 20:30:42\",\"delFlag\":\"0\",\"dept\":{\"children\":[],\"deptId\":101,\"params\":{}},\"deptId\":101,\"gender\":\"男\",\"internal\":\"1\",\"params\":{},\"realName\":\"牛亚博\",\"status\":\"0\",\"teacherId\":3743,\"teacherNo\":\"100105\",\"updateTime\":\"2023-07-12 14:50:16\",\"userId\":111}', '{\"msg\":\"操作成功\",\"code\":200}', 0, NULL, '2023-07-12 14:50:16', 18);
INSERT INTO `sys_oper_log` VALUES (522, '教师管理', 1, 'com.ruoyi.niuyabo.controller.TeacherController.add()', 'POST', 1, 'admin', NULL, '/niuyabo/teacher', '127.0.0.1', '内网IP', '{\"courseclassTeacherList\":[{\"params\":{},\"teacherId\":3746},{\"params\":{},\"teacherId\":3746},{\"params\":{},\"teacherId\":3746}],\"createTime\":\"2023-07-12 14:52:27\",\"params\":{},\"teacherId\":3746}', NULL, 1, '\r\n### Error updating database.  Cause: java.sql.SQLIntegrityConstraintViolationException: Column \'courseclass_id\' cannot be null\r\n### The error may exist in file [E:\\2023\\若依源代码学习\\RuoYi-Vue-master\\education\\ruoyi-system\\target\\classes\\mapper\\niuyabo\\TeacherMapper.xml]\r\n### The error may involve defaultParameterMap\r\n### The error occurred while setting parameters\r\n### SQL: insert into courseclass_teacher( teacher_id, courseclass_id, evaluation_score) values                        ( ?, ?, ?)          ,              ( ?, ?, ?)          ,              ( ?, ?, ?)\r\n### Cause: java.sql.SQLIntegrityConstraintViolationException: Column \'courseclass_id\' cannot be null\n; Column \'courseclass_id\' cannot be null; nested exception is java.sql.SQLIntegrityConstraintViolationException: Column \'courseclass_id\' cannot be null', '2023-07-12 14:52:27', 37);
INSERT INTO `sys_oper_log` VALUES (523, '教师管理', 3, 'com.ruoyi.niuyabo.controller.TeacherController.remove()', 'DELETE', 1, 'admin', NULL, '/niuyabo/teacher/3746', '127.0.0.1', '内网IP', '{}', '{\"msg\":\"操作成功\",\"code\":200}', 0, NULL, '2023-07-12 14:52:48', 14);
INSERT INTO `sys_oper_log` VALUES (524, '学生管理', 3, 'com.ruoyi.niuyabo.controller.StudentController.remove()', 'DELETE', 1, 'admin', NULL, '/niuyabo/student/131079', '127.0.0.1', '内网IP', '{}', '{\"msg\":\"操作成功\",\"code\":200}', 0, NULL, '2023-07-12 17:15:19', 10);
INSERT INTO `sys_oper_log` VALUES (525, '代码生成', 2, 'com.ruoyi.generator.controller.GenController.editSave()', 'PUT', 1, 'admin', NULL, '/tool/gen', '127.0.0.1', '内网IP', '{\"businessName\":\"student\",\"className\":\"Student\",\"columns\":[{\"capJavaField\":\"StudentId\",\"columnComment\":\"学生id\",\"columnId\":82,\"columnName\":\"student_id\",\"columnType\":\"int(11)\",\"createBy\":\"admin\",\"createTime\":\"2023-07-05 12:49:34\",\"dictType\":\"\",\"edit\":false,\"htmlType\":\"input\",\"increment\":true,\"insert\":true,\"isIncrement\":\"1\",\"isInsert\":\"1\",\"isPk\":\"1\",\"javaField\":\"studentId\",\"javaType\":\"Long\",\"list\":false,\"params\":{},\"pk\":true,\"query\":false,\"queryType\":\"EQ\",\"required\":false,\"sort\":1,\"superColumn\":false,\"tableId\":7,\"updateBy\":\"\",\"updateTime\":\"2023-07-08 09:19:41\",\"usableColumn\":false},{\"capJavaField\":\"MeataclassId\",\"columnComment\":\"行政班级id\",\"columnId\":83,\"columnName\":\"meataclass_id\",\"columnType\":\"int(11)\",\"createBy\":\"admin\",\"createTime\":\"2023-07-05 12:49:34\",\"dictType\":\"\",\"edit\":true,\"htmlType\":\"input\",\"increment\":false,\"insert\":true,\"isEdit\":\"1\",\"isIncrement\":\"0\",\"isInsert\":\"1\",\"isList\":\"1\",\"isPk\":\"0\",\"isQuery\":\"1\",\"javaField\":\"meataclassId\",\"javaType\":\"Long\",\"list\":true,\"params\":{},\"pk\":false,\"query\":true,\"queryType\":\"EQ\",\"required\":false,\"sort\":2,\"superColumn\":false,\"tableId\":7,\"updateBy\":\"\",\"updateTime\":\"2023-07-08 09:19:41\",\"usableColumn\":false},{\"capJavaField\":\"Status\",\"columnComment\":\"状态\",\"columnId\":84,\"columnName\":\"status\",\"columnType\":\"char(1)\",\"createBy\":\"admin\",\"createTime\":\"2023-07-05 12:49:34\",\"dictType\":\"\",\"edit\":true,\"htmlType\":\"radio\",\"increment\":false,\"insert\":true,\"isEdit\":\"1\",\"isIncrement\":\"0\",\"isInsert\":\"1\",\"isList\":\"1\",\"isPk\":\"0\",\"isQuery\":\"1\",\"javaField\":\"status\",\"javaType\":\"String\",\"list\":true,\"params\":{},\"pk\":false,\"query\":true,\"queryType\":\"EQ\",\"required\":false,\"sort\":3,\"superColumn\":false,\"tableId\":7,\"updateBy\":\"\",\"updateTime\":\"2023-07-08 09:19:41\",\"usableColumn\":false},{\"capJavaField\":\"DelFlag\",\"columnComment\":\"是否删除\",\"columnId\":85,\"columnName\":\"del_flag\",\"columnType\":\"char(1)\",\"createBy\":\"admin\",\"createTime\":\"2023-07-05 12:49:34\",\"dictType\":\"\",\"edit\":false,\"htmlType\":\"input\",\"increment\":false,\"insert\":true,\"isIncrement\":\"0\",\"isInsert\":\"1\",\"isPk\":\"0', '{\"msg\":\"操作成功\",\"code\":200}', 0, NULL, '2023-07-12 17:18:04', 39);
INSERT INTO `sys_oper_log` VALUES (526, '学生管理', 2, 'com.ruoyi.niuyabo.controller.StudentController.edit()', 'PUT', 1, 'admin', NULL, '/niuyabo/student', '127.0.0.1', '内网IP', '{\"courseclassStudentList\":[{\"courseclassId\":327688,\"params\":{},\"studentId\":131080},{\"courseclassId\":327690,\"params\":{},\"studentId\":131080}],\"createTime\":\"2023-07-08 12:14:57\",\"delFlag\":\"0\",\"gender\":\"男\",\"grade\":\"2\",\"meataclassId\":4100,\"metaclass\":{\"createTime\":\"2023-07-08 12:14:57\",\"delFlag\":\"0\",\"grade\":\"2\",\"meataclassId\":4100,\"params\":{},\"status\":\"0\"},\"params\":{},\"realName\":\"小牛\",\"status\":\"0\",\"studentId\":131080,\"studentNo\":\"20204132038\",\"updateTime\":\"2023-07-12 17:30:35\",\"userId\":106}', '{\"msg\":\"操作成功\",\"code\":200}', 0, NULL, '2023-07-12 17:30:35', 34);
INSERT INTO `sys_oper_log` VALUES (527, '学生管理', 2, 'com.ruoyi.niuyabo.controller.StudentController.edit()', 'PUT', 1, 'admin', NULL, '/niuyabo/student', '127.0.0.1', '内网IP', '{\"courseclassStudentList\":[{\"courseclassId\":327688,\"params\":{},\"studentId\":131080},{\"courseclassId\":327690,\"params\":{},\"studentId\":131080}],\"createTime\":\"2023-07-08 12:14:57\",\"delFlag\":\"0\",\"gender\":\"男\",\"grade\":\"2\",\"meataclassId\":4100,\"metaclass\":{\"createTime\":\"2023-07-08 12:14:57\",\"delFlag\":\"0\",\"grade\":\"2\",\"meataclassId\":4100,\"params\":{},\"status\":\"0\",\"updateTime\":\"2023-07-12 17:30:36\"},\"params\":{},\"realName\":\"小牛\",\"status\":\"0\",\"studentId\":131080,\"studentNo\":\"20204132038\",\"updateTime\":\"2023-07-12 17:37:41\",\"userId\":106}', '{\"msg\":\"操作成功\",\"code\":200}', 0, NULL, '2023-07-12 17:37:41', 15);
INSERT INTO `sys_oper_log` VALUES (528, '学生管理', 2, 'com.ruoyi.niuyabo.controller.StudentController.edit()', 'PUT', 1, 'admin', NULL, '/niuyabo/student', '127.0.0.1', '内网IP', '{\"courseclassStudentList\":[{\"courseclassId\":327688,\"params\":{},\"studentId\":131080},{\"courseclassId\":327690,\"params\":{},\"studentId\":131080}],\"createTime\":\"2023-07-08 12:14:57\",\"delFlag\":\"0\",\"gender\":\"男\",\"grade\":\"2\",\"meataclassId\":4099,\"metaclass\":{\"createTime\":\"2023-07-08 12:14:57\",\"delFlag\":\"0\",\"grade\":\"2\",\"meataclassId\":4100,\"params\":{},\"status\":\"0\",\"updateTime\":\"2023-07-12 17:37:41\"},\"params\":{},\"realName\":\"小牛\",\"status\":\"0\",\"studentId\":131080,\"studentNo\":\"20204132038\",\"updateTime\":\"2023-07-12 17:37:59\",\"userId\":106}', '{\"msg\":\"操作成功\",\"code\":200}', 0, NULL, '2023-07-12 17:37:59', 8);
INSERT INTO `sys_oper_log` VALUES (529, '学生管理', 2, 'com.ruoyi.niuyabo.controller.StudentController.edit()', 'PUT', 1, 'admin', NULL, '/niuyabo/student', '127.0.0.1', '内网IP', '{\"courseclassStudentList\":[{\"courseclassId\":327688,\"params\":{},\"studentId\":131080},{\"courseclassId\":327690,\"params\":{},\"studentId\":131080}],\"createTime\":\"2023-07-08 12:14:57\",\"delFlag\":\"0\",\"gender\":\"男\",\"grade\":\"2\",\"meataclassId\":4103,\"metaclass\":{\"createTime\":\"2023-07-08 12:14:57\",\"delFlag\":\"0\",\"grade\":\"2\",\"meataclassId\":4099,\"params\":{},\"status\":\"0\",\"updateTime\":\"2023-07-12 17:37:59\"},\"params\":{},\"realName\":\"小牛\",\"status\":\"0\",\"studentId\":131080,\"studentNo\":\"20204132038\",\"updateTime\":\"2023-07-12 17:38:04\",\"userId\":106}', '{\"msg\":\"操作成功\",\"code\":200}', 0, NULL, '2023-07-12 17:38:04', 8);
INSERT INTO `sys_oper_log` VALUES (530, '学生管理', 2, 'com.ruoyi.niuyabo.controller.StudentController.edit()', 'PUT', 1, 'admin', NULL, '/niuyabo/student', '127.0.0.1', '内网IP', '{\"courseclassStudentList\":[{\"courseclassId\":327688,\"params\":{},\"studentId\":131080},{\"courseclassId\":327690,\"params\":{},\"studentId\":131080}],\"createTime\":\"2023-07-08 12:14:57\",\"delFlag\":\"0\",\"gender\":\"男\",\"grade\":\"2\",\"meataclassId\":4099,\"metaclass\":{\"createTime\":\"2023-07-08 12:14:57\",\"delFlag\":\"0\",\"grade\":\"2\",\"meataclassId\":4103,\"params\":{},\"status\":\"0\",\"updateTime\":\"2023-07-12 17:38:05\"},\"params\":{},\"realName\":\"小牛\",\"status\":\"0\",\"studentId\":131080,\"studentNo\":\"20204132038\",\"updateTime\":\"2023-07-12 17:38:09\",\"userId\":106}', '{\"msg\":\"操作成功\",\"code\":200}', 0, NULL, '2023-07-12 17:38:09', 18);
INSERT INTO `sys_oper_log` VALUES (531, '学生上课', 3, 'com.ruoyi.niuyabo.controller.CourseclassStudentController.remove()', 'DELETE', 1, 'admin', NULL, '/niuyabo/CourseclassStudent/131080', '127.0.0.1', '内网IP', '{}', '{\"msg\":\"操作成功\",\"code\":200}', 0, NULL, '2023-07-12 17:48:59', 14);
INSERT INTO `sys_oper_log` VALUES (532, '学生管理', 2, 'com.ruoyi.niuyabo.controller.StudentController.edit()', 'PUT', 1, 'admin', NULL, '/niuyabo/student', '127.0.0.1', '内网IP', '{\"courseclassStudentList\":[{\"courseclassId\":327688,\"params\":{},\"studentId\":131080},{\"courseclassId\":327690,\"params\":{},\"studentId\":131080},{\"courseclassId\":327692,\"params\":{},\"studentId\":131080}],\"createTime\":\"2023-07-08 12:14:57\",\"delFlag\":\"0\",\"gender\":\"男\",\"grade\":\"2\",\"meataclassId\":4099,\"metaclass\":{\"createTime\":\"2023-07-08 12:14:57\",\"delFlag\":\"0\",\"grade\":\"2\",\"meataclassId\":4099,\"params\":{},\"status\":\"0\",\"updateTime\":\"2023-07-12 17:38:09\"},\"params\":{},\"realName\":\"小牛\",\"status\":\"0\",\"studentId\":131080,\"studentNo\":\"20204132038\",\"updateTime\":\"2023-07-12 17:49:18\",\"userId\":106}', '{\"msg\":\"操作成功\",\"code\":200}', 0, NULL, '2023-07-12 17:49:18', 19);
INSERT INTO `sys_oper_log` VALUES (533, '学生管理', 2, 'com.ruoyi.niuyabo.controller.StudentController.edit()', 'PUT', 1, 'admin', NULL, '/niuyabo/student', '127.0.0.1', '内网IP', '{\"courseclassStudentList\":[{\"courseclassId\":327695,\"params\":{},\"studentId\":131081}],\"createTime\":\"2023-07-11 19:02:28\",\"delFlag\":\"0\",\"gender\":\"男\",\"grade\":\"3\",\"meataclassId\":4101,\"metaclass\":{\"createTime\":\"2023-07-11 19:02:28\",\"delFlag\":\"0\",\"grade\":\"3\",\"meataclassId\":4101,\"params\":{},\"status\":\"0\"},\"params\":{},\"realName\":\"小药\",\"status\":\"0\",\"studentId\":131081,\"studentNo\":\"20204140294\",\"updateTime\":\"2023-07-12 17:54:11\",\"userId\":108}', '{\"msg\":\"操作成功\",\"code\":200}', 0, NULL, '2023-07-12 17:54:11', 32);
INSERT INTO `sys_oper_log` VALUES (534, '班级管理', 3, 'com.ruoyi.niuyabo.controller.MetaclassController.remove()', 'DELETE', 1, 'admin', NULL, '/niuyabo/metaclass/4104', '127.0.0.1', '内网IP', '{}', '{\"msg\":\"操作成功\",\"code\":200}', 0, NULL, '2023-07-12 19:05:35', 8);
INSERT INTO `sys_oper_log` VALUES (535, '教师管理', 2, 'com.ruoyi.niuyabo.controller.TeacherController.edit()', 'PUT', 1, 'admin', NULL, '/niuyabo/teacher', '127.0.0.1', '内网IP', '{\"academicTitle\":\"高级\",\"courseclassTeacherList\":[{\"courseclassId\":327694,\"evaluationScore\":0,\"params\":{},\"teacherId\":3743},{\"courseclassId\":327695,\"evaluationScore\":0,\"params\":{},\"teacherId\":3743},{\"courseclassId\":327690,\"params\":{},\"teacherId\":3743}],\"createTime\":\"2023-07-11 20:30:42\",\"delFlag\":\"0\",\"dept\":{\"children\":[],\"deptId\":101,\"params\":{}},\"deptId\":101,\"gender\":\"男\",\"internal\":\"1\",\"params\":{},\"realName\":\"牛亚博\",\"status\":\"0\",\"teacherId\":3743,\"teacherNo\":\"100105\",\"updateTime\":\"2023-07-12 19:09:38\",\"userId\":111}', '{\"msg\":\"操作成功\",\"code\":200}', 0, NULL, '2023-07-12 19:09:38', 13);
INSERT INTO `sys_oper_log` VALUES (536, '教师管理', 2, 'com.ruoyi.niuyabo.controller.TeacherController.edit()', 'PUT', 1, 'admin', NULL, '/niuyabo/teacher', '127.0.0.1', '内网IP', '{\"academicTitle\":\"高级\",\"courseclassTeacherList\":[{\"courseclassId\":327690,\"params\":{},\"teacherId\":3743},{\"courseclassId\":327694,\"evaluationScore\":0,\"params\":{},\"teacherId\":3743},{\"courseclassId\":327695,\"evaluationScore\":0,\"params\":{},\"teacherId\":3743},{\"courseclassId\":327694,\"params\":{},\"teacherId\":3743}],\"createTime\":\"2023-07-11 20:30:42\",\"delFlag\":\"0\",\"dept\":{\"children\":[],\"deptId\":101,\"params\":{}},\"deptId\":101,\"gender\":\"男\",\"internal\":\"1\",\"params\":{},\"realName\":\"牛亚博\",\"status\":\"0\",\"teacherId\":3743,\"teacherNo\":\"100105\",\"updateTime\":\"2023-07-12 19:10:02\",\"userId\":111}', NULL, 1, '\r\n### Error updating database.  Cause: java.sql.SQLIntegrityConstraintViolationException: Duplicate entry \'3743-327694\' for key \'PRIMARY\'\r\n### The error may exist in file [E:\\2023\\若依源代码学习\\RuoYi-Vue-master\\education\\ruoyi-system\\target\\classes\\mapper\\niuyabo\\TeacherMapper.xml]\r\n### The error may involve defaultParameterMap\r\n### The error occurred while setting parameters\r\n### SQL: insert into courseclass_teacher( teacher_id, courseclass_id, evaluation_score) values                        ( ?, ?, ?)          ,              ( ?, ?, ?)          ,              ( ?, ?, ?)          ,              ( ?, ?, ?)\r\n### Cause: java.sql.SQLIntegrityConstraintViolationException: Duplicate entry \'3743-327694\' for key \'PRIMARY\'\n; Duplicate entry \'3743-327694\' for key \'PRIMARY\'; nested exception is java.sql.SQLIntegrityConstraintViolationException: Duplicate entry \'3743-327694\' for key \'PRIMARY\'', '2023-07-12 19:10:02', 42);
INSERT INTO `sys_oper_log` VALUES (537, '教师管理', 2, 'com.ruoyi.niuyabo.controller.TeacherController.edit()', 'PUT', 1, 'admin', NULL, '/niuyabo/teacher', '127.0.0.1', '内网IP', '{\"academicTitle\":\"高级\",\"courseclassTeacherList\":[{\"courseclassId\":327690,\"params\":{},\"teacherId\":3743},{\"courseclassId\":327694,\"evaluationScore\":0,\"params\":{},\"teacherId\":3743},{\"courseclassId\":327695,\"evaluationScore\":0,\"params\":{},\"teacherId\":3743},{\"courseclassId\":327688,\"params\":{},\"teacherId\":3743}],\"createTime\":\"2023-07-11 20:30:42\",\"delFlag\":\"0\",\"dept\":{\"children\":[],\"deptId\":101,\"params\":{}},\"deptId\":101,\"gender\":\"男\",\"internal\":\"1\",\"params\":{},\"realName\":\"牛亚博\",\"status\":\"0\",\"teacherId\":3743,\"teacherNo\":\"100105\",\"updateTime\":\"2023-07-12 19:10:09\",\"userId\":111}', '{\"msg\":\"操作成功\",\"code\":200}', 0, NULL, '2023-07-12 19:10:09', 9);
INSERT INTO `sys_oper_log` VALUES (538, '角色管理', 2, 'com.ruoyi.web.controller.system.SysRoleController.dataScope()', 'PUT', 1, 'admin', NULL, '/system/role/dataScope', '127.0.0.1', '内网IP', '{\"admin\":false,\"createTime\":\"2023-07-02 12:44:17\",\"dataScope\":\"5\",\"delFlag\":\"0\",\"deptCheckStrictly\":false,\"deptIds\":[],\"flag\":false,\"menuCheckStrictly\":false,\"params\":{},\"roleId\":102,\"roleKey\":\"teacher\",\"roleName\":\"教师\",\"roleSort\":5,\"status\":\"0\"}', '{\"msg\":\"操作成功\",\"code\":200}', 0, NULL, '2023-07-12 20:12:40', 19);
INSERT INTO `sys_oper_log` VALUES (539, '教师管理', 1, 'com.ruoyi.niuyabo.controller.TeacherController.add()', 'POST', 1, '牛教师', NULL, '/niuyabo/teacher', '127.0.0.1', '内网IP', '{\"courseclassTeacherList\":[],\"createTime\":\"2023-07-12 20:20:57\",\"params\":{},\"teacherId\":3747}', '{\"msg\":\"操作成功\",\"code\":200}', 0, NULL, '2023-07-12 20:20:57', 20);
INSERT INTO `sys_oper_log` VALUES (540, '教师管理', 2, 'com.ruoyi.niuyabo.controller.TeacherController.edit()', 'PUT', 1, '牛教师', NULL, '/niuyabo/teacher', '127.0.0.1', '内网IP', '{\"academicTitle\":\"高级\",\"courseclassTeacherList\":[{\"courseclassId\":327688,\"params\":{},\"teacherId\":3743},{\"courseclassId\":327690,\"params\":{},\"teacherId\":3743},{\"courseclassId\":327694,\"evaluationScore\":0,\"params\":{},\"teacherId\":3743},{\"courseclassId\":327695,\"evaluationScore\":0,\"params\":{},\"teacherId\":3743}],\"createTime\":\"2023-07-11 20:30:42\",\"delFlag\":\"0\",\"dept\":{\"children\":[],\"deptId\":101,\"params\":{}},\"deptId\":101,\"gender\":\"男\",\"internal\":\"1\",\"params\":{},\"realName\":\"牛亚博\",\"status\":\"0\",\"teacherId\":3743,\"teacherNo\":\"100105\",\"updateTime\":\"2023-07-12 20:22:36\",\"userId\":111}', '{\"msg\":\"操作成功\",\"code\":200}', 0, NULL, '2023-07-12 20:22:36', 20);
INSERT INTO `sys_oper_log` VALUES (541, '角色管理', 2, 'com.ruoyi.web.controller.system.SysRoleController.edit()', 'PUT', 1, 'admin', NULL, '/system/role', '127.0.0.1', '内网IP', '{\"admin\":false,\"createTime\":\"2023-07-02 12:44:17\",\"dataScope\":\"5\",\"delFlag\":\"0\",\"deptCheckStrictly\":false,\"flag\":false,\"menuCheckStrictly\":false,\"menuIds\":[1,100,1000,1004,1007,1008,1009,1010,1011,1012,1013,1014,1015,1016,1017,1018,1019,1020,1021,1022,1023,1024,1025,1026,1027,1028,1029,1030,1031,1032,1033,1034,1035,1036,1037,1038,500,1039,1040,1041,501,1042,1043,1044,1045,2050,2014,2015,2016,2017,2018,2026,2027,2028,2029,2030,2032,2033,2037,2020,2021,2022,2023,2024,2039,2040,2041,2042,2043,2044,2045,2046,2047,2048,2049,2052,2053,2054,2055,2056,2058,2059,2060,2061,2062],\"params\":{},\"roleId\":102,\"roleKey\":\"teacher\",\"roleName\":\"教师\",\"roleSort\":5,\"status\":\"0\",\"updateBy\":\"admin\"}', '{\"msg\":\"操作成功\",\"code\":200}', 0, NULL, '2023-07-12 20:23:28', 21);
INSERT INTO `sys_oper_log` VALUES (542, '学生管理', 2, 'com.ruoyi.niuyabo.controller.StudentController.edit()', 'PUT', 1, 'admin', NULL, '/niuyabo/student', '127.0.0.1', '内网IP', '{\"courseclassStudentList\":[{\"courseclassId\":327695,\"params\":{},\"studentId\":131081}],\"createTime\":\"2023-07-11 19:02:28\",\"delFlag\":\"0\",\"gender\":\"男\",\"grade\":\"3\",\"meataclassId\":4100,\"metaclass\":{\"createTime\":\"2023-07-11 19:02:28\",\"delFlag\":\"0\",\"grade\":\"3\",\"meataclassId\":4101,\"params\":{},\"status\":\"0\",\"updateTime\":\"2023-07-12 17:54:12\"},\"params\":{},\"realName\":\"小药\",\"status\":\"0\",\"studentId\":131081,\"studentNo\":\"20204140294\",\"updateTime\":\"2023-07-12 22:20:52\",\"userId\":108}', '{\"msg\":\"操作成功\",\"code\":200}', 0, NULL, '2023-07-12 22:20:52', 33);
INSERT INTO `sys_oper_log` VALUES (543, '角色管理', 2, 'com.ruoyi.web.controller.system.SysRoleController.edit()', 'PUT', 1, 'admin', NULL, '/system/role', '127.0.0.1', '内网IP', '{\"admin\":false,\"createTime\":\"2023-07-02 12:44:17\",\"dataScope\":\"5\",\"delFlag\":\"0\",\"deptCheckStrictly\":false,\"flag\":false,\"menuCheckStrictly\":false,\"menuIds\":[1,100,1000,1004,1007,1008,1009,1010,1011,1012,1013,1014,1015,1016,1017,1018,1019,1020,1021,1022,1023,1024,1025,1026,1027,1028,1029,1030,1031,1032,1033,1034,1035,1036,1037,1038,500,1039,1040,1041,501,1042,1043,1044,1045,2050,2014,2015,2016,2017,2018,2026,2027,2028,2029,2030,2032,2033,2037,2020,2021,2022,2023,2024,2038,2039,2040,2041,2042,2043,2044,2045,2046,2047,2048,2049,2052,2053,2054,2055,2056,2058,2059,2060,2061,2062],\"params\":{},\"roleId\":102,\"roleKey\":\"teacher\",\"roleName\":\"教师\",\"roleSort\":5,\"status\":\"0\",\"updateBy\":\"admin\"}', '{\"msg\":\"操作成功\",\"code\":200}', 0, NULL, '2023-07-13 07:38:41', 36);
INSERT INTO `sys_oper_log` VALUES (544, '学生上课', 2, 'com.ruoyi.niuyabo.controller.CourseclassStudentController.edit()', 'PUT', 1, '牛教师', NULL, '/niuyabo/CourseclassStudent', '127.0.0.1', '内网IP', '{\"courseclass\":{\"course\":{\"courseId\":54108,\"courseName\":\"HTML\",\"params\":{}},\"courseId\":54108,\"courseclassId\":327688,\"courseclassNo\":\"1 A-12-0403 1-4\",\"params\":{}},\"courseclassId\":327688,\"params\":{},\"pingshiScore\":1,\"qimoScore\":2,\"student\":{\"params\":{},\"realName\":\"小牛\",\"studentId\":131080},\"studentId\":131080,\"zongpingScore\":35}', NULL, 1, '\r\n### Error updating database.  Cause: java.sql.SQLIntegrityConstraintViolationException: Duplicate entry \'131080-327688\' for key \'PRIMARY\'\r\n### The error may exist in file [E:\\2023\\若依源代码学习\\RuoYi-Vue-master\\education\\ruoyi-system\\target\\classes\\mapper\\niuyabo\\CourseclassStudentMapper.xml]\r\n### The error may involve com.ruoyi.niuyabo.mapper.CourseclassStudentMapper.updateCourseclassStudent-Inline\r\n### The error occurred while setting parameters\r\n### SQL: update courseclass_student          SET courseclass_id = ?,             pingshi_score = ?,             qimo_score = ?,             zongping_score = ?          where student_id = ?\r\n### Cause: java.sql.SQLIntegrityConstraintViolationException: Duplicate entry \'131080-327688\' for key \'PRIMARY\'\n; Duplicate entry \'131080-327688\' for key \'PRIMARY\'; nested exception is java.sql.SQLIntegrityConstraintViolationException: Duplicate entry \'131080-327688\' for key \'PRIMARY\'', '2023-07-13 07:54:21', 43);
INSERT INTO `sys_oper_log` VALUES (545, '学生上课', 2, 'com.ruoyi.niuyabo.controller.CourseclassStudentController.edit()', 'PUT', 1, '牛教师', NULL, '/niuyabo/CourseclassStudent', '127.0.0.1', '内网IP', '{\"courseclass\":{\"course\":{\"courseId\":54108,\"courseName\":\"HTML\",\"params\":{}},\"courseId\":54108,\"courseclassId\":327688,\"courseclassNo\":\"1 A-12-0403 1-4\",\"params\":{}},\"courseclassId\":327688,\"params\":{},\"pingshiScore\":1,\"qimoScore\":2,\"student\":{\"params\":{},\"realName\":\"小牛\",\"studentId\":131080},\"studentId\":131080,\"zongpingScore\":30}', '{\"msg\":\"操作成功\",\"code\":200}', 0, NULL, '2023-07-13 07:56:08', 20);
INSERT INTO `sys_oper_log` VALUES (546, '学生上课', 2, 'com.ruoyi.niuyabo.controller.CourseclassStudentController.edit()', 'PUT', 1, '牛教师', NULL, '/niuyabo/CourseclassStudent', '127.0.0.1', '内网IP', '{\"courseclass\":{\"course\":{\"courseId\":54108,\"courseName\":\"HTML\",\"params\":{}},\"courseId\":54108,\"courseclassId\":327688,\"courseclassNo\":\"1 A-12-0403 1-4\",\"params\":{}},\"courseclassId\":327688,\"params\":{},\"pingshiScore\":1,\"qimoScore\":28,\"student\":{\"params\":{},\"realName\":\"小牛\",\"studentId\":131080},\"studentId\":131080,\"zongpingScore\":30}', '{\"msg\":\"操作成功\",\"code\":200}', 0, NULL, '2023-07-13 07:56:13', 11);
INSERT INTO `sys_oper_log` VALUES (547, '学生上课', 1, 'com.ruoyi.niuyabo.controller.CourseclassStudentController.add()', 'POST', 1, '牛教师', NULL, '/niuyabo/CourseclassStudent', '127.0.0.1', '内网IP', '{\"params\":{},\"pingshiScore\":9,\"qimoScore\":9,\"zongpingScore\":9}', NULL, 1, '\r\n### Error updating database.  Cause: java.sql.SQLException: Field \'student_id\' doesn\'t have a default value\r\n### The error may exist in file [E:\\2023\\若依源代码学习\\RuoYi-Vue-master\\education\\ruoyi-system\\target\\classes\\mapper\\niuyabo\\CourseclassStudentMapper.xml]\r\n### The error may involve com.ruoyi.niuyabo.mapper.CourseclassStudentMapper.insertCourseclassStudent-Inline\r\n### The error occurred while setting parameters\r\n### SQL: insert into courseclass_student          ( pingshi_score,             qimo_score,             zongping_score )           values ( ?,             ?,             ? )\r\n### Cause: java.sql.SQLException: Field \'student_id\' doesn\'t have a default value\n; Field \'student_id\' doesn\'t have a default value; nested exception is java.sql.SQLException: Field \'student_id\' doesn\'t have a default value', '2023-07-13 07:56:23', 33);
INSERT INTO `sys_oper_log` VALUES (548, '学生上课', 1, 'com.ruoyi.niuyabo.controller.CourseclassStudentController.add()', 'POST', 1, '牛教师', NULL, '/niuyabo/CourseclassStudent', '127.0.0.1', '内网IP', '{\"params\":{},\"pingshiScore\":1,\"qimoScore\":1,\"zongpingScore\":121}', NULL, 1, '\r\n### Error updating database.  Cause: java.sql.SQLException: Field \'student_id\' doesn\'t have a default value\r\n### The error may exist in file [E:\\2023\\若依源代码学习\\RuoYi-Vue-master\\education\\ruoyi-system\\target\\classes\\mapper\\niuyabo\\CourseclassStudentMapper.xml]\r\n### The error may involve com.ruoyi.niuyabo.mapper.CourseclassStudentMapper.insertCourseclassStudent-Inline\r\n### The error occurred while setting parameters\r\n### SQL: insert into courseclass_student          ( pingshi_score,             qimo_score,             zongping_score )           values ( ?,             ?,             ? )\r\n### Cause: java.sql.SQLException: Field \'student_id\' doesn\'t have a default value\n; Field \'student_id\' doesn\'t have a default value; nested exception is java.sql.SQLException: Field \'student_id\' doesn\'t have a default value', '2023-07-13 07:59:53', 5);
INSERT INTO `sys_oper_log` VALUES (549, '学生上课', 2, 'com.ruoyi.niuyabo.controller.CourseclassStudentController.edit()', 'PUT', 1, '牛教师', NULL, '/niuyabo/CourseclassStudent', '127.0.0.1', '内网IP', '{\"courseclass\":{\"course\":{\"courseId\":54108,\"courseName\":\"HTML\",\"params\":{}},\"courseId\":54108,\"courseclassId\":327688,\"courseclassNo\":\"1 A-12-0403 1-4\",\"params\":{}},\"courseclassId\":327688,\"params\":{},\"pingshiScore\":1,\"qimoScore\":281,\"student\":{\"params\":{},\"realName\":\"小牛\",\"studentId\":131080},\"studentId\":131080,\"zongpingScore\":30}', '{\"msg\":\"操作成功\",\"code\":200}', 0, NULL, '2023-07-13 08:00:18', 4);
INSERT INTO `sys_oper_log` VALUES (550, '学生上课', 1, 'com.ruoyi.niuyabo.controller.CourseclassStudentController.add()', 'POST', 1, '牛教师', NULL, '/niuyabo/CourseclassStudent', '127.0.0.1', '内网IP', '{\"params\":{},\"pingshiScore\":1,\"qimoScore\":1,\"zongpingScore\":1}', NULL, 1, '\r\n### Error updating database.  Cause: java.sql.SQLException: Field \'student_id\' doesn\'t have a default value\r\n### The error may exist in file [E:\\2023\\若依源代码学习\\RuoYi-Vue-master\\education\\ruoyi-system\\target\\classes\\mapper\\niuyabo\\CourseclassStudentMapper.xml]\r\n### The error may involve com.ruoyi.niuyabo.mapper.CourseclassStudentMapper.insertCourseclassStudent-Inline\r\n### The error occurred while setting parameters\r\n### SQL: insert into courseclass_student          ( pingshi_score,             qimo_score,             zongping_score )           values ( ?,             ?,             ? )\r\n### Cause: java.sql.SQLException: Field \'student_id\' doesn\'t have a default value\n; Field \'student_id\' doesn\'t have a default value; nested exception is java.sql.SQLException: Field \'student_id\' doesn\'t have a default value', '2023-07-13 08:00:30', 5);
INSERT INTO `sys_oper_log` VALUES (551, '学生上课', 1, 'com.ruoyi.niuyabo.controller.CourseclassStudentController.add()', 'POST', 1, '牛教师', NULL, '/niuyabo/CourseclassStudent', '127.0.0.1', '内网IP', '{\"params\":{},\"pingshiScore\":1,\"qimoScore\":1,\"zongpingScore\":1}', NULL, 1, '\r\n### Error updating database.  Cause: java.sql.SQLException: Field \'student_id\' doesn\'t have a default value\r\n### The error may exist in file [E:\\2023\\若依源代码学习\\RuoYi-Vue-master\\education\\ruoyi-system\\target\\classes\\mapper\\niuyabo\\CourseclassStudentMapper.xml]\r\n### The error may involve com.ruoyi.niuyabo.mapper.CourseclassStudentMapper.insertCourseclassStudent-Inline\r\n### The error occurred while setting parameters\r\n### SQL: insert into courseclass_student          ( pingshi_score,             qimo_score,             zongping_score )           values ( ?,             ?,             ? )\r\n### Cause: java.sql.SQLException: Field \'student_id\' doesn\'t have a default value\n; Field \'student_id\' doesn\'t have a default value; nested exception is java.sql.SQLException: Field \'student_id\' doesn\'t have a default value', '2023-07-13 08:02:44', 36);
INSERT INTO `sys_oper_log` VALUES (552, '学生上课', 1, 'com.ruoyi.niuyabo.controller.CourseclassStudentController.add()', 'POST', 1, '牛教师', NULL, '/niuyabo/CourseclassStudent', '127.0.0.1', '内网IP', '{\"courseclassId\":327688,\"params\":{},\"pingshiScore\":1,\"qimoScore\":1,\"studentId\":131081,\"zongpingScore\":1}', '{\"msg\":\"操作成功\",\"code\":200}', 0, NULL, '2023-07-13 08:06:26', 9);
INSERT INTO `sys_oper_log` VALUES (553, '角色管理', 2, 'com.ruoyi.web.controller.system.SysRoleController.edit()', 'PUT', 1, 'admin', NULL, '/system/role', '127.0.0.1', '内网IP', '{\"admin\":false,\"createTime\":\"2023-07-02 12:44:17\",\"dataScope\":\"5\",\"delFlag\":\"0\",\"deptCheckStrictly\":false,\"flag\":false,\"menuCheckStrictly\":false,\"menuIds\":[1,100,1000,1004,1007,1008,1009,1010,1011,1012,1013,1014,1015,1016,1017,1018,1019,1020,1021,1022,1023,1024,1025,1026,1027,1028,1029,1030,1031,1032,1033,1034,1035,1036,1037,1038,500,1039,1040,1041,501,1042,1043,1044,1045,2050,2014,2015,2016,2017,2018,2026,2027,2028,2029,2030,2032,2033,2037,2020,2021,2022,2023,2024,2039,2044,2045,2046,2047,2048,2049,2052,2053,2054,2055,2056,2058,2059,2060,2061,2062],\"params\":{},\"roleId\":102,\"roleKey\":\"teacher\",\"roleName\":\"教师\",\"roleSort\":5,\"status\":\"0\",\"updateBy\":\"admin\"}', '{\"msg\":\"操作成功\",\"code\":200}', 0, NULL, '2023-07-13 12:41:02', 24);
INSERT INTO `sys_oper_log` VALUES (554, '学生上课', 2, 'com.ruoyi.niuyabo.controller.CourseclassStudentController.edit()', 'PUT', 1, '牛教师', NULL, '/niuyabo/CourseclassStudent', '127.0.0.1', '内网IP', '{\"courseclass\":{\"course\":{\"courseId\":54108,\"courseName\":\"HTML\",\"params\":{}},\"courseId\":54108,\"courseclassId\":327688,\"courseclassNo\":\"1 A-12-0403 1-4\",\"params\":{}},\"courseclassId\":327688,\"params\":{},\"pingshiScore\":1,\"qimoScore\":281,\"student\":{\"params\":{},\"realName\":\"小牛\",\"studentId\":131080},\"studentId\":131080,\"zongpingScore\":301}', '{\"msg\":\"操作成功\",\"code\":200}', 0, NULL, '2023-07-13 12:42:18', 28);
INSERT INTO `sys_oper_log` VALUES (555, '角色管理', 2, 'com.ruoyi.web.controller.system.SysRoleController.edit()', 'PUT', 1, 'admin', NULL, '/system/role', '127.0.0.1', '内网IP', '{\"admin\":false,\"createTime\":\"2023-07-02 12:44:17\",\"dataScope\":\"5\",\"delFlag\":\"0\",\"deptCheckStrictly\":false,\"flag\":false,\"menuCheckStrictly\":false,\"menuIds\":[1,100,1000,1004,1007,1008,1009,1010,1011,1012,1013,1014,1015,1016,1017,1018,1019,1020,1021,1022,1023,1024,1025,1026,1027,1028,1029,1030,1031,1032,1033,1034,1035,1036,1037,1038,500,1039,1040,1041,501,1042,1043,1044,1045,2050,2014,2015,2016,2017,2018,2026,2027,2028,2029,2030,2033,2037,2020,2021,2022,2023,2024,2039,2044,2045,2046,2047,2048,2049,2052,2053,2054,2055,2056,2058,2059,2060,2061,2062],\"params\":{},\"roleId\":102,\"roleKey\":\"teacher\",\"roleName\":\"教师\",\"roleSort\":5,\"status\":\"0\",\"updateBy\":\"admin\"}', '{\"msg\":\"操作成功\",\"code\":200}', 0, NULL, '2023-07-13 12:43:59', 13);
INSERT INTO `sys_oper_log` VALUES (556, '学生上课', 2, 'com.ruoyi.niuyabo.controller.CourseclassStudentController.edit()', 'PUT', 1, '牛教师', NULL, '/niuyabo/CourseclassStudent', '127.0.0.1', '内网IP', '{\"courseclass\":{\"course\":{\"courseId\":54108,\"courseName\":\"HTML\",\"params\":{}},\"courseId\":54108,\"courseclassId\":327688,\"courseclassNo\":\"1 A-12-0403 1-4\",\"params\":{}},\"courseclassId\":327688,\"params\":{},\"pingshiScore\":11,\"qimoScore\":281,\"student\":{\"params\":{},\"realName\":\"小牛\",\"studentId\":131080},\"studentId\":131080,\"zongpingScore\":301}', '{\"msg\":\"操作成功\",\"code\":200}', 0, NULL, '2023-07-13 12:44:15', 9);
INSERT INTO `sys_oper_log` VALUES (557, '角色管理', 2, 'com.ruoyi.web.controller.system.SysRoleController.edit()', 'PUT', 1, 'admin', NULL, '/system/role', '127.0.0.1', '内网IP', '{\"admin\":false,\"createTime\":\"2023-07-02 12:44:17\",\"dataScope\":\"5\",\"delFlag\":\"0\",\"deptCheckStrictly\":false,\"flag\":false,\"menuCheckStrictly\":false,\"menuIds\":[100,1000,1004,1007,1008,1009,1010,1011,1012,1013,1014,1015,1016,1017,1018,1019,1020,1021,1022,1023,1024,1025,1026,1027,1028,1029,1030,1031,1032,1033,1034,1035,1036,1037,1038,500,1039,1040,1041,501,1042,1043,1044,1045,2050,2014,2015,2016,2017,2018,2026,2027,2028,2029,2030,2033,2037,2020,2021,2022,2023,2024,2039,2044,2045,2046,2047,2048,2049,2052,2053,2054,2055,2056,2058,2059,2060,2061,2062],\"params\":{},\"roleId\":102,\"roleKey\":\"teacher\",\"roleName\":\"教师\",\"roleSort\":5,\"status\":\"0\",\"updateBy\":\"admin\"}', '{\"msg\":\"操作成功\",\"code\":200}', 0, NULL, '2023-07-13 12:48:09', 10);
INSERT INTO `sys_oper_log` VALUES (558, '角色管理', 2, 'com.ruoyi.web.controller.system.SysRoleController.edit()', 'PUT', 1, 'admin', NULL, '/system/role', '127.0.0.1', '内网IP', '{\"admin\":false,\"createTime\":\"2023-07-02 12:44:34\",\"dataScope\":\"1\",\"delFlag\":\"0\",\"deptCheckStrictly\":false,\"flag\":false,\"menuCheckStrictly\":false,\"menuIds\":[100,1000,1001,1002,1003,1004,1005,1006,101,1007,1008,1009,1010,1011,102,1012,1013,1014,1015,103,1016,1017,1018,1019,104,1020,1021,1022,1023,1024,105,1025,1026,1027,1028,1029,106,1030,1031,1032,1033,1034,107,1035,1036,1037,1038,108,500,1039,1040,1041,501,1042,1043,1044,1045,2050,2038,2039,2040,2041,2042,2043],\"params\":{},\"roleId\":103,\"roleKey\":\"student\",\"roleName\":\"学生\",\"roleSort\":6,\"status\":\"0\",\"updateBy\":\"admin\"}', '{\"msg\":\"操作成功\",\"code\":200}', 0, NULL, '2023-07-13 12:51:04', 17);
INSERT INTO `sys_oper_log` VALUES (559, '角色管理', 2, 'com.ruoyi.web.controller.system.SysRoleController.dataScope()', 'PUT', 1, 'admin', NULL, '/system/role/dataScope', '127.0.0.1', '内网IP', '{\"admin\":false,\"createTime\":\"2023-07-02 12:44:34\",\"dataScope\":\"5\",\"delFlag\":\"0\",\"deptCheckStrictly\":false,\"deptIds\":[],\"flag\":false,\"menuCheckStrictly\":false,\"params\":{},\"roleId\":103,\"roleKey\":\"student\",\"roleName\":\"学生\",\"roleSort\":6,\"status\":\"0\"}', '{\"msg\":\"操作成功\",\"code\":200}', 0, NULL, '2023-07-13 12:51:16', 16);
INSERT INTO `sys_oper_log` VALUES (560, '角色管理', 2, 'com.ruoyi.web.controller.system.SysRoleController.edit()', 'PUT', 1, 'admin', NULL, '/system/role', '127.0.0.1', '内网IP', '{\"admin\":false,\"createTime\":\"2023-07-02 12:44:34\",\"dataScope\":\"5\",\"delFlag\":\"0\",\"deptCheckStrictly\":false,\"flag\":false,\"menuCheckStrictly\":false,\"menuIds\":[100,1000,1001,1002,1003,1004,1005,1006,101,1007,1008,1009,1010,1011,102,1012,1013,1014,1015,103,1016,1017,1018,1019,104,1020,1021,1022,1023,1024,105,1025,1026,1027,1028,1029,106,1030,1031,1032,1033,1034,107,1035,1036,1037,1038,108,500,1039,1040,1041,501,1042,1043,1044,1045,2050,2038,2039,2040,2041,2042,2043],\"params\":{},\"roleId\":103,\"roleKey\":\"student\",\"roleName\":\"学生\",\"roleSort\":6,\"status\":\"0\",\"updateBy\":\"admin\"}', '{\"msg\":\"操作成功\",\"code\":200}', 0, NULL, '2023-07-13 12:51:36', 13);
INSERT INTO `sys_oper_log` VALUES (561, '教师管理', 3, 'com.ruoyi.niuyabo.controller.TeacherController.remove()', 'DELETE', 1, 'admin', NULL, '/niuyabo/teacher/3747', '127.0.0.1', '内网IP', '{}', '{\"msg\":\"操作成功\",\"code\":200}', 0, NULL, '2023-07-13 12:52:12', 6);
INSERT INTO `sys_oper_log` VALUES (562, '课程管理', 5, 'com.ruoyi.niuyabo.controller.CourseController.export()', 'POST', 1, 'admin', NULL, '/niuyabo/course/export', '182.123.145.152', 'XX XX', '{\"pageSize\":\"10\",\"pageNum\":\"1\"}', NULL, 0, NULL, '2023-07-14 19:23:35', 1877);
INSERT INTO `sys_oper_log` VALUES (563, '课程管理', 5, 'com.ruoyi.niuyabo.controller.CourseController.export()', 'POST', 1, 'admin', NULL, '/niuyabo/course/export', '39.149.220.177', 'XX XX', '{\"pageSize\":\"10\",\"pageNum\":\"1\"}', NULL, 0, NULL, '2023-07-14 21:22:54', 109);
INSERT INTO `sys_oper_log` VALUES (564, '课程管理', 5, 'com.ruoyi.niuyabo.controller.CourseController.export()', 'POST', 1, 'admin', NULL, '/niuyabo/course/export', '223.91.194.18', 'XX XX', '{\"pageSize\":\"10\",\"pageNum\":\"1\"}', NULL, 0, NULL, '2023-07-26 16:49:09', 2178);
INSERT INTO `sys_oper_log` VALUES (565, '教师上课', 5, 'com.ruoyi.niuyabo.controller.CourseclassTeacherController.export()', 'POST', 1, '学院管理员', NULL, '/niuyabo/CourseclassTeacher/export', '127.0.0.1', '内网IP', '{\"pageSize\":\"10\",\"pageNum\":\"1\"}', NULL, 0, NULL, '2023-07-29 20:44:44', 1230);
INSERT INTO `sys_oper_log` VALUES (566, '教师上课', 5, 'com.ruoyi.niuyabo.controller.CourseclassTeacherController.export()', 'POST', 1, '学院管理员', NULL, '/niuyabo/CourseclassTeacher/export', '127.0.0.1', '内网IP', '{\"pageSize\":\"10\",\"pageNum\":\"1\"}', NULL, 0, NULL, '2023-07-29 20:45:05', 240);
INSERT INTO `sys_oper_log` VALUES (567, '教师上课', 5, 'com.ruoyi.niuyabo.controller.CourseclassTeacherController.export()', 'POST', 1, '教师一', NULL, '/niuyabo/CourseclassTeacher/export', '127.0.0.1', '内网IP', '{\"pageSize\":\"10\",\"pageNum\":\"1\"}', NULL, 0, NULL, '2023-07-30 16:18:04', 1152);
INSERT INTO `sys_oper_log` VALUES (568, '学生上课', 5, 'com.ruoyi.niuyabo.controller.CourseclassStudentController.export()', 'POST', 1, '学生一', NULL, '/niuyabo/CourseclassStudent/export', '127.0.0.1', '内网IP', '{\"pageSize\":\"10\",\"pageNum\":\"1\"}', NULL, 0, NULL, '2023-07-30 16:46:11', 884);
INSERT INTO `sys_oper_log` VALUES (569, '学生上课', 5, 'com.ruoyi.niuyabo.controller.CourseclassStudentController.classExport()', 'POST', 1, 'admin', NULL, '/niuyabo/CourseclassStudent/class/export', '127.0.0.1', '内网IP', '{\"pageSize\":\"10\",\"pageNum\":\"1\",\"userId\":\"1\"}', NULL, 1, 'nested exception is org.apache.ibatis.builder.BuilderException: Error evaluating expression \'params.dataScope\'. Cause: org.apache.ibatis.ognl.NoSuchPropertyException: java.lang.Long.dataScope', '2023-07-30 17:11:54', 25);
INSERT INTO `sys_oper_log` VALUES (570, '授课信息', 5, 'com.ruoyi.niuyabo.controller.CourseclassStudentController.classExport()', 'POST', 1, 'admin', NULL, '/niuyabo/CourseclassStudent/class/export', '127.0.0.1', '内网IP', '{\"pageSize\":\"10\",\"pageNum\":\"1\",\"userId\":\"1\"}', NULL, 1, '\r\n### Error querying database.  Cause: java.sql.SQLSyntaxErrorException: Unknown column \'m.metaclass_id\' in \'on clause\'\r\n### The error may exist in file [C:\\Users\\邵小龙\\Downloads\\education-master\\education-master\\ruoyi-system\\target\\classes\\mapper\\niuyabo\\CourseclassStudentMapper.xml]\r\n### The error may involve defaultParameterMap\r\n### The error occurred while setting parameters\r\n### SQL: select distinct  c.course_name, t.real_name,                         m.metaclass_name,ct.courseclass_id         from courseclass_student as ms                  left join courseclass o on ms.courseclass_id = o.courseclass_id                  left join course c on o.course_id = c.course_id                  left join courseclass_teacher ct on ms.courseclass_id = ct.courseclass_id                  left join courseclass_metaclass cm on cm.courseclass_id=o.courseclass_id                  left join metaclass m on m.metaclass_id=cm.metaclass_id                  left join teacher t on ct.teacher_id=t.teacher_id                  left join sys_user_role ur on t.user_id = ur.user_id                  left join sys_role r on r.role_id = ur.role_id               where t.user_id=?\r\n### Cause: java.sql.SQLSyntaxErrorException: Unknown column \'m.metaclass_id\' in \'on clause\'\n; bad SQL grammar []; nested exception is java.sql.SQLSyntaxErrorException: Unknown column \'m.metaclass_id\' in \'on clause\'', '2023-07-30 17:12:48', 84);
INSERT INTO `sys_oper_log` VALUES (571, '授课信息', 5, 'com.ruoyi.niuyabo.controller.CourseclassStudentController.classExport()', 'POST', 1, 'admin', NULL, '/niuyabo/CourseclassStudent/class/export', '127.0.0.1', '内网IP', '{\"pageSize\":\"10\",\"pageNum\":\"1\",\"userId\":\"1\"}', NULL, 0, NULL, '2023-07-30 17:14:50', 960);
INSERT INTO `sys_oper_log` VALUES (572, '授课信息', 5, 'com.ruoyi.niuyabo.controller.CourseclassStudentController.classExport()', 'POST', 1, '教师一', NULL, '/niuyabo/CourseclassStudent/class/export', '127.0.0.1', '内网IP', '{\"pageSize\":\"10\",\"pageNum\":\"1\",\"userId\":\"105\"}', NULL, 1, 'class com.ruoyi.niuyabo.domain.CourseclassStudent cannot be cast to class com.ruoyi.niuyabo.vo.StudentScore (com.ruoyi.niuyabo.domain.CourseclassStudent and com.ruoyi.niuyabo.vo.StudentScore are in unnamed module of loader org.springframework.boot.devtools.restart.classloader.RestartClassLoader @14cc80a7)', '2023-07-30 17:15:38', 7);
INSERT INTO `sys_oper_log` VALUES (573, '授课信息', 5, 'com.ruoyi.niuyabo.controller.CourseclassStudentController.classExport()', 'POST', 1, '教师一', NULL, '/niuyabo/CourseclassStudent/class/export', '127.0.0.1', '内网IP', '{\"pageSize\":\"10\",\"pageNum\":\"1\",\"userId\":\"105\"}', NULL, 0, NULL, '2023-07-30 17:41:25', 868);
INSERT INTO `sys_oper_log` VALUES (574, '授课信息', 5, 'com.ruoyi.niuyabo.controller.CourseclassStudentController.classExport()', 'POST', 1, '教师一', NULL, '/niuyabo/CourseclassStudent/class/export', '127.0.0.1', '内网IP', '{\"pageSize\":\"10\",\"pageNum\":\"1\",\"userId\":\"105\"}', NULL, 0, NULL, '2023-07-30 17:42:42', 845);
INSERT INTO `sys_oper_log` VALUES (575, '授课信息', 5, 'com.ruoyi.niuyabo.controller.CourseclassStudentController.classExport()', 'POST', 1, 'admin', NULL, '/niuyabo/CourseclassStudent/class/export', '127.0.0.1', '内网IP', '{\"pageSize\":\"10\",\"pageNum\":\"1\",\"userId\":\"1\"}', NULL, 0, NULL, '2023-08-01 09:58:35', 1562);
INSERT INTO `sys_oper_log` VALUES (576, '授课信息', 5, 'com.ruoyi.niuyabo.controller.CourseclassStudentController.classExport()', 'POST', 1, 'admin', NULL, '/niuyabo/CourseclassStudent/class/export', '127.0.0.1', '内网IP', '{\"pageSize\":\"10\",\"pageNum\":\"1\",\"userId\":\"1\"}', NULL, 0, NULL, '2023-08-01 11:06:14', 387);
INSERT INTO `sys_oper_log` VALUES (577, '授课信息', 5, 'com.ruoyi.niuyabo.controller.CourseclassStudentController.classExport()', 'POST', 1, 'admin', NULL, '/niuyabo/CourseclassStudent/class/export', '127.0.0.1', '内网IP', '{\"pageSize\":\"10\",\"pageNum\":\"1\",\"userId\":\"1\"}', NULL, 0, NULL, '2023-08-01 11:09:39', 492);
INSERT INTO `sys_oper_log` VALUES (578, '授课信息', 5, 'com.ruoyi.niuyabo.controller.CourseclassStudentController.classExport()', 'POST', 1, '教师一', NULL, '/niuyabo/CourseclassStudent/class/export', '127.0.0.1', '内网IP', '{\"pageSize\":\"10\",\"pageNum\":\"1\",\"userId\":\"105\"}', NULL, 0, NULL, '2023-08-01 11:11:24', 74);
INSERT INTO `sys_oper_log` VALUES (579, '授课信息', 5, 'com.ruoyi.niuyabo.controller.CourseclassStudentController.classExport()', 'POST', 1, '教师一', NULL, '/niuyabo/CourseclassStudent/class/export', '127.0.0.1', '内网IP', '{\"pageSize\":\"10\",\"pageNum\":\"1\",\"userId\":\"105\"}', NULL, 0, NULL, '2023-08-01 11:13:36', 583);
INSERT INTO `sys_oper_log` VALUES (580, '授课信息', 5, 'com.ruoyi.niuyabo.controller.CourseclassStudentController.classExport()', 'POST', 1, '教师一', NULL, '/niuyabo/CourseclassStudent/class/export', '127.0.0.1', '内网IP', '{\"pageSize\":\"10\",\"pageNum\":\"1\",\"userId\":\"105\"}', NULL, 0, NULL, '2023-08-01 11:15:37', 610);
INSERT INTO `sys_oper_log` VALUES (581, '授课信息', 5, 'com.ruoyi.niuyabo.controller.CourseclassStudentController.classExport()', 'POST', 1, '教师一', NULL, '/niuyabo/CourseclassStudent/class/export', '127.0.0.1', '内网IP', '{\"pageSize\":\"10\",\"pageNum\":\"1\",\"userId\":\"105\"}', NULL, 0, NULL, '2023-08-01 11:16:36', 27);
INSERT INTO `sys_oper_log` VALUES (582, '授课信息', 5, 'com.ruoyi.niuyabo.controller.CourseclassStudentController.classExport()', 'POST', 1, '教师一', NULL, '/niuyabo/CourseclassStudent/class/export', '127.0.0.1', '内网IP', '{\"pageSize\":\"10\",\"pageNum\":\"1\",\"userId\":\"105\"}', NULL, 0, NULL, '2023-08-01 11:22:07', 691);
INSERT INTO `sys_oper_log` VALUES (583, '授课信息', 5, 'com.ruoyi.niuyabo.controller.CourseclassStudentController.classExport()', 'POST', 1, '教师一', NULL, '/niuyabo/CourseclassStudent/class/export', '127.0.0.1', '内网IP', '{\"pageSize\":\"10\",\"pageNum\":\"1\",\"userId\":\"105\"}', NULL, 0, NULL, '2023-08-01 11:22:51', 29);
INSERT INTO `sys_oper_log` VALUES (584, '授课信息', 5, 'com.ruoyi.niuyabo.controller.CourseclassStudentController.classExport()', 'POST', 1, '教师一', NULL, '/niuyabo/CourseclassStudent/class/export', '127.0.0.1', '内网IP', '{\"pageSize\":\"10\",\"pageNum\":\"1\",\"userId\":\"105\"}', NULL, 0, NULL, '2023-08-01 11:23:04', 27);
INSERT INTO `sys_oper_log` VALUES (585, '授课信息', 5, 'com.ruoyi.niuyabo.controller.CourseclassStudentController.classExport()', 'POST', 1, 'admin', NULL, '/niuyabo/CourseclassStudent/class/export/3738', '127.0.0.1', '内网IP', '3738', NULL, 0, NULL, '2023-08-10 17:20:19', 606);
INSERT INTO `sys_oper_log` VALUES (586, '授课信息', 5, 'com.ruoyi.niuyabo.controller.CourseclassStudentController.classExport()', 'POST', 1, 'admin', NULL, '/niuyabo/CourseclassStudent/class/export/3739', '127.0.0.1', '内网IP', '3739', NULL, 0, NULL, '2023-08-10 17:20:27', 24);
INSERT INTO `sys_oper_log` VALUES (587, '授课信息', 5, 'com.ruoyi.niuyabo.controller.CourseclassStudentController.classExport()', 'POST', 1, 'admin', NULL, '/niuyabo/CourseclassStudent/class/export/3738', '127.0.0.1', '内网IP', '3738', NULL, 0, NULL, '2023-08-10 17:21:49', 24);
INSERT INTO `sys_oper_log` VALUES (588, '授课信息', 5, 'com.ruoyi.niuyabo.controller.CourseclassStudentController.classExport()', 'POST', 1, 'admin', NULL, '/niuyabo/CourseclassStudent/class/export/3738', '127.0.0.1', '内网IP', '3738', NULL, 0, NULL, '2023-08-10 17:22:39', 22);
INSERT INTO `sys_oper_log` VALUES (589, '授课信息', 5, 'com.ruoyi.niuyabo.controller.CourseclassStudentController.classExport()', 'POST', 1, '教师一', NULL, '/niuyabo/CourseclassStudent/class/export/3738', '127.0.0.1', '内网IP', '3738', NULL, 0, NULL, '2023-08-10 17:23:08', 23);
INSERT INTO `sys_oper_log` VALUES (590, '授课信息', 5, 'com.ruoyi.niuyabo.controller.CourseclassStudentController.classExport()', 'POST', 1, 'admin', NULL, '/niuyabo/CourseclassStudent/class/export/3743', '127.0.0.1', '内网IP', '3743', NULL, 0, NULL, '2023-08-11 12:09:20', 742);
INSERT INTO `sys_oper_log` VALUES (591, '教师管理', 1, 'com.ruoyi.niuyabo.controller.TeacherController.add()', 'POST', 1, 'admin', NULL, '/niuyabo/teacher', '127.0.0.1', '内网IP', '{\"academicTitle\":\"中级教师\",\"courseclassTeacherList\":[{\"courseclassId\":327696,\"params\":{}}],\"createTime\":\"2023-08-11 12:14:48\",\"deptId\":105,\"evaluateScore\":\"100\",\"evaluateState\":\"0\",\"internal\":\"1\",\"params\":{},\"realName\":\"小红\",\"teacherNo\":\"100107\",\"userId\":105}', NULL, 1, '\r\n### Error updating database.  Cause: java.sql.SQLIntegrityConstraintViolationException: Duplicate entry \'105\' for key \'teacher.Index_t_user_id\'\r\n### The error may exist in file [C:\\Users\\邵小龙\\Downloads\\education-master\\education-master\\ruoyi-system\\target\\classes\\mapper\\niuyabo\\TeacherMapper.xml]\r\n### The error may involve com.ruoyi.niuyabo.mapper.TeacherMapper.insertTeacher-Inline\r\n### The error occurred while setting parameters\r\n### SQL: insert into teacher          ( dept_id,                                                    create_time,                                       teacher_no,             real_name,                          evaluate_score,             evaluate_state,             academic_title,             internal,             user_id )           values ( ?,                                                    ?,                                       ?,             ?,                          ?,             ?,             ?,             ?,             ? )\r\n### Cause: java.sql.SQLIntegrityConstraintViolationException: Duplicate entry \'105\' for key \'teacher.Index_t_user_id\'\n; Duplicate entry \'105\' for key \'teacher.Index_t_user_id\'; nested exception is java.sql.SQLIntegrityConstraintViolationException: Duplicate entry \'105\' for key \'teacher.Index_t_user_id\'', '2023-08-11 12:14:48', 78);
INSERT INTO `sys_oper_log` VALUES (592, '教师管理', 1, 'com.ruoyi.niuyabo.controller.TeacherController.add()', 'POST', 1, 'admin', NULL, '/niuyabo/teacher', '127.0.0.1', '内网IP', '{\"academicTitle\":\"中级教师\",\"courseclassTeacherList\":[{\"courseclassId\":327696,\"evaluationScore\":99,\"params\":{}}],\"createTime\":\"2023-08-11 12:14:54\",\"deptId\":105,\"evaluateScore\":\"100\",\"evaluateState\":\"0\",\"internal\":\"1\",\"params\":{},\"realName\":\"小红\",\"teacherNo\":\"100107\",\"userId\":105}', NULL, 1, '\r\n### Error updating database.  Cause: java.sql.SQLIntegrityConstraintViolationException: Duplicate entry \'105\' for key \'teacher.Index_t_user_id\'\r\n### The error may exist in file [C:\\Users\\邵小龙\\Downloads\\education-master\\education-master\\ruoyi-system\\target\\classes\\mapper\\niuyabo\\TeacherMapper.xml]\r\n### The error may involve com.ruoyi.niuyabo.mapper.TeacherMapper.insertTeacher-Inline\r\n### The error occurred while setting parameters\r\n### SQL: insert into teacher          ( dept_id,                                                    create_time,                                       teacher_no,             real_name,                          evaluate_score,             evaluate_state,             academic_title,             internal,             user_id )           values ( ?,                                                    ?,                                       ?,             ?,                          ?,             ?,             ?,             ?,             ? )\r\n### Cause: java.sql.SQLIntegrityConstraintViolationException: Duplicate entry \'105\' for key \'teacher.Index_t_user_id\'\n; Duplicate entry \'105\' for key \'teacher.Index_t_user_id\'; nested exception is java.sql.SQLIntegrityConstraintViolationException: Duplicate entry \'105\' for key \'teacher.Index_t_user_id\'', '2023-08-11 12:14:54', 6);
INSERT INTO `sys_oper_log` VALUES (593, '教师管理', 1, 'com.ruoyi.niuyabo.controller.TeacherController.add()', 'POST', 1, 'admin', NULL, '/niuyabo/teacher', '127.0.0.1', '内网IP', '{\"academicTitle\":\"中级教师\",\"courseclassTeacherList\":[{\"courseclassId\":327696,\"evaluationScore\":99,\"params\":{}}],\"createTime\":\"2023-08-11 12:16:56\",\"deptId\":105,\"evaluateScore\":\"100\",\"evaluateState\":\"0\",\"internal\":\"1\",\"params\":{},\"realName\":\"小红\",\"teacherNo\":\"100107\",\"userId\":111}', NULL, 1, '\r\n### Error updating database.  Cause: java.sql.SQLIntegrityConstraintViolationException: Duplicate entry \'111\' for key \'teacher.Index_t_user_id\'\r\n### The error may exist in file [C:\\Users\\邵小龙\\Downloads\\education-master\\education-master\\ruoyi-system\\target\\classes\\mapper\\niuyabo\\TeacherMapper.xml]\r\n### The error may involve com.ruoyi.niuyabo.mapper.TeacherMapper.insertTeacher-Inline\r\n### The error occurred while setting parameters\r\n### SQL: insert into teacher          ( dept_id,                                                    create_time,                                       teacher_no,             real_name,                          evaluate_score,             evaluate_state,             academic_title,             internal,             user_id )           values ( ?,                                                    ?,                                       ?,             ?,                          ?,             ?,             ?,             ?,             ? )\r\n### Cause: java.sql.SQLIntegrityConstraintViolationException: Duplicate entry \'111\' for key \'teacher.Index_t_user_id\'\n; Duplicate entry \'111\' for key \'teacher.Index_t_user_id\'; nested exception is java.sql.SQLIntegrityConstraintViolationException: Duplicate entry \'111\' for key \'teacher.Index_t_user_id\'', '2023-08-11 12:16:56', 7);
INSERT INTO `sys_oper_log` VALUES (594, '用户管理', 1, 'com.ruoyi.web.controller.system.SysUserController.add()', 'POST', 1, 'admin', NULL, '/system/user', '127.0.0.1', '内网IP', '{\"admin\":false,\"createBy\":\"admin\",\"deptId\":105,\"nickName\":\"计算机教师\",\"params\":{},\"postIds\":[4],\"roleIds\":[102],\"sex\":\"0\",\"status\":\"0\",\"userId\":112,\"userName\":\"教师\"}', '{\"msg\":\"操作成功\",\"code\":200}', 0, NULL, '2023-08-11 12:19:52', 154);
INSERT INTO `sys_oper_log` VALUES (595, '教师管理', 1, 'com.ruoyi.niuyabo.controller.TeacherController.add()', 'POST', 1, 'admin', NULL, '/niuyabo/teacher', '127.0.0.1', '内网IP', '{\"academicTitle\":\"中级\",\"courseclassTeacherList\":[{\"courseclassId\":327696,\"evaluationScore\":99,\"params\":{},\"teacherId\":3751}],\"createTime\":\"2023-08-11 12:21:04\",\"deptId\":105,\"evaluateScore\":\"99\",\"evaluateState\":\"0\",\"internal\":\"1\",\"params\":{},\"realName\":\"小红\",\"teacherId\":3751,\"teacherNo\":\"100107\",\"userId\":112}', '{\"msg\":\"操作成功\",\"code\":200}', 0, NULL, '2023-08-11 12:21:04', 15);
INSERT INTO `sys_oper_log` VALUES (596, '用户管理', 1, 'com.ruoyi.web.controller.system.SysUserController.add()', 'POST', 1, 'admin', NULL, '/system/user', '127.0.0.1', '内网IP', '{\"admin\":false,\"createBy\":\"admin\",\"deptId\":106,\"nickName\":\"李教师\",\"params\":{},\"postIds\":[4],\"roleIds\":[102],\"sex\":\"0\",\"status\":\"0\",\"userId\":113,\"userName\":\"qq\"}', '{\"msg\":\"操作成功\",\"code\":200}', 0, NULL, '2023-08-11 12:23:39', 120);
INSERT INTO `sys_oper_log` VALUES (597, '教师管理', 1, 'com.ruoyi.niuyabo.controller.TeacherController.add()', 'POST', 1, 'admin', NULL, '/niuyabo/teacher', '127.0.0.1', '内网IP', '{\"academicTitle\":\"中级\",\"courseclassTeacherList\":[{\"courseclassId\":327690,\"evaluationScore\":99,\"params\":{},\"teacherId\":3752}],\"createTime\":\"2023-08-11 12:24:22\",\"deptId\":100,\"evaluateScore\":\"99\",\"evaluateState\":\"0\",\"internal\":\"1\",\"params\":{},\"realName\":\"小李\",\"teacherId\":3752,\"teacherNo\":\"100108\",\"userId\":113}', '{\"msg\":\"操作成功\",\"code\":200}', 0, NULL, '2023-08-11 12:24:22', 14);
INSERT INTO `sys_oper_log` VALUES (598, '授课信息', 5, 'com.ruoyi.niuyabo.controller.CourseclassStudentController.classExport()', 'POST', 1, 'admin', NULL, '/niuyabo/CourseclassStudent/class/export/327695', '127.0.0.1', '内网IP', '327695', NULL, 0, NULL, '2023-08-11 12:39:59', 721);
INSERT INTO `sys_oper_log` VALUES (599, '授课信息', 5, 'com.ruoyi.niuyabo.controller.CourseclassStudentController.classExport()', 'POST', 1, 'admin', NULL, '/niuyabo/CourseclassStudent/class/export/327696', '127.0.0.1', '内网IP', '327696', NULL, 0, NULL, '2023-08-11 12:40:44', 18);
INSERT INTO `sys_oper_log` VALUES (600, '授课信息', 5, 'com.ruoyi.niuyabo.controller.CourseclassStudentController.classExport()', 'POST', 1, 'admin', NULL, '/niuyabo/CourseclassStudent/class/export/327697', '127.0.0.1', '内网IP', '327697', NULL, 0, NULL, '2023-08-11 12:40:55', 16);
INSERT INTO `sys_oper_log` VALUES (601, '用户管理', 1, 'com.ruoyi.web.controller.system.SysUserController.add()', 'POST', 1, 'admin', NULL, '/system/user', '127.0.0.1', '内网IP', '{\"admin\":false,\"createBy\":\"admin\",\"deptId\":105,\"nickName\":\"学生02\",\"params\":{},\"postIds\":[3],\"roleIds\":[103],\"sex\":\"0\",\"status\":\"0\",\"userId\":114,\"userName\":\"小赵\"}', '{\"msg\":\"操作成功\",\"code\":200}', 0, NULL, '2023-08-11 12:42:43', 171);
INSERT INTO `sys_oper_log` VALUES (602, '学生管理', 1, 'com.ruoyi.niuyabo.controller.StudentController.add()', 'POST', 1, 'admin', NULL, '/niuyabo/student', '127.0.0.1', '内网IP', '{\"courseclassStudentList\":[{\"courseclassId\":327696,\"params\":{},\"pingshiScore\":68,\"qimoScore\":88,\"studentId\":131082,\"zongpingScore\":91}],\"createTime\":\"2023-08-11 12:44:00\",\"gender\":\"男\",\"grade\":\"大三\",\"meataclassId\":4102,\"params\":{},\"realName\":\"小赵\",\"studentId\":131082,\"studentNo\":\"10021\",\"userId\":114}', '{\"msg\":\"操作成功\",\"code\":200}', 0, NULL, '2023-08-11 12:44:00', 31);
INSERT INTO `sys_oper_log` VALUES (603, '用户管理', 1, 'com.ruoyi.web.controller.system.SysUserController.add()', 'POST', 1, 'admin', NULL, '/system/user', '127.0.0.1', '内网IP', '{\"admin\":false,\"createBy\":\"admin\",\"deptId\":106,\"nickName\":\"学生02\",\"params\":{},\"postIds\":[3],\"roleIds\":[103],\"sex\":\"0\",\"status\":\"0\",\"userId\":115,\"userName\":\"小王\"}', '{\"msg\":\"操作成功\",\"code\":200}', 0, NULL, '2023-08-11 12:45:54', 123);
INSERT INTO `sys_oper_log` VALUES (604, '学生管理', 1, 'com.ruoyi.niuyabo.controller.StudentController.add()', 'POST', 1, 'admin', NULL, '/niuyabo/student', '127.0.0.1', '内网IP', '{\"courseclassStudentList\":[{\"courseclassId\":327697,\"params\":{},\"pingshiScore\":87,\"qimoScore\":90,\"studentId\":131083,\"zongpingScore\":96}],\"createTime\":\"2023-08-11 12:46:56\",\"gender\":\"男\",\"grade\":\"大三\",\"meataclassId\":4103,\"params\":{},\"realName\":\"小王\",\"studentId\":131083,\"studentNo\":\"10022\",\"userId\":115}', '{\"msg\":\"操作成功\",\"code\":200}', 0, NULL, '2023-08-11 12:46:56', 12);
INSERT INTO `sys_oper_log` VALUES (605, '授课信息', 5, 'com.ruoyi.niuyabo.controller.CourseclassStudentController.classExport()', 'POST', 1, 'admin', NULL, '/niuyabo/CourseclassStudent/class/export/327697', '127.0.0.1', '内网IP', '327697', NULL, 1, 'Cannot invoke \"com.ruoyi.niuyabo.domain.Metaclass.getMetaclassName()\" because the return value of \"com.ruoyi.niuyabo.domain.CourseclassMetaclass.getMetaclass()\" is null', '2023-08-11 12:47:17', 13);
INSERT INTO `sys_oper_log` VALUES (606, '授课信息', 5, 'com.ruoyi.niuyabo.controller.CourseclassStudentController.classExport()', 'POST', 1, 'admin', NULL, '/niuyabo/CourseclassStudent/class/export/327697', '127.0.0.1', '内网IP', '327697', NULL, 0, NULL, '2023-08-11 12:48:48', 29);
INSERT INTO `sys_oper_log` VALUES (607, '授课信息', 5, 'com.ruoyi.niuyabo.controller.CourseclassStudentController.classExport()', 'POST', 1, 'admin', NULL, '/niuyabo/CourseclassStudent/class/export/327696', '127.0.0.1', '内网IP', '327696', NULL, 0, NULL, '2023-08-11 12:48:59', 32);
INSERT INTO `sys_oper_log` VALUES (608, '授课信息', 5, 'com.ruoyi.niuyabo.controller.CourseclassStudentController.classExport()', 'POST', 1, 'admin', NULL, '/niuyabo/CourseclassStudent/class/export/327695', '127.0.0.1', '内网IP', '327695', NULL, 0, NULL, '2023-08-11 12:49:09', 22);
INSERT INTO `sys_oper_log` VALUES (609, '授课信息', 5, 'com.ruoyi.niuyabo.controller.CourseclassStudentController.classExport()', 'POST', 1, 'admin', NULL, '/niuyabo/CourseclassStudent/class/export/327688', '127.0.0.1', '内网IP', '327688', NULL, 0, NULL, '2023-08-11 13:02:19', 23);
INSERT INTO `sys_oper_log` VALUES (610, '授课信息', 5, 'com.ruoyi.niuyabo.controller.CourseclassStudentController.classExport()', 'POST', 1, 'admin', NULL, '/niuyabo/CourseclassStudent/class/export/327690', '127.0.0.1', '内网IP', '327690', NULL, 0, NULL, '2023-08-11 13:02:26', 22);
INSERT INTO `sys_oper_log` VALUES (611, '授课信息', 5, 'com.ruoyi.niuyabo.controller.CourseclassStudentController.classExport()', 'POST', 1, 'admin', NULL, '/niuyabo/CourseclassStudent/class/export/327694', '127.0.0.1', '内网IP', '327694', NULL, 0, NULL, '2023-08-11 13:02:33', 10);
INSERT INTO `sys_oper_log` VALUES (612, '授课信息', 5, 'com.ruoyi.niuyabo.controller.CourseclassStudentController.classExport()', 'POST', 1, 'admin', NULL, '/niuyabo/CourseclassStudent/class/export/327694', '127.0.0.1', '内网IP', '327694', NULL, 0, NULL, '2023-08-11 13:03:36', 21);
INSERT INTO `sys_oper_log` VALUES (613, '角色管理', 2, 'com.ruoyi.web.controller.system.SysRoleController.edit()', 'PUT', 1, 'admin', NULL, '/system/role', '127.0.0.1', '内网IP', '{\"admin\":false,\"createTime\":\"2023-07-02 12:44:17\",\"dataScope\":\"5\",\"delFlag\":\"0\",\"deptCheckStrictly\":false,\"flag\":false,\"menuCheckStrictly\":false,\"menuIds\":[100,1000,1004,1007,1008,1009,1010,1011,1012,1013,1014,1015,1016,1017,1018,1019,1020,1021,1022,1023,1024,1025,1026,1027,1028,1029,1030,1031,1032,1033,1034,1035,1036,1037,1038,500,1039,1040,1041,501,1042,1043,1044,1045,2050,2014,2015,2016,2017,2018,2026,2027,2028,2029,2030,2033,2037,2020,2021,2022,2023,2024,2039,2044,2045,2046,2047,2048,2049,2063,2051,2052,2053,2054,2055,2056,2058,2059,2060,2061,2062],\"params\":{},\"roleId\":102,\"roleKey\":\"teacher\",\"roleName\":\"教师\",\"roleSort\":5,\"status\":\"0\",\"updateBy\":\"admin\"}', '{\"msg\":\"操作成功\",\"code\":200}', 0, NULL, '2023-08-11 14:01:55', 84);
INSERT INTO `sys_oper_log` VALUES (614, '授课信息', 5, 'com.ruoyi.niuyabo.controller.CourseclassStudentController.classExport()', 'POST', 1, '教师一', NULL, '/niuyabo/CourseclassStudent/class/export/327688', '127.0.0.1', '内网IP', '327688', NULL, 0, NULL, '2023-08-11 14:18:49', 759);
INSERT INTO `sys_oper_log` VALUES (615, '代码生成', 3, 'com.ruoyi.generator.controller.GenController.remove()', 'DELETE', 1, 'admin', NULL, '/tool/gen/6', '127.0.0.1', '内网IP', '{}', '{\"msg\":\"操作成功\",\"code\":200}', 0, NULL, '2023-08-27 13:26:31', 31);
INSERT INTO `sys_oper_log` VALUES (616, '代码生成', 3, 'com.ruoyi.generator.controller.GenController.remove()', 'DELETE', 1, 'admin', NULL, '/tool/gen/7', '127.0.0.1', '内网IP', '{}', '{\"msg\":\"操作成功\",\"code\":200}', 0, NULL, '2023-08-27 13:26:33', 8);
INSERT INTO `sys_oper_log` VALUES (617, '代码生成', 3, 'com.ruoyi.generator.controller.GenController.remove()', 'DELETE', 1, 'admin', NULL, '/tool/gen/8,9,10,11,12,13,14,15,16,17', '127.0.0.1', '内网IP', '{}', '{\"msg\":\"操作成功\",\"code\":200}', 0, NULL, '2023-08-27 13:26:36', 17);
INSERT INTO `sys_oper_log` VALUES (618, '代码生成', 3, 'com.ruoyi.generator.controller.GenController.remove()', 'DELETE', 1, 'admin', NULL, '/tool/gen/18,19,20,21,22,23', '127.0.0.1', '内网IP', '{}', '{\"msg\":\"操作成功\",\"code\":200}', 0, NULL, '2023-08-27 13:26:47', 13);
INSERT INTO `sys_oper_log` VALUES (619, '代码生成', 6, 'com.ruoyi.generator.controller.GenController.importTableSave()', 'POST', 1, 'admin', NULL, '/tool/gen/importTable', '127.0.0.1', '内网IP', '{\"tables\":\"course\"}', '{\"msg\":\"操作成功\",\"code\":200}', 0, NULL, '2023-08-27 13:26:50', 61);
INSERT INTO `sys_oper_log` VALUES (620, '代码生成', 6, 'com.ruoyi.generator.controller.GenController.importTableSave()', 'POST', 1, 'admin', NULL, '/tool/gen/importTable', '127.0.0.1', '内网IP', '{\"tables\":\"sys_dept\"}', '{\"msg\":\"操作成功\",\"code\":200}', 0, NULL, '2023-08-27 13:29:45', 39);
INSERT INTO `sys_oper_log` VALUES (621, '代码生成', 8, 'com.ruoyi.generator.controller.GenController.batchGenCode()', 'GET', 1, 'admin', NULL, '/tool/gen/batchGenCode', '127.0.0.1', '内网IP', '{\"tables\":\"course\"}', NULL, 0, NULL, '2023-08-27 13:36:45', 174);
INSERT INTO `sys_oper_log` VALUES (622, '代码生成', 2, 'com.ruoyi.generator.controller.GenController.editSave()', 'PUT', 1, 'admin', NULL, '/tool/gen', '127.0.0.1', '内网IP', '{\"businessName\":\"course\",\"className\":\"Course\",\"columns\":[{\"capJavaField\":\"CourseId\",\"columnComment\":\"课程id\",\"columnId\":244,\"columnName\":\"course_id\",\"columnType\":\"int\",\"createBy\":\"admin\",\"createTime\":\"2023-08-27 13:26:50\",\"dictType\":\"\",\"edit\":false,\"htmlType\":\"input\",\"increment\":true,\"insert\":true,\"isIncrement\":\"1\",\"isInsert\":\"1\",\"isPk\":\"1\",\"javaField\":\"courseId\",\"javaType\":\"Long\",\"list\":false,\"params\":{},\"pk\":true,\"query\":false,\"queryType\":\"EQ\",\"required\":false,\"sort\":1,\"superColumn\":false,\"tableId\":24,\"updateBy\":\"\",\"usableColumn\":false},{\"capJavaField\":\"DeptId\",\"columnComment\":\"部门id\",\"columnId\":245,\"columnName\":\"dept_id\",\"columnType\":\"bigint\",\"createBy\":\"admin\",\"createTime\":\"2023-08-27 13:26:50\",\"dictType\":\"\",\"edit\":true,\"htmlType\":\"input\",\"increment\":false,\"insert\":true,\"isEdit\":\"1\",\"isIncrement\":\"0\",\"isInsert\":\"1\",\"isList\":\"1\",\"isPk\":\"0\",\"isQuery\":\"1\",\"javaField\":\"deptId\",\"javaType\":\"Long\",\"list\":true,\"params\":{},\"pk\":false,\"query\":true,\"queryType\":\"EQ\",\"required\":false,\"sort\":2,\"superColumn\":false,\"tableId\":24,\"updateBy\":\"\",\"usableColumn\":false},{\"capJavaField\":\"Status\",\"columnComment\":\"状态\",\"columnId\":246,\"columnName\":\"status\",\"columnType\":\"char(1)\",\"createBy\":\"admin\",\"createTime\":\"2023-08-27 13:26:50\",\"dictType\":\"\",\"edit\":true,\"htmlType\":\"radio\",\"increment\":false,\"insert\":true,\"isEdit\":\"1\",\"isIncrement\":\"0\",\"isInsert\":\"1\",\"isList\":\"1\",\"isPk\":\"0\",\"isQuery\":\"1\",\"javaField\":\"status\",\"javaType\":\"String\",\"list\":true,\"params\":{},\"pk\":false,\"query\":true,\"queryType\":\"EQ\",\"required\":false,\"sort\":3,\"superColumn\":false,\"tableId\":24,\"updateBy\":\"\",\"usableColumn\":false},{\"capJavaField\":\"DelFlag\",\"columnComment\":\"是否删除 （2）删除  （0）存在正常\",\"columnId\":247,\"columnName\":\"del_flag\",\"columnType\":\"char(1)\",\"createBy\":\"admin\",\"createTime\":\"2023-08-27 13:26:50\",\"dictType\":\"\",\"edit\":false,\"htmlType\":\"input\",\"increment\":false,\"insert\":true,\"isIncrement\":\"0\",\"isInsert\":\"1\",\"isPk\":\"0\",\"javaField\":\"delFlag\",\"javaType\":\"String\",\"list\":false,\"params\":{},\"pk\":false,\"query\":false,\"queryType\":\"EQ\",\"r', '{\"msg\":\"操作成功\",\"code\":200}', 0, NULL, '2023-08-27 13:37:24', 46);
INSERT INTO `sys_oper_log` VALUES (623, '代码生成', 8, 'com.ruoyi.generator.controller.GenController.batchGenCode()', 'GET', 1, 'admin', NULL, '/tool/gen/batchGenCode', '127.0.0.1', '内网IP', '{\"tables\":\"course\"}', NULL, 0, NULL, '2023-08-27 13:55:28', 164);
INSERT INTO `sys_oper_log` VALUES (624, '代码生成', 6, 'com.ruoyi.generator.controller.GenController.importTableSave()', 'POST', 1, 'admin', NULL, '/tool/gen/importTable', '127.0.0.1', '内网IP', '{\"tables\":\"metaclass\"}', '{\"msg\":\"操作成功\",\"code\":200}', 0, NULL, '2023-08-27 14:07:53', 63);
INSERT INTO `sys_oper_log` VALUES (625, '菜单管理', 3, 'com.ruoyi.web.controller.system.SysMenuController.remove()', 'DELETE', 1, 'admin', NULL, '/system/menu/2058', '127.0.0.1', '内网IP', '{}', '{\"msg\":\"菜单已分配,不允许删除\",\"code\":601}', 0, NULL, '2023-08-29 08:12:27', 17);
INSERT INTO `sys_oper_log` VALUES (626, '菜单管理', 3, 'com.ruoyi.web.controller.system.SysMenuController.remove()', 'DELETE', 1, 'admin', NULL, '/system/menu/2058', '127.0.0.1', '内网IP', '{}', '{\"msg\":\"菜单已分配,不允许删除\",\"code\":601}', 0, NULL, '2023-08-29 08:15:26', 5);
INSERT INTO `sys_oper_log` VALUES (627, '菜单管理', 2, 'com.ruoyi.web.controller.system.SysMenuController.edit()', 'PUT', 1, 'admin', NULL, '/system/menu', '127.0.0.1', '内网IP', '{\"children\":[],\"component\":\"\",\"createBy\":\"\",\"createTime\":\"2023-07-08 18:16:58\",\"icon\":\"cascader\",\"isCache\":\"0\",\"isFrame\":\"1\",\"menuId\":2050,\"menuName\":\"成绩管理系统\",\"menuType\":\"M\",\"orderNum\":1,\"params\":{},\"parentId\":0,\"parentName\":\"\",\"path\":\"niuyabo\",\"perms\":\"\",\"query\":\"\",\"remark\":\"\",\"status\":\"0\",\"updateBy\":\"admin\",\"visible\":\"0\"}', '{\"msg\":\"操作成功\",\"code\":200}', 0, NULL, '2023-08-30 13:46:26', 15);
INSERT INTO `sys_oper_log` VALUES (628, '菜单管理', 3, 'com.ruoyi.web.controller.system.SysMenuController.remove()', 'DELETE', 1, 'admin', NULL, '/system/menu/2013', '127.0.0.1', '内网IP', '{}', '{\"msg\":\"存在子菜单,不允许删除\",\"code\":601}', 0, NULL, '2023-08-30 13:46:45', 3);
INSERT INTO `sys_oper_log` VALUES (629, '菜单管理', 2, 'com.ruoyi.web.controller.system.SysMenuController.edit()', 'PUT', 1, 'admin', NULL, '/system/menu', '127.0.0.1', '内网IP', '{\"children\":[],\"component\":\"niuyabo/course/index\",\"createBy\":\"\",\"createTime\":\"2023-07-08 08:37:14\",\"icon\":\"#\",\"isCache\":\"0\",\"isFrame\":\"1\",\"menuId\":2013,\"menuName\":\"课程管理\",\"menuType\":\"C\",\"orderNum\":1,\"params\":{},\"parentId\":2050,\"parentName\":\"\",\"path\":\"course\",\"perms\":\"student:course:list\",\"query\":\"\",\"remark\":\"\",\"status\":\"0\",\"updateBy\":\"admin\",\"visible\":\"0\"}', '{\"msg\":\"操作成功\",\"code\":200}', 0, NULL, '2023-08-30 13:47:17', 7);
INSERT INTO `sys_oper_log` VALUES (630, '用户管理', 1, 'com.ruoyi.web.controller.system.SysUserController.add()', 'POST', 1, 'admin', NULL, '/system/user', '127.0.0.1', '内网IP', '{\"admin\":false,\"createBy\":\"admin\",\"deptId\":101,\"nickName\":\"利思想\",\"params\":{},\"postIds\":[],\"roleIds\":[],\"status\":\"0\",\"userId\":116,\"userName\":\"李爱香\"}', '{\"msg\":\"操作成功\",\"code\":200}', 0, NULL, '2023-08-30 14:43:58', 87);
INSERT INTO `sys_oper_log` VALUES (631, '角色管理', 3, 'com.ruoyi.web.controller.system.SysRoleController.remove()', 'DELETE', 1, 'admin', NULL, '/system/role/2', '127.0.0.1', '内网IP', '{}', '{\"msg\":\"操作成功\",\"code\":200}', 0, NULL, '2023-08-30 15:43:11', 22);
INSERT INTO `sys_oper_log` VALUES (632, '部门管理', 3, 'com.ruoyi.web.controller.system.SysDeptController.remove()', 'DELETE', 1, 'admin', NULL, '/system/dept/103', '127.0.0.1', '内网IP', '{}', '{\"msg\":\"部门存在用户,不允许删除\",\"code\":601}', 0, NULL, '2023-08-30 16:26:18', 8);
INSERT INTO `sys_oper_log` VALUES (633, '部门管理', 3, 'com.ruoyi.web.controller.system.SysDeptController.remove()', 'DELETE', 1, 'admin', NULL, '/system/dept/103', '127.0.0.1', '内网IP', '{}', '{\"msg\":\"部门存在用户,不允许删除\",\"code\":601}', 0, NULL, '2023-08-30 16:26:21', 4);
INSERT INTO `sys_oper_log` VALUES (634, '用户管理', 3, 'com.ruoyi.web.controller.system.SysUserController.remove()', 'DELETE', 1, 'admin', NULL, '/system/user/106', '127.0.0.1', '内网IP', '{}', '{\"msg\":\"操作成功\",\"code\":200}', 0, NULL, '2023-08-30 16:26:38', 46);
INSERT INTO `sys_oper_log` VALUES (635, '用户管理', 3, 'com.ruoyi.web.controller.system.SysUserController.remove()', 'DELETE', 1, 'admin', NULL, '/system/user/108', '127.0.0.1', '内网IP', '{}', '{\"msg\":\"操作成功\",\"code\":200}', 0, NULL, '2023-08-30 16:26:46', 11);
INSERT INTO `sys_oper_log` VALUES (636, '用户管理', 3, 'com.ruoyi.web.controller.system.SysUserController.remove()', 'DELETE', 1, 'admin', NULL, '/system/user/112', '127.0.0.1', '内网IP', '{}', '{\"msg\":\"操作成功\",\"code\":200}', 0, NULL, '2023-08-30 16:26:51', 10);
INSERT INTO `sys_oper_log` VALUES (637, '用户管理', 3, 'com.ruoyi.web.controller.system.SysUserController.remove()', 'DELETE', 1, 'admin', NULL, '/system/user/113', '127.0.0.1', '内网IP', '{}', '{\"msg\":\"操作成功\",\"code\":200}', 0, NULL, '2023-08-30 16:26:54', 6);
INSERT INTO `sys_oper_log` VALUES (638, '用户管理', 3, 'com.ruoyi.web.controller.system.SysUserController.remove()', 'DELETE', 1, 'admin', NULL, '/system/user/114', '127.0.0.1', '内网IP', '{}', '{\"msg\":\"操作成功\",\"code\":200}', 0, NULL, '2023-08-30 16:26:56', 8);
INSERT INTO `sys_oper_log` VALUES (639, '用户管理', 3, 'com.ruoyi.web.controller.system.SysUserController.remove()', 'DELETE', 1, 'admin', NULL, '/system/user/115', '127.0.0.1', '内网IP', '{}', '{\"msg\":\"操作成功\",\"code\":200}', 0, NULL, '2023-08-30 16:26:58', 9);
INSERT INTO `sys_oper_log` VALUES (640, '部门管理', 3, 'com.ruoyi.web.controller.system.SysDeptController.remove()', 'DELETE', 1, 'admin', NULL, '/system/dept/103', '127.0.0.1', '内网IP', '{}', '{\"msg\":\"操作成功\",\"code\":200}', 0, NULL, '2023-08-30 16:27:06', 10);
INSERT INTO `sys_oper_log` VALUES (641, '部门管理', 3, 'com.ruoyi.web.controller.system.SysDeptController.remove()', 'DELETE', 1, 'admin', NULL, '/system/dept/104', '127.0.0.1', '内网IP', '{}', '{\"msg\":\"操作成功\",\"code\":200}', 0, NULL, '2023-08-30 16:27:09', 10);
INSERT INTO `sys_oper_log` VALUES (642, '部门管理', 3, 'com.ruoyi.web.controller.system.SysDeptController.remove()', 'DELETE', 1, 'admin', NULL, '/system/dept/105', '127.0.0.1', '内网IP', '{}', '{\"msg\":\"操作成功\",\"code\":200}', 0, NULL, '2023-08-30 16:27:11', 9);
INSERT INTO `sys_oper_log` VALUES (643, '部门管理', 3, 'com.ruoyi.web.controller.system.SysDeptController.remove()', 'DELETE', 1, 'admin', NULL, '/system/dept/106', '127.0.0.1', '内网IP', '{}', '{\"msg\":\"操作成功\",\"code\":200}', 0, NULL, '2023-08-30 16:27:12', 8);
INSERT INTO `sys_oper_log` VALUES (644, '部门管理', 3, 'com.ruoyi.web.controller.system.SysDeptController.remove()', 'DELETE', 1, 'admin', NULL, '/system/dept/107', '127.0.0.1', '内网IP', '{}', '{\"msg\":\"操作成功\",\"code\":200}', 0, NULL, '2023-08-30 16:27:14', 7);
INSERT INTO `sys_oper_log` VALUES (645, '部门管理', 3, 'com.ruoyi.web.controller.system.SysDeptController.remove()', 'DELETE', 1, 'admin', NULL, '/system/dept/108', '127.0.0.1', '内网IP', '{}', '{\"msg\":\"操作成功\",\"code\":200}', 0, NULL, '2023-08-30 16:27:27', 8);
INSERT INTO `sys_oper_log` VALUES (646, '部门管理', 3, 'com.ruoyi.web.controller.system.SysDeptController.remove()', 'DELETE', 1, 'admin', NULL, '/system/dept/109', '127.0.0.1', '内网IP', '{}', '{\"msg\":\"操作成功\",\"code\":200}', 0, NULL, '2023-08-30 16:27:29', 9);
INSERT INTO `sys_oper_log` VALUES (647, '菜单管理', 3, 'com.ruoyi.web.controller.system.SysMenuController.remove()', 'DELETE', 1, 'admin', NULL, '/system/menu/2018', '127.0.0.1', '内网IP', '{}', '{\"msg\":\"菜单已分配,不允许删除\",\"code\":601}', 0, NULL, '2023-08-30 16:28:34', 6);
INSERT INTO `sys_oper_log` VALUES (648, '用户管理', 3, 'com.ruoyi.web.controller.system.SysUserController.remove()', 'DELETE', 1, 'admin', NULL, '/system/user/116', '127.0.0.1', '内网IP', '{}', '{\"msg\":\"操作成功\",\"code\":200}', 0, NULL, '2023-08-30 16:42:58', 9);
INSERT INTO `sys_oper_log` VALUES (649, '用户管理', 1, 'com.ruoyi.web.controller.system.SysUserController.add()', 'POST', 1, 'admin', NULL, '/system/user', '127.0.0.1', '内网IP', '{\"admin\":false,\"createBy\":\"admin\",\"deptId\":101,\"nickName\":\"李华\",\"params\":{},\"postIds\":[4],\"roleIds\":[102],\"sex\":\"0\",\"status\":\"0\",\"userId\":117,\"userName\":\"李华\"}', '{\"msg\":\"操作成功\",\"code\":200}', 0, NULL, '2023-08-30 16:43:40', 82);
INSERT INTO `sys_oper_log` VALUES (650, '用户管理', 2, 'com.ruoyi.web.controller.system.SysUserController.edit()', 'PUT', 1, 'admin', NULL, '/system/user', '127.0.0.1', '内网IP', '{\"admin\":false,\"avatar\":\"\",\"createBy\":\"admin\",\"createTime\":\"2023-08-30 16:43:40\",\"delFlag\":\"0\",\"dept\":{\"ancestors\":\"0,100\",\"children\":[],\"deptId\":101,\"deptName\":\"计算机与信息工程学院\",\"leader\":\"\",\"orderNum\":1,\"params\":{},\"parentId\":100,\"status\":\"0\"},\"deptId\":101,\"email\":\"\",\"loginDate\":\"2023-08-30 16:54:14\",\"loginIp\":\"127.0.0.1\",\"nickName\":\"李华\",\"params\":{},\"phonenumber\":\"\",\"postIds\":[4],\"roleIds\":[102,100],\"roles\":[{\"admin\":false,\"dataScope\":\"5\",\"deptCheckStrictly\":false,\"flag\":false,\"menuCheckStrictly\":false,\"params\":{},\"roleId\":102,\"roleKey\":\"teacher\",\"roleName\":\"教师\",\"roleSort\":5,\"status\":\"0\"}],\"sex\":\"0\",\"status\":\"0\",\"updateBy\":\"admin\",\"userId\":117,\"userName\":\"李华\"}', '{\"msg\":\"操作成功\",\"code\":200}', 0, NULL, '2023-08-30 21:44:36', 50);
INSERT INTO `sys_oper_log` VALUES (651, '用户管理', 2, 'com.ruoyi.web.controller.system.SysUserController.edit()', 'PUT', 1, 'admin', NULL, '/system/user', '127.0.0.1', '内网IP', '{\"admin\":false,\"avatar\":\"\",\"createBy\":\"admin\",\"createTime\":\"2023-08-30 16:43:40\",\"delFlag\":\"0\",\"dept\":{\"ancestors\":\"0,100\",\"children\":[],\"deptId\":101,\"deptName\":\"计算机与信息工程学院\",\"leader\":\"\",\"orderNum\":1,\"params\":{},\"parentId\":100,\"status\":\"0\"},\"deptId\":101,\"email\":\"\",\"loginDate\":\"2023-08-30 16:54:14\",\"loginIp\":\"127.0.0.1\",\"nickName\":\"李华\",\"params\":{},\"phonenumber\":\"\",\"postIds\":[4],\"roleIds\":[100],\"roles\":[{\"admin\":false,\"dataScope\":\"4\",\"deptCheckStrictly\":false,\"flag\":false,\"menuCheckStrictly\":false,\"params\":{},\"roleId\":100,\"roleKey\":\"battalion\",\"roleName\":\"学校管理员\",\"roleSort\":3,\"status\":\"0\"},{\"admin\":false,\"dataScope\":\"5\",\"deptCheckStrictly\":false,\"flag\":false,\"menuCheckStrictly\":false,\"params\":{},\"roleId\":102,\"roleKey\":\"teacher\",\"roleName\":\"教师\",\"roleSort\":5,\"status\":\"0\"}],\"sex\":\"0\",\"status\":\"0\",\"updateBy\":\"admin\",\"userId\":117,\"userName\":\"李华\"}', '{\"msg\":\"操作成功\",\"code\":200}', 0, NULL, '2023-08-30 21:44:42', 14);
INSERT INTO `sys_oper_log` VALUES (652, '代码生成', 2, 'com.ruoyi.generator.controller.GenController.editSave()', 'PUT', 1, 'admin', NULL, '/tool/gen', '127.0.0.1', '内网IP', '{\"businessName\":\"course\",\"className\":\"Course\",\"columns\":[{\"capJavaField\":\"CourseId\",\"columnComment\":\"课程id\",\"columnId\":244,\"columnName\":\"course_id\",\"columnType\":\"int\",\"createBy\":\"admin\",\"createTime\":\"2023-08-27 13:26:50\",\"dictType\":\"\",\"edit\":false,\"htmlType\":\"input\",\"increment\":true,\"insert\":true,\"isIncrement\":\"1\",\"isInsert\":\"1\",\"isPk\":\"1\",\"javaField\":\"courseId\",\"javaType\":\"Long\",\"list\":false,\"params\":{},\"pk\":true,\"query\":false,\"queryType\":\"EQ\",\"required\":false,\"sort\":1,\"superColumn\":false,\"tableId\":24,\"updateBy\":\"\",\"updateTime\":\"2023-08-27 13:37:24\",\"usableColumn\":false},{\"capJavaField\":\"DeptId\",\"columnComment\":\"部门id\",\"columnId\":245,\"columnName\":\"dept_id\",\"columnType\":\"bigint\",\"createBy\":\"admin\",\"createTime\":\"2023-08-27 13:26:50\",\"dictType\":\"\",\"edit\":true,\"htmlType\":\"input\",\"increment\":false,\"insert\":true,\"isEdit\":\"1\",\"isIncrement\":\"0\",\"isInsert\":\"1\",\"isList\":\"1\",\"isPk\":\"0\",\"isQuery\":\"1\",\"javaField\":\"deptId\",\"javaType\":\"Long\",\"list\":true,\"params\":{},\"pk\":false,\"query\":true,\"queryType\":\"EQ\",\"required\":false,\"sort\":2,\"superColumn\":false,\"tableId\":24,\"updateBy\":\"\",\"updateTime\":\"2023-08-27 13:37:24\",\"usableColumn\":false},{\"capJavaField\":\"Status\",\"columnComment\":\"状态\",\"columnId\":246,\"columnName\":\"status\",\"columnType\":\"char(1)\",\"createBy\":\"admin\",\"createTime\":\"2023-08-27 13:26:50\",\"dictType\":\"\",\"edit\":true,\"htmlType\":\"radio\",\"increment\":false,\"insert\":true,\"isEdit\":\"1\",\"isIncrement\":\"0\",\"isInsert\":\"1\",\"isList\":\"1\",\"isPk\":\"0\",\"isQuery\":\"1\",\"javaField\":\"status\",\"javaType\":\"String\",\"list\":true,\"params\":{},\"pk\":false,\"query\":true,\"queryType\":\"EQ\",\"required\":false,\"sort\":3,\"superColumn\":false,\"tableId\":24,\"updateBy\":\"\",\"updateTime\":\"2023-08-27 13:37:24\",\"usableColumn\":false},{\"capJavaField\":\"DelFlag\",\"columnComment\":\"是否删除 （2）删除  （0）存在正常\",\"columnId\":247,\"columnName\":\"del_flag\",\"columnType\":\"char(1)\",\"createBy\":\"admin\",\"createTime\":\"2023-08-27 13:26:50\",\"dictType\":\"\",\"edit\":false,\"htmlType\":\"input\",\"increment\":false,\"insert\":true,\"isIncrement\":\"0\",\"isInsert\":\"1\",\"isPk\":\"0\",\"javaF', '{\"msg\":\"操作成功\",\"code\":200}', 0, NULL, '2023-08-30 21:45:05', 61);
INSERT INTO `sys_oper_log` VALUES (653, '用户管理', 2, 'com.ruoyi.web.controller.system.SysUserController.edit()', 'PUT', 1, 'admin', NULL, '/system/user', '127.0.0.1', '内网IP', '{\"admin\":false,\"avatar\":\"\",\"createBy\":\"admin\",\"createTime\":\"2023-08-30 16:43:40\",\"delFlag\":\"0\",\"dept\":{\"ancestors\":\"0,100\",\"children\":[],\"deptId\":101,\"deptName\":\"计算机与信息工程学院\",\"leader\":\"\",\"orderNum\":1,\"params\":{},\"parentId\":100,\"status\":\"0\"},\"deptId\":101,\"email\":\"\",\"loginDate\":\"2023-08-30 16:54:14\",\"loginIp\":\"127.0.0.1\",\"nickName\":\"李华\",\"params\":{},\"phonenumber\":\"\",\"postIds\":[4],\"roleIds\":[100],\"roles\":[{\"admin\":false,\"dataScope\":\"4\",\"deptCheckStrictly\":false,\"flag\":false,\"menuCheckStrictly\":false,\"params\":{},\"roleId\":100,\"roleKey\":\"battalion\",\"roleName\":\"学校管理员\",\"roleSort\":3,\"status\":\"0\"}],\"sex\":\"0\",\"status\":\"0\",\"updateBy\":\"admin\",\"userId\":117,\"userName\":\"李华\"}', '{\"msg\":\"操作成功\",\"code\":200}', 0, NULL, '2023-08-31 09:24:50', 30);
INSERT INTO `sys_oper_log` VALUES (654, '用户管理', 2, 'com.ruoyi.web.controller.system.SysUserController.edit()', 'PUT', 1, 'admin', NULL, '/system/user', '127.0.0.1', '内网IP', '{\"admin\":false,\"avatar\":\"\",\"createBy\":\"admin\",\"createTime\":\"2023-08-30 16:43:40\",\"delFlag\":\"0\",\"dept\":{\"ancestors\":\"0,100\",\"children\":[],\"deptId\":101,\"deptName\":\"计算机与信息工程学院\",\"leader\":\"\",\"orderNum\":1,\"params\":{},\"parentId\":100,\"status\":\"0\"},\"deptId\":101,\"email\":\"\",\"loginDate\":\"2023-08-31 09:25:03\",\"loginIp\":\"127.0.0.1\",\"nickName\":\"李华\",\"params\":{},\"phonenumber\":\"\",\"postIds\":[4],\"roleIds\":[101],\"roles\":[{\"admin\":false,\"dataScope\":\"4\",\"deptCheckStrictly\":false,\"flag\":false,\"menuCheckStrictly\":false,\"params\":{},\"roleId\":100,\"roleKey\":\"battalion\",\"roleName\":\"学校管理员\",\"roleSort\":3,\"status\":\"0\"}],\"sex\":\"0\",\"status\":\"0\",\"updateBy\":\"admin\",\"userId\":117,\"userName\":\"李华\"}', '{\"msg\":\"操作成功\",\"code\":200}', 0, NULL, '2023-08-31 09:25:25', 12);
INSERT INTO `sys_oper_log` VALUES (655, '用户管理', 2, 'com.ruoyi.web.controller.system.SysUserController.edit()', 'PUT', 1, 'admin', NULL, '/system/user', '127.0.0.1', '内网IP', '{\"admin\":false,\"avatar\":\"\",\"createBy\":\"admin\",\"createTime\":\"2023-08-30 16:43:40\",\"delFlag\":\"0\",\"dept\":{\"ancestors\":\"0,100\",\"children\":[],\"deptId\":101,\"deptName\":\"计算机与信息工程学院\",\"leader\":\"\",\"orderNum\":1,\"params\":{},\"parentId\":100,\"status\":\"0\"},\"deptId\":101,\"email\":\"\",\"loginDate\":\"2023-08-31 09:25:35\",\"loginIp\":\"127.0.0.1\",\"nickName\":\"李华\",\"params\":{},\"phonenumber\":\"\",\"postIds\":[4],\"roleIds\":[102],\"roles\":[{\"admin\":false,\"dataScope\":\"4\",\"deptCheckStrictly\":false,\"flag\":false,\"menuCheckStrictly\":false,\"params\":{},\"roleId\":101,\"roleKey\":\"company\",\"roleName\":\"学院管理员\",\"roleSort\":4,\"status\":\"0\"}],\"sex\":\"0\",\"status\":\"0\",\"updateBy\":\"admin\",\"userId\":117,\"userName\":\"李华\"}', '{\"msg\":\"操作成功\",\"code\":200}', 0, NULL, '2023-08-31 09:25:52', 11);
INSERT INTO `sys_oper_log` VALUES (656, '用户管理', 2, 'com.ruoyi.web.controller.system.SysUserController.edit()', 'PUT', 1, 'admin', NULL, '/system/user', '127.0.0.1', '内网IP', '{\"admin\":false,\"avatar\":\"\",\"createBy\":\"admin\",\"createTime\":\"2023-08-30 16:43:40\",\"delFlag\":\"0\",\"dept\":{\"ancestors\":\"0,100\",\"children\":[],\"deptId\":101,\"deptName\":\"计算机与信息工程学院\",\"leader\":\"\",\"orderNum\":1,\"params\":{},\"parentId\":100,\"status\":\"0\"},\"deptId\":101,\"email\":\"\",\"loginDate\":\"2023-08-31 09:26:05\",\"loginIp\":\"127.0.0.1\",\"nickName\":\"李华\",\"params\":{},\"phonenumber\":\"\",\"postIds\":[4],\"roleIds\":[103],\"roles\":[{\"admin\":false,\"dataScope\":\"5\",\"deptCheckStrictly\":false,\"flag\":false,\"menuCheckStrictly\":false,\"params\":{},\"roleId\":102,\"roleKey\":\"teacher\",\"roleName\":\"教师\",\"roleSort\":5,\"status\":\"0\"}],\"sex\":\"0\",\"status\":\"0\",\"updateBy\":\"admin\",\"userId\":117,\"userName\":\"李华\"}', '{\"msg\":\"操作成功\",\"code\":200}', 0, NULL, '2023-08-31 09:27:21', 15);
INSERT INTO `sys_oper_log` VALUES (657, '用户管理', 2, 'com.ruoyi.web.controller.system.SysUserController.edit()', 'PUT', 1, 'admin', NULL, '/system/user', '127.0.0.1', '内网IP', '{\"admin\":false,\"avatar\":\"\",\"createBy\":\"admin\",\"createTime\":\"2023-08-30 16:43:40\",\"delFlag\":\"0\",\"dept\":{\"ancestors\":\"0,100\",\"children\":[],\"deptId\":101,\"deptName\":\"计算机与信息工程学院\",\"leader\":\"\",\"orderNum\":1,\"params\":{},\"parentId\":100,\"status\":\"0\"},\"deptId\":101,\"email\":\"\",\"loginDate\":\"2023-08-31 09:27:33\",\"loginIp\":\"127.0.0.1\",\"nickName\":\"李华\",\"params\":{},\"phonenumber\":\"\",\"postIds\":[4],\"roleIds\":[103,100],\"roles\":[{\"admin\":false,\"dataScope\":\"5\",\"deptCheckStrictly\":false,\"flag\":false,\"menuCheckStrictly\":false,\"params\":{},\"roleId\":103,\"roleKey\":\"student\",\"roleName\":\"学生\",\"roleSort\":6,\"status\":\"0\"}],\"sex\":\"0\",\"status\":\"0\",\"updateBy\":\"admin\",\"userId\":117,\"userName\":\"李华\"}', '{\"msg\":\"操作成功\",\"code\":200}', 0, NULL, '2023-08-31 09:28:00', 11);
INSERT INTO `sys_oper_log` VALUES (658, '用户管理', 2, 'com.ruoyi.web.controller.system.SysUserController.edit()', 'PUT', 1, 'admin', NULL, '/system/user', '127.0.0.1', '内网IP', '{\"admin\":false,\"avatar\":\"\",\"createBy\":\"admin\",\"createTime\":\"2023-08-30 16:43:40\",\"delFlag\":\"0\",\"dept\":{\"ancestors\":\"0,100\",\"children\":[],\"deptId\":101,\"deptName\":\"计算机与信息工程学院\",\"leader\":\"\",\"orderNum\":1,\"params\":{},\"parentId\":100,\"status\":\"0\"},\"deptId\":101,\"email\":\"\",\"loginDate\":\"2023-08-31 09:28:10\",\"loginIp\":\"127.0.0.1\",\"nickName\":\"李华\",\"params\":{},\"phonenumber\":\"\",\"postIds\":[4],\"roleIds\":[100],\"roles\":[{\"admin\":false,\"dataScope\":\"4\",\"deptCheckStrictly\":false,\"flag\":false,\"menuCheckStrictly\":false,\"params\":{},\"roleId\":100,\"roleKey\":\"battalion\",\"roleName\":\"学校管理员\",\"roleSort\":3,\"status\":\"0\"},{\"admin\":false,\"dataScope\":\"5\",\"deptCheckStrictly\":false,\"flag\":false,\"menuCheckStrictly\":false,\"params\":{},\"roleId\":103,\"roleKey\":\"student\",\"roleName\":\"学生\",\"roleSort\":6,\"status\":\"0\"}],\"sex\":\"0\",\"status\":\"0\",\"updateBy\":\"admin\",\"userId\":117,\"userName\":\"李华\"}', '{\"msg\":\"操作成功\",\"code\":200}', 0, NULL, '2023-08-31 09:28:37', 11);
INSERT INTO `sys_oper_log` VALUES (659, '用户管理', 2, 'com.ruoyi.web.controller.system.SysUserController.edit()', 'PUT', 1, 'admin', NULL, '/system/user', '127.0.0.1', '内网IP', '{\"admin\":false,\"avatar\":\"\",\"createBy\":\"admin\",\"createTime\":\"2023-08-30 16:43:40\",\"delFlag\":\"0\",\"dept\":{\"ancestors\":\"0,100\",\"children\":[],\"deptId\":101,\"deptName\":\"计算机与信息工程学院\",\"leader\":\"\",\"orderNum\":1,\"params\":{},\"parentId\":100,\"status\":\"0\"},\"deptId\":101,\"email\":\"\",\"loginDate\":\"2023-08-31 09:28:10\",\"loginIp\":\"127.0.0.1\",\"nickName\":\"李华\",\"params\":{},\"phonenumber\":\"\",\"postIds\":[4],\"roleIds\":[100],\"roles\":[{\"admin\":false,\"dataScope\":\"4\",\"deptCheckStrictly\":false,\"flag\":false,\"menuCheckStrictly\":false,\"params\":{},\"roleId\":100,\"roleKey\":\"battalion\",\"roleName\":\"学校管理员\",\"roleSort\":3,\"status\":\"0\"}],\"sex\":\"0\",\"status\":\"0\",\"updateBy\":\"admin\",\"userId\":117,\"userName\":\"李华\"}', '{\"msg\":\"操作成功\",\"code\":200}', 0, NULL, '2023-08-31 09:35:41', 10);
INSERT INTO `sys_oper_log` VALUES (660, '用户管理', 2, 'com.ruoyi.web.controller.system.SysUserController.edit()', 'PUT', 1, '李华', NULL, '/system/user', '127.0.0.1', '内网IP', '{\"admin\":false,\"avatar\":\"\",\"createBy\":\"admin\",\"createTime\":\"2023-08-30 16:43:40\",\"delFlag\":\"0\",\"dept\":{\"ancestors\":\"0,100\",\"children\":[],\"deptId\":101,\"deptName\":\"计算机与信息工程学院\",\"leader\":\"\",\"orderNum\":1,\"params\":{},\"parentId\":100,\"status\":\"0\"},\"deptId\":101,\"email\":\"\",\"loginDate\":\"2023-08-31 09:35:50\",\"loginIp\":\"127.0.0.1\",\"nickName\":\"李华\",\"params\":{},\"phonenumber\":\"\",\"postIds\":[4],\"roleIds\":[101],\"roles\":[{\"admin\":false,\"dataScope\":\"4\",\"deptCheckStrictly\":false,\"flag\":false,\"menuCheckStrictly\":false,\"params\":{},\"roleId\":100,\"roleKey\":\"battalion\",\"roleName\":\"学校管理员\",\"roleSort\":3,\"status\":\"0\"}],\"sex\":\"0\",\"status\":\"0\",\"updateBy\":\"李华\",\"userId\":117,\"userName\":\"李华\"}', '{\"msg\":\"操作成功\",\"code\":200}', 0, NULL, '2023-08-31 09:36:03', 51);
INSERT INTO `sys_oper_log` VALUES (661, '用户管理', 2, 'com.ruoyi.web.controller.system.SysUserController.edit()', 'PUT', 1, '李华', NULL, '/system/user', '127.0.0.1', '内网IP', '{\"admin\":false,\"avatar\":\"\",\"createBy\":\"admin\",\"createTime\":\"2023-08-30 16:43:40\",\"delFlag\":\"0\",\"dept\":{\"ancestors\":\"0,100\",\"children\":[],\"deptId\":101,\"deptName\":\"计算机与信息工程学院\",\"leader\":\"\",\"orderNum\":1,\"params\":{},\"parentId\":100,\"status\":\"0\"},\"deptId\":101,\"email\":\"\",\"loginDate\":\"2023-08-31 09:35:50\",\"loginIp\":\"127.0.0.1\",\"nickName\":\"李华\",\"params\":{},\"phonenumber\":\"\",\"postIds\":[4],\"roleIds\":[],\"roles\":[{\"admin\":false,\"dataScope\":\"4\",\"deptCheckStrictly\":false,\"flag\":false,\"menuCheckStrictly\":false,\"params\":{},\"roleId\":101,\"roleKey\":\"company\",\"roleName\":\"学院管理员\",\"roleSort\":4,\"status\":\"0\"}],\"sex\":\"0\",\"status\":\"0\",\"updateBy\":\"李华\",\"userId\":117,\"userName\":\"李华\"}', '{\"msg\":\"操作成功\",\"code\":200}', 0, NULL, '2023-08-31 09:36:50', 14);
INSERT INTO `sys_oper_log` VALUES (662, '用户管理', 2, 'com.ruoyi.web.controller.system.SysUserController.edit()', 'PUT', 1, 'admin', NULL, '/system/user', '127.0.0.1', '内网IP', '{\"admin\":false,\"avatar\":\"\",\"createBy\":\"admin\",\"createTime\":\"2023-08-30 16:43:40\",\"delFlag\":\"0\",\"dept\":{\"ancestors\":\"0,100\",\"children\":[],\"deptId\":101,\"deptName\":\"计算机与信息工程学院\",\"leader\":\"\",\"orderNum\":1,\"params\":{},\"parentId\":100,\"status\":\"0\"},\"deptId\":101,\"email\":\"\",\"loginDate\":\"2023-08-31 09:37:52\",\"loginIp\":\"127.0.0.1\",\"nickName\":\"李华\",\"params\":{},\"phonenumber\":\"\",\"postIds\":[4],\"roleIds\":[100],\"roles\":[],\"sex\":\"0\",\"status\":\"0\",\"updateBy\":\"admin\",\"userId\":117,\"userName\":\"李华\"}', '{\"msg\":\"操作成功\",\"code\":200}', 0, NULL, '2023-08-31 09:38:22', 12);
INSERT INTO `sys_oper_log` VALUES (663, '用户管理', 2, 'com.ruoyi.web.controller.system.SysUserController.edit()', 'PUT', 1, '李华', NULL, '/system/user', '127.0.0.1', '内网IP', '{\"admin\":false,\"avatar\":\"\",\"createBy\":\"admin\",\"createTime\":\"2023-08-30 16:43:40\",\"delFlag\":\"0\",\"dept\":{\"ancestors\":\"0,100\",\"children\":[],\"deptId\":101,\"deptName\":\"计算机与信息工程学院\",\"leader\":\"\",\"orderNum\":1,\"params\":{},\"parentId\":100,\"status\":\"0\"},\"deptId\":101,\"email\":\"\",\"loginDate\":\"2023-08-31 09:38:40\",\"loginIp\":\"127.0.0.1\",\"nickName\":\"李华\",\"params\":{},\"phonenumber\":\"\",\"postIds\":[4],\"roleIds\":[],\"roles\":[{\"admin\":false,\"dataScope\":\"4\",\"deptCheckStrictly\":false,\"flag\":false,\"menuCheckStrictly\":false,\"params\":{},\"roleId\":100,\"roleKey\":\"battalion\",\"roleName\":\"学校管理员\",\"roleSort\":3,\"status\":\"0\"}],\"sex\":\"0\",\"status\":\"0\",\"updateBy\":\"李华\",\"userId\":117,\"userName\":\"李华\"}', '{\"msg\":\"操作成功\",\"code\":200}', 0, NULL, '2023-08-31 09:38:53', 13);
INSERT INTO `sys_oper_log` VALUES (664, '用户管理', 2, 'com.ruoyi.web.controller.system.SysUserController.edit()', 'PUT', 1, '李华', NULL, '/system/user', '127.0.0.1', '内网IP', '{\"admin\":false,\"avatar\":\"\",\"createBy\":\"admin\",\"createTime\":\"2023-08-30 16:43:40\",\"delFlag\":\"0\",\"dept\":{\"ancestors\":\"0,100\",\"children\":[],\"deptId\":101,\"deptName\":\"计算机与信息工程学院\",\"leader\":\"\",\"orderNum\":1,\"params\":{},\"parentId\":100,\"status\":\"0\"},\"deptId\":101,\"email\":\"\",\"loginDate\":\"2023-08-31 09:38:40\",\"loginIp\":\"127.0.0.1\",\"nickName\":\"李华\",\"params\":{},\"phonenumber\":\"\",\"postIds\":[4],\"roleIds\":[101],\"roles\":[],\"sex\":\"0\",\"status\":\"0\",\"updateBy\":\"李华\",\"userId\":117,\"userName\":\"李华\"}', '{\"msg\":\"操作成功\",\"code\":200}', 0, NULL, '2023-08-31 09:39:02', 11);
INSERT INTO `sys_oper_log` VALUES (665, '用户管理', 2, 'com.ruoyi.web.controller.system.SysUserController.edit()', 'PUT', 1, 'admin', NULL, '/system/user', '127.0.0.1', '内网IP', '{\"admin\":false,\"avatar\":\"\",\"createBy\":\"admin\",\"createTime\":\"2023-08-30 16:43:40\",\"delFlag\":\"0\",\"dept\":{\"ancestors\":\"0,100\",\"children\":[],\"deptId\":101,\"deptName\":\"计算机与信息工程学院\",\"leader\":\"\",\"orderNum\":1,\"params\":{},\"parentId\":100,\"status\":\"0\"},\"deptId\":101,\"email\":\"\",\"loginDate\":\"2023-08-31 09:39:18\",\"loginIp\":\"127.0.0.1\",\"nickName\":\"李华\",\"params\":{},\"phonenumber\":\"\",\"postIds\":[4],\"roleIds\":[101],\"roles\":[{\"admin\":false,\"dataScope\":\"4\",\"deptCheckStrictly\":false,\"flag\":false,\"menuCheckStrictly\":false,\"params\":{},\"roleId\":101,\"roleKey\":\"company\",\"roleName\":\"学院管理员\",\"roleSort\":4,\"status\":\"0\"}],\"sex\":\"0\",\"status\":\"0\",\"updateBy\":\"admin\",\"userId\":117,\"userName\":\"李华\"}', '{\"msg\":\"操作成功\",\"code\":200}', 0, NULL, '2023-08-31 09:39:35', 11);
INSERT INTO `sys_oper_log` VALUES (666, '用户管理', 2, 'com.ruoyi.web.controller.system.SysUserController.edit()', 'PUT', 1, 'admin', NULL, '/system/user', '127.0.0.1', '内网IP', '{\"admin\":false,\"avatar\":\"\",\"createBy\":\"admin\",\"createTime\":\"2023-08-30 16:43:40\",\"delFlag\":\"0\",\"dept\":{\"ancestors\":\"0,100\",\"children\":[],\"deptId\":101,\"deptName\":\"计算机与信息工程学院\",\"leader\":\"\",\"orderNum\":1,\"params\":{},\"parentId\":100,\"status\":\"0\"},\"deptId\":101,\"email\":\"\",\"loginDate\":\"2023-08-31 09:39:18\",\"loginIp\":\"127.0.0.1\",\"nickName\":\"李华\",\"params\":{},\"phonenumber\":\"\",\"postIds\":[4],\"roleIds\":[101],\"roles\":[{\"admin\":false,\"dataScope\":\"4\",\"deptCheckStrictly\":false,\"flag\":false,\"menuCheckStrictly\":false,\"params\":{},\"roleId\":101,\"roleKey\":\"company\",\"roleName\":\"学院管理员\",\"roleSort\":4,\"status\":\"0\"}],\"sex\":\"0\",\"status\":\"0\",\"updateBy\":\"admin\",\"userId\":117,\"userName\":\"李华\"}', '{\"msg\":\"操作成功\",\"code\":200}', 0, NULL, '2023-08-31 09:51:03', 8);
INSERT INTO `sys_oper_log` VALUES (667, '用户管理', 2, 'com.ruoyi.web.controller.system.SysUserController.edit()', 'PUT', 1, 'admin', NULL, '/system/user', '127.0.0.1', '内网IP', '{\"admin\":false,\"avatar\":\"\",\"createBy\":\"admin\",\"createTime\":\"2023-08-30 16:43:40\",\"delFlag\":\"0\",\"dept\":{\"ancestors\":\"0,100\",\"children\":[],\"deptId\":101,\"deptName\":\"计算机与信息工程学院\",\"leader\":\"\",\"orderNum\":1,\"params\":{},\"parentId\":100,\"status\":\"0\"},\"deptId\":100,\"email\":\"\",\"loginDate\":\"2023-08-31 09:51:16\",\"loginIp\":\"127.0.0.1\",\"nickName\":\"李华\",\"params\":{},\"phonenumber\":\"\",\"postIds\":[4],\"roleIds\":[100],\"roles\":[{\"admin\":false,\"dataScope\":\"4\",\"deptCheckStrictly\":false,\"flag\":false,\"menuCheckStrictly\":false,\"params\":{},\"roleId\":101,\"roleKey\":\"company\",\"roleName\":\"学院管理员\",\"roleSort\":4,\"status\":\"0\"}],\"sex\":\"0\",\"status\":\"0\",\"updateBy\":\"admin\",\"userId\":117,\"userName\":\"李华\"}', '{\"msg\":\"操作成功\",\"code\":200}', 0, NULL, '2023-08-31 09:52:56', 9);
INSERT INTO `sys_oper_log` VALUES (668, '用户管理', 2, 'com.ruoyi.web.controller.system.SysUserController.edit()', 'PUT', 1, '李华', NULL, '/system/user', '127.0.0.1', '内网IP', '{\"admin\":false,\"avatar\":\"\",\"createBy\":\"admin\",\"createTime\":\"2023-08-30 16:43:40\",\"delFlag\":\"0\",\"dept\":{\"ancestors\":\"0\",\"children\":[],\"deptId\":100,\"deptName\":\"新乡学院\",\"leader\":\"\",\"orderNum\":0,\"params\":{},\"parentId\":0,\"status\":\"0\"},\"deptId\":100,\"email\":\"\",\"loginDate\":\"2023-08-31 09:53:15\",\"loginIp\":\"127.0.0.1\",\"nickName\":\"李华\",\"params\":{},\"phonenumber\":\"\",\"postIds\":[4],\"roleIds\":[101],\"roles\":[{\"admin\":false,\"dataScope\":\"4\",\"deptCheckStrictly\":false,\"flag\":false,\"menuCheckStrictly\":false,\"params\":{},\"roleId\":100,\"roleKey\":\"battalion\",\"roleName\":\"学校管理员\",\"roleSort\":3,\"status\":\"0\"}],\"sex\":\"0\",\"status\":\"0\",\"updateBy\":\"李华\",\"userId\":117,\"userName\":\"李华\"}', '{\"msg\":\"操作成功\",\"code\":200}', 0, NULL, '2023-08-31 09:53:31', 12);
INSERT INTO `sys_oper_log` VALUES (669, '用户管理', 2, 'com.ruoyi.web.controller.system.SysUserController.edit()', 'PUT', 1, '李华', NULL, '/system/user', '127.0.0.1', '内网IP', '{\"admin\":false,\"avatar\":\"\",\"createBy\":\"admin\",\"createTime\":\"2023-08-30 16:43:40\",\"delFlag\":\"0\",\"dept\":{\"ancestors\":\"0\",\"children\":[],\"deptId\":100,\"deptName\":\"新乡学院\",\"leader\":\"\",\"orderNum\":0,\"params\":{},\"parentId\":0,\"status\":\"0\"},\"deptId\":100,\"email\":\"\",\"loginDate\":\"2023-08-31 09:53:15\",\"loginIp\":\"127.0.0.1\",\"nickName\":\"李华\",\"params\":{},\"phonenumber\":\"\",\"postIds\":[4],\"roleIds\":[100],\"roles\":[{\"admin\":false,\"dataScope\":\"4\",\"deptCheckStrictly\":false,\"flag\":false,\"menuCheckStrictly\":false,\"params\":{},\"roleId\":101,\"roleKey\":\"company\",\"roleName\":\"学院管理员\",\"roleSort\":4,\"status\":\"0\"}],\"sex\":\"0\",\"status\":\"0\",\"updateBy\":\"李华\",\"userId\":117,\"userName\":\"李华\"}', '{\"msg\":\"操作成功\",\"code\":200}', 0, NULL, '2023-08-31 09:53:37', 12);
INSERT INTO `sys_oper_log` VALUES (670, '用户管理', 2, 'com.ruoyi.web.controller.system.SysUserController.edit()', 'PUT', 1, '李华', NULL, '/system/user', '127.0.0.1', '内网IP', '{\"admin\":false,\"avatar\":\"\",\"createBy\":\"admin\",\"createTime\":\"2023-08-30 16:43:40\",\"delFlag\":\"0\",\"dept\":{\"ancestors\":\"0\",\"children\":[],\"deptId\":100,\"deptName\":\"新乡学院\",\"leader\":\"\",\"orderNum\":0,\"params\":{},\"parentId\":0,\"status\":\"0\"},\"deptId\":101,\"email\":\"\",\"loginDate\":\"2023-08-31 09:53:15\",\"loginIp\":\"127.0.0.1\",\"nickName\":\"李华\",\"params\":{},\"phonenumber\":\"\",\"postIds\":[4],\"roleIds\":[101],\"roles\":[{\"admin\":false,\"dataScope\":\"4\",\"deptCheckStrictly\":false,\"flag\":false,\"menuCheckStrictly\":false,\"params\":{},\"roleId\":100,\"roleKey\":\"battalion\",\"roleName\":\"学校管理员\",\"roleSort\":3,\"status\":\"0\"}],\"sex\":\"0\",\"status\":\"0\",\"updateBy\":\"李华\",\"userId\":117,\"userName\":\"李华\"}', '{\"msg\":\"操作成功\",\"code\":200}', 0, NULL, '2023-08-31 10:07:51', 13);
INSERT INTO `sys_oper_log` VALUES (671, '用户管理', 2, 'com.ruoyi.web.controller.system.SysUserController.edit()', 'PUT', 1, '李华', NULL, '/system/user', '127.0.0.1', '内网IP', '{\"admin\":false,\"avatar\":\"\",\"createBy\":\"admin\",\"createTime\":\"2023-08-30 16:43:40\",\"delFlag\":\"0\",\"dept\":{\"ancestors\":\"0,100\",\"children\":[],\"deptId\":101,\"deptName\":\"计算机与信息工程学院\",\"leader\":\"\",\"orderNum\":1,\"params\":{},\"parentId\":100,\"status\":\"0\"},\"deptId\":101,\"email\":\"\",\"loginDate\":\"2023-08-31 09:53:15\",\"loginIp\":\"127.0.0.1\",\"nickName\":\"李华\",\"params\":{},\"phonenumber\":\"\",\"postIds\":[4],\"roleIds\":[101],\"roles\":[{\"admin\":false,\"dataScope\":\"4\",\"deptCheckStrictly\":false,\"flag\":false,\"menuCheckStrictly\":false,\"params\":{},\"roleId\":101,\"roleKey\":\"company\",\"roleName\":\"学院管理员\",\"roleSort\":4,\"status\":\"0\"}],\"sex\":\"0\",\"status\":\"0\",\"updateBy\":\"李华\",\"userId\":117,\"userName\":\"李华\"}', '{\"msg\":\"操作成功\",\"code\":200}', 0, NULL, '2023-08-31 10:07:59', 10);
INSERT INTO `sys_oper_log` VALUES (672, '用户管理', 2, 'com.ruoyi.web.controller.system.SysUserController.edit()', 'PUT', 1, 'admin', NULL, '/system/user', '127.0.0.1', '内网IP', '{\"admin\":false,\"avatar\":\"\",\"createBy\":\"admin\",\"createTime\":\"2023-08-30 16:43:40\",\"delFlag\":\"0\",\"dept\":{\"ancestors\":\"0,100\",\"children\":[],\"deptId\":101,\"deptName\":\"计算机与信息工程学院\",\"leader\":\"\",\"orderNum\":1,\"params\":{},\"parentId\":100,\"status\":\"0\"},\"deptId\":101,\"email\":\"\",\"loginDate\":\"2023-08-31 09:53:15\",\"loginIp\":\"127.0.0.1\",\"nickName\":\"李华\",\"params\":{},\"phonenumber\":\"\",\"postIds\":[4],\"roleIds\":[101],\"roles\":[{\"admin\":false,\"dataScope\":\"4\",\"deptCheckStrictly\":false,\"flag\":false,\"menuCheckStrictly\":false,\"params\":{},\"roleId\":101,\"roleKey\":\"company\",\"roleName\":\"学院管理员\",\"roleSort\":4,\"status\":\"0\"}],\"sex\":\"0\",\"status\":\"0\",\"updateBy\":\"admin\",\"userId\":117,\"userName\":\"李华\"}', '{\"msg\":\"操作成功\",\"code\":200}', 0, NULL, '2023-08-31 10:08:46', 10);
INSERT INTO `sys_oper_log` VALUES (673, '用户管理', 2, 'com.ruoyi.web.controller.system.SysUserController.edit()', 'PUT', 1, '李华', NULL, '/system/user', '127.0.0.1', '内网IP', '{\"admin\":false,\"avatar\":\"\",\"createBy\":\"admin\",\"createTime\":\"2023-08-30 16:43:40\",\"delFlag\":\"0\",\"dept\":{\"ancestors\":\"0,100\",\"children\":[],\"deptId\":101,\"deptName\":\"计算机与信息工程学院\",\"leader\":\"\",\"orderNum\":1,\"params\":{},\"parentId\":100,\"status\":\"0\"},\"deptId\":101,\"email\":\"\",\"loginDate\":\"2023-08-31 10:09:02\",\"loginIp\":\"127.0.0.1\",\"nickName\":\"李华\",\"params\":{},\"phonenumber\":\"\",\"postIds\":[4],\"roleIds\":[102],\"roles\":[{\"admin\":false,\"dataScope\":\"4\",\"deptCheckStrictly\":false,\"flag\":false,\"menuCheckStrictly\":false,\"params\":{},\"roleId\":101,\"roleKey\":\"company\",\"roleName\":\"学院管理员\",\"roleSort\":4,\"status\":\"0\"}],\"sex\":\"0\",\"status\":\"0\",\"updateBy\":\"李华\",\"userId\":117,\"userName\":\"李华\"}', '{\"msg\":\"操作成功\",\"code\":200}', 0, NULL, '2023-08-31 10:09:30', 13);
INSERT INTO `sys_oper_log` VALUES (674, '用户管理', 2, 'com.ruoyi.web.controller.system.SysUserController.edit()', 'PUT', 1, 'admin', NULL, '/system/user', '127.0.0.1', '内网IP', '{\"admin\":false,\"avatar\":\"\",\"createBy\":\"admin\",\"createTime\":\"2023-08-30 16:43:40\",\"delFlag\":\"0\",\"dept\":{\"ancestors\":\"0,100\",\"children\":[],\"deptId\":101,\"deptName\":\"计算机与信息工程学院\",\"leader\":\"\",\"orderNum\":1,\"params\":{},\"parentId\":100,\"status\":\"0\"},\"deptId\":101,\"email\":\"\",\"loginDate\":\"2023-08-31 10:09:41\",\"loginIp\":\"127.0.0.1\",\"nickName\":\"李华\",\"params\":{},\"phonenumber\":\"\",\"postIds\":[4],\"roleIds\":[101],\"roles\":[{\"admin\":false,\"dataScope\":\"5\",\"deptCheckStrictly\":false,\"flag\":false,\"menuCheckStrictly\":false,\"params\":{},\"roleId\":102,\"roleKey\":\"teacher\",\"roleName\":\"教师\",\"roleSort\":5,\"status\":\"0\"}],\"sex\":\"0\",\"status\":\"0\",\"updateBy\":\"admin\",\"userId\":117,\"userName\":\"李华\"}', '{\"msg\":\"操作成功\",\"code\":200}', 0, NULL, '2023-08-31 10:10:10', 9);
INSERT INTO `sys_oper_log` VALUES (675, '用户管理', 2, 'com.ruoyi.web.controller.system.SysUserController.edit()', 'PUT', 1, '李华', NULL, '/system/user', '127.0.0.1', '内网IP', '{\"admin\":false,\"avatar\":\"\",\"createBy\":\"admin\",\"createTime\":\"2023-08-30 16:43:40\",\"delFlag\":\"0\",\"dept\":{\"ancestors\":\"0,100\",\"children\":[],\"deptId\":101,\"deptName\":\"计算机与信息工程学院\",\"leader\":\"\",\"orderNum\":1,\"params\":{},\"parentId\":100,\"status\":\"0\"},\"deptId\":101,\"email\":\"\",\"loginDate\":\"2023-08-31 10:10:20\",\"loginIp\":\"127.0.0.1\",\"nickName\":\"李华\",\"params\":{},\"phonenumber\":\"\",\"postIds\":[4],\"roleIds\":[102,101],\"roles\":[{\"admin\":false,\"dataScope\":\"4\",\"deptCheckStrictly\":false,\"flag\":false,\"menuCheckStrictly\":false,\"params\":{},\"roleId\":101,\"roleKey\":\"company\",\"roleName\":\"学院管理员\",\"roleSort\":4,\"status\":\"0\"}],\"sex\":\"0\",\"status\":\"0\",\"updateBy\":\"李华\",\"userId\":117,\"userName\":\"李华\"}', '{\"msg\":\"操作成功\",\"code\":200}', 0, NULL, '2023-08-31 10:12:59', 13);
INSERT INTO `sys_oper_log` VALUES (676, '用户管理', 2, 'com.ruoyi.web.controller.system.SysUserController.edit()', 'PUT', 1, '李华', NULL, '/system/user', '127.0.0.1', '内网IP', '{\"admin\":false,\"avatar\":\"\",\"createBy\":\"admin\",\"createTime\":\"2023-08-30 16:43:40\",\"delFlag\":\"0\",\"dept\":{\"ancestors\":\"0,100\",\"children\":[],\"deptId\":101,\"deptName\":\"计算机与信息工程学院\",\"leader\":\"\",\"orderNum\":1,\"params\":{},\"parentId\":100,\"status\":\"0\"},\"deptId\":101,\"email\":\"\",\"loginDate\":\"2023-08-31 10:10:20\",\"loginIp\":\"127.0.0.1\",\"nickName\":\"李华\",\"params\":{},\"phonenumber\":\"\",\"postIds\":[4],\"roleIds\":[102],\"roles\":[{\"admin\":false,\"dataScope\":\"4\",\"deptCheckStrictly\":false,\"flag\":false,\"menuCheckStrictly\":false,\"params\":{},\"roleId\":101,\"roleKey\":\"company\",\"roleName\":\"学院管理员\",\"roleSort\":4,\"status\":\"0\"},{\"admin\":false,\"dataScope\":\"5\",\"deptCheckStrictly\":false,\"flag\":false,\"menuCheckStrictly\":false,\"params\":{},\"roleId\":102,\"roleKey\":\"teacher\",\"roleName\":\"教师\",\"roleSort\":5,\"status\":\"0\"}],\"sex\":\"0\",\"status\":\"0\",\"updateBy\":\"李华\",\"userId\":117,\"userName\":\"李华\"}', '{\"msg\":\"操作成功\",\"code\":200}', 0, NULL, '2023-08-31 10:13:34', 9);
INSERT INTO `sys_oper_log` VALUES (677, '用户管理', 2, 'com.ruoyi.web.controller.system.SysUserController.edit()', 'PUT', 1, 'admin', NULL, '/system/user', '127.0.0.1', '内网IP', '{\"admin\":false,\"avatar\":\"\",\"createBy\":\"admin\",\"createTime\":\"2023-08-30 16:43:40\",\"delFlag\":\"0\",\"dept\":{\"ancestors\":\"0,100\",\"children\":[],\"deptId\":101,\"deptName\":\"计算机与信息工程学院\",\"leader\":\"\",\"orderNum\":1,\"params\":{},\"parentId\":100,\"status\":\"0\"},\"deptId\":100,\"email\":\"\",\"loginDate\":\"2023-08-31 10:10:20\",\"loginIp\":\"127.0.0.1\",\"nickName\":\"李华\",\"params\":{},\"phonenumber\":\"\",\"postIds\":[4],\"roleIds\":[100],\"roles\":[{\"admin\":false,\"dataScope\":\"4\",\"deptCheckStrictly\":false,\"flag\":false,\"menuCheckStrictly\":false,\"params\":{},\"roleId\":102,\"roleKey\":\"teacher\",\"roleName\":\"教师\",\"roleSort\":5,\"status\":\"0\"}],\"sex\":\"0\",\"status\":\"0\",\"updateBy\":\"admin\",\"userId\":117,\"userName\":\"李华\"}', '{\"msg\":\"操作成功\",\"code\":200}', 0, NULL, '2023-08-31 10:17:58', 9);
INSERT INTO `sys_oper_log` VALUES (678, '用户管理', 2, 'com.ruoyi.web.controller.system.SysUserController.edit()', 'PUT', 1, '李华', NULL, '/system/user', '127.0.0.1', '内网IP', '{\"admin\":false,\"avatar\":\"\",\"createBy\":\"admin\",\"createTime\":\"2023-08-30 16:43:40\",\"delFlag\":\"0\",\"dept\":{\"ancestors\":\"0\",\"children\":[],\"deptId\":100,\"deptName\":\"新乡学院\",\"leader\":\"\",\"orderNum\":0,\"params\":{},\"parentId\":0,\"status\":\"0\"},\"deptId\":102,\"email\":\"\",\"loginDate\":\"2023-08-31 10:18:09\",\"loginIp\":\"127.0.0.1\",\"nickName\":\"李华\",\"params\":{},\"phonenumber\":\"\",\"postIds\":[4],\"roleIds\":[102],\"roles\":[{\"admin\":false,\"dataScope\":\"4\",\"deptCheckStrictly\":false,\"flag\":false,\"menuCheckStrictly\":false,\"params\":{},\"roleId\":100,\"roleKey\":\"battalion\",\"roleName\":\"学校管理员\",\"roleSort\":3,\"status\":\"0\"}],\"sex\":\"0\",\"status\":\"0\",\"updateBy\":\"李华\",\"userId\":117,\"userName\":\"李华\"}', '{\"msg\":\"操作成功\",\"code\":200}', 0, NULL, '2023-08-31 10:27:24', 13);
INSERT INTO `sys_oper_log` VALUES (679, '用户管理', 2, 'com.ruoyi.web.controller.system.SysUserController.edit()', 'PUT', 1, 'admin', NULL, '/system/user', '127.0.0.1', '内网IP', '{\"admin\":false,\"avatar\":\"\",\"createBy\":\"admin\",\"createTime\":\"2023-08-30 16:43:40\",\"delFlag\":\"0\",\"dept\":{\"ancestors\":\"0,100\",\"children\":[],\"deptId\":102,\"deptName\":\"药学院\",\"leader\":\"\",\"orderNum\":2,\"params\":{},\"parentId\":100,\"status\":\"0\"},\"deptId\":100,\"email\":\"\",\"loginDate\":\"2023-08-31 10:18:09\",\"loginIp\":\"127.0.0.1\",\"nickName\":\"李华\",\"params\":{},\"phonenumber\":\"\",\"postIds\":[4],\"roleIds\":[100],\"roles\":[{\"admin\":false,\"dataScope\":\"4\",\"deptCheckStrictly\":false,\"flag\":false,\"menuCheckStrictly\":false,\"params\":{},\"roleId\":102,\"roleKey\":\"teacher\",\"roleName\":\"教师\",\"roleSort\":5,\"status\":\"0\"}],\"sex\":\"0\",\"status\":\"0\",\"updateBy\":\"admin\",\"userId\":117,\"userName\":\"李华\"}', '{\"msg\":\"操作成功\",\"code\":200}', 0, NULL, '2023-08-31 10:33:13', 9);
INSERT INTO `sys_oper_log` VALUES (680, '用户管理', 1, 'com.ruoyi.web.controller.system.SysUserController.add()', 'POST', 1, 'admin', NULL, '/system/user', '127.0.0.1', '内网IP', '{\"admin\":false,\"createBy\":\"admin\",\"deptId\":101,\"nickName\":\"李力\",\"params\":{},\"postIds\":[],\"roleIds\":[103],\"status\":\"0\",\"userId\":118,\"userName\":\"李力\"}', '{\"msg\":\"操作成功\",\"code\":200}', 0, NULL, '2023-08-31 10:46:46', 87);
INSERT INTO `sys_oper_log` VALUES (681, '用户管理', 2, 'com.ruoyi.web.controller.system.SysUserController.edit()', 'PUT', 1, '李华', NULL, '/system/user', '127.0.0.1', '内网IP', '{\"admin\":false,\"avatar\":\"\",\"createBy\":\"admin\",\"createTime\":\"2023-08-30 16:43:40\",\"delFlag\":\"0\",\"dept\":{\"ancestors\":\"0\",\"children\":[],\"deptId\":100,\"deptName\":\"新乡学院\",\"leader\":\"\",\"orderNum\":0,\"params\":{},\"parentId\":0,\"status\":\"0\"},\"deptId\":101,\"email\":\"\",\"loginDate\":\"2023-08-31 10:47:08\",\"loginIp\":\"127.0.0.1\",\"nickName\":\"李华\",\"params\":{},\"phonenumber\":\"\",\"postIds\":[4],\"roleIds\":[101],\"roles\":[{\"admin\":false,\"dataScope\":\"4\",\"deptCheckStrictly\":false,\"flag\":false,\"menuCheckStrictly\":false,\"params\":{},\"roleId\":100,\"roleKey\":\"battalion\",\"roleName\":\"学校管理员\",\"roleSort\":3,\"status\":\"0\"}],\"sex\":\"0\",\"status\":\"0\",\"updateBy\":\"李华\",\"userId\":117,\"userName\":\"李华\"}', '{\"msg\":\"操作成功\",\"code\":200}', 0, NULL, '2023-08-31 10:49:07', 10);
INSERT INTO `sys_oper_log` VALUES (682, '用户管理', 2, 'com.ruoyi.web.controller.system.SysUserController.edit()', 'PUT', 1, '李华', NULL, '/system/user', '127.0.0.1', '内网IP', '{\"admin\":false,\"avatar\":\"\",\"createBy\":\"admin\",\"createTime\":\"2023-08-31 10:46:46\",\"delFlag\":\"0\",\"dept\":{\"ancestors\":\"0,100\",\"children\":[],\"deptId\":101,\"deptName\":\"计算机与信息工程学院\",\"leader\":\"\",\"orderNum\":1,\"params\":{},\"parentId\":100,\"status\":\"0\"},\"deptId\":101,\"email\":\"\",\"loginIp\":\"\",\"nickName\":\"李力\",\"params\":{},\"phonenumber\":\"\",\"postIds\":[],\"roleIds\":[102],\"roles\":[{\"admin\":false,\"dataScope\":\"4\",\"deptCheckStrictly\":false,\"flag\":false,\"menuCheckStrictly\":false,\"params\":{},\"roleId\":103,\"roleKey\":\"student\",\"roleName\":\"学生\",\"roleSort\":6,\"status\":\"0\"}],\"sex\":\"0\",\"status\":\"0\",\"updateBy\":\"李华\",\"userId\":118,\"userName\":\"李力\"}', '{\"msg\":\"操作成功\",\"code\":200}', 0, NULL, '2023-08-31 10:49:33', 8);
INSERT INTO `sys_oper_log` VALUES (683, '角色管理', 1, 'com.ruoyi.web.controller.system.SysRoleController.add()', 'POST', 1, '李华', NULL, '/system/role', '127.0.0.1', '内网IP', '{\"admin\":false,\"deptCheckStrictly\":true,\"deptIds\":[],\"flag\":false,\"menuCheckStrictly\":true,\"menuIds\":[],\"params\":{},\"roleKey\":\"student\",\"roleName\":\"学生\",\"roleSort\":3,\"status\":\"0\"}', '{\"msg\":\"新增角色\'学生\'失败，角色名称已存在\",\"code\":500}', 0, NULL, '2023-08-31 10:57:54', 4);
INSERT INTO `sys_oper_log` VALUES (684, '用户管理', 2, 'com.ruoyi.web.controller.system.SysUserController.edit()', 'PUT', 1, 'admin', NULL, '/system/user', '127.0.0.1', '内网IP', '{\"admin\":false,\"avatar\":\"\",\"createBy\":\"admin\",\"createTime\":\"2023-08-30 16:43:40\",\"delFlag\":\"0\",\"dept\":{\"ancestors\":\"0,100\",\"children\":[],\"deptId\":101,\"deptName\":\"计算机与信息工程学院\",\"leader\":\"\",\"orderNum\":1,\"params\":{},\"parentId\":100,\"status\":\"0\"},\"deptId\":100,\"email\":\"\",\"loginDate\":\"2023-08-31 10:49:16\",\"loginIp\":\"127.0.0.1\",\"nickName\":\"李华\",\"params\":{},\"phonenumber\":\"\",\"postIds\":[2],\"roleIds\":[100],\"roles\":[{\"admin\":false,\"dataScope\":\"4\",\"deptCheckStrictly\":false,\"flag\":false,\"menuCheckStrictly\":false,\"params\":{},\"roleId\":101,\"roleKey\":\"company\",\"roleName\":\"学院管理员\",\"roleSort\":4,\"status\":\"0\"}],\"sex\":\"0\",\"status\":\"0\",\"updateBy\":\"admin\",\"userId\":117,\"userName\":\"李华\"}', '{\"msg\":\"操作成功\",\"code\":200}', 0, NULL, '2023-08-31 11:01:20', 8);
INSERT INTO `sys_oper_log` VALUES (685, '角色管理', 1, 'com.ruoyi.web.controller.system.SysRoleController.add()', 'POST', 1, '李华', NULL, '/system/role', '127.0.0.1', '内网IP', '{\"admin\":false,\"createBy\":\"李华\",\"deptCheckStrictly\":true,\"deptIds\":[],\"flag\":false,\"menuCheckStrictly\":true,\"menuIds\":[],\"params\":{},\"roleId\":104,\"roleKey\":\"student\",\"roleName\":\"学生\",\"roleSort\":6,\"status\":\"0\"}', '{\"msg\":\"操作成功\",\"code\":200}', 0, NULL, '2023-08-31 11:07:20', 14);
INSERT INTO `sys_oper_log` VALUES (686, '用户管理', 2, 'com.ruoyi.web.controller.system.SysUserController.edit()', 'PUT', 1, 'admin', NULL, '/system/user', '127.0.0.1', '内网IP', '{\"admin\":false,\"avatar\":\"\",\"createBy\":\"admin\",\"createTime\":\"2023-08-31 10:46:46\",\"delFlag\":\"0\",\"dept\":{\"ancestors\":\"0,100\",\"children\":[],\"deptId\":101,\"deptName\":\"计算机与信息工程学院\",\"leader\":\"\",\"orderNum\":1,\"params\":{},\"parentId\":100,\"status\":\"0\"},\"deptId\":101,\"email\":\"\",\"loginIp\":\"\",\"nickName\":\"李力\",\"params\":{},\"phonenumber\":\"\",\"postIds\":[],\"roleIds\":[103],\"roles\":[{\"admin\":false,\"dataScope\":\"4\",\"deptCheckStrictly\":false,\"flag\":false,\"menuCheckStrictly\":false,\"params\":{},\"roleId\":102,\"roleKey\":\"teacher\",\"roleName\":\"教师\",\"roleSort\":5,\"status\":\"0\"}],\"sex\":\"0\",\"status\":\"0\",\"updateBy\":\"admin\",\"userId\":118,\"userName\":\"李力\"}', '{\"msg\":\"操作成功\",\"code\":200}', 0, NULL, '2023-08-31 11:09:24', 7);
INSERT INTO `sys_oper_log` VALUES (687, '用户管理', 3, 'com.ruoyi.web.controller.system.SysUserController.remove()', 'DELETE', 1, '李华', NULL, '/system/user/118', '127.0.0.1', '内网IP', '{}', '{\"msg\":\"操作成功\",\"code\":200}', 0, NULL, '2023-08-31 11:09:51', 10);
INSERT INTO `sys_oper_log` VALUES (688, '用户管理', 2, 'com.ruoyi.web.controller.system.SysUserController.edit()', 'PUT', 1, '李华', NULL, '/system/user', '127.0.0.1', '内网IP', '{\"admin\":false,\"avatar\":\"\",\"createBy\":\"admin\",\"createTime\":\"2023-08-30 16:43:40\",\"delFlag\":\"0\",\"dept\":{\"ancestors\":\"0\",\"children\":[],\"deptId\":100,\"deptName\":\"新乡学院\",\"leader\":\"\",\"orderNum\":0,\"params\":{},\"parentId\":0,\"status\":\"0\"},\"deptId\":100,\"email\":\"\",\"loginDate\":\"2023-08-31 11:09:35\",\"loginIp\":\"127.0.0.1\",\"nickName\":\"李华\",\"params\":{},\"phonenumber\":\"\",\"postIds\":[2],\"roleIds\":[100],\"roles\":[{\"admin\":false,\"dataScope\":\"4\",\"deptCheckStrictly\":false,\"flag\":false,\"menuCheckStrictly\":false,\"params\":{},\"roleId\":100,\"roleKey\":\"battalion\",\"roleName\":\"学校管理员\",\"roleSort\":3,\"status\":\"0\"}],\"sex\":\"0\",\"status\":\"0\",\"updateBy\":\"李华\",\"userId\":117,\"userName\":\"李华\"}', '{\"msg\":\"操作成功\",\"code\":200}', 0, NULL, '2023-08-31 11:11:18', 9);
INSERT INTO `sys_oper_log` VALUES (689, '用户管理', 1, 'com.ruoyi.web.controller.system.SysUserController.add()', 'POST', 1, 'admin', NULL, '/system/user', '127.0.0.1', '内网IP', '{\"admin\":false,\"createBy\":\"admin\",\"deptId\":101,\"nickName\":\"李四想\",\"params\":{},\"postIds\":[3],\"remark\":\"学生\",\"roleIds\":[103],\"status\":\"0\",\"userId\":119,\"userName\":\"李四想\"}', '{\"msg\":\"操作成功\",\"code\":200}', 0, NULL, '2023-08-31 11:14:49', 84);
INSERT INTO `sys_oper_log` VALUES (690, '用户管理', 3, 'com.ruoyi.web.controller.system.SysUserController.remove()', 'DELETE', 1, 'admin', NULL, '/system/user/117', '127.0.0.1', '内网IP', '{}', '{\"msg\":\"操作成功\",\"code\":200}', 0, NULL, '2023-08-31 11:52:00', 26);
INSERT INTO `sys_oper_log` VALUES (691, '用户管理', 3, 'com.ruoyi.web.controller.system.SysUserController.remove()', 'DELETE', 1, 'admin', NULL, '/system/user/119', '127.0.0.1', '内网IP', '{}', '{\"msg\":\"操作成功\",\"code\":200}', 0, NULL, '2023-08-31 11:52:11', 8);
INSERT INTO `sys_oper_log` VALUES (692, '用户管理', 1, 'com.ruoyi.web.controller.system.SysUserController.add()', 'POST', 1, 'admin', NULL, '/system/user', '127.0.0.1', '内网IP', '{\"admin\":false,\"createBy\":\"admin\",\"deptId\":100,\"nickName\":\"李华\",\"params\":{},\"postIds\":[2],\"roleIds\":[100],\"sex\":\"0\",\"status\":\"0\",\"userId\":120,\"userName\":\"李华\"}', '{\"msg\":\"操作成功\",\"code\":200}', 0, NULL, '2023-08-31 11:52:34', 82);
INSERT INTO `sys_oper_log` VALUES (693, '角色管理', 2, 'com.ruoyi.web.controller.system.SysRoleController.edit()', 'PUT', 1, 'admin', NULL, '/system/role', '127.0.0.1', '内网IP', '{\"admin\":false,\"createTime\":\"2023-07-02 12:43:31\",\"dataScope\":\"4\",\"delFlag\":\"0\",\"deptCheckStrictly\":false,\"flag\":false,\"menuCheckStrictly\":false,\"menuIds\":[1,100,1000,1001,1002,1003,1004,1005,1006,101,1007,1008,1009,1010,1011,102,1012,1013,1014,1015,103,1016,1017,1018,1019,104,1020,1021,1022,1023,1024,105,1025,1026,1027,1028,1029,106,1030,1031,1032,1033,1034,107,1035,1036,1037,1038,108,500,1039,1040,1041,501,1042,1043,1044,1045,2,109,1046,1047,1048,110,1049,1050,1051,1052,1053,1054,111,112,113,114,115,116,1055,1056,1057,1058,1059,1060,117,2064,2065,2066,2067,2068,2069,2070,2071,2072],\"params\":{},\"remark\":\"学院管理员\",\"roleId\":101,\"roleKey\":\"company\",\"roleName\":\"学院管理员\",\"roleSort\":4,\"status\":\"0\",\"updateBy\":\"admin\"}', '{\"msg\":\"操作成功\",\"code\":200}', 0, NULL, '2023-08-31 11:55:33', 57);
INSERT INTO `sys_oper_log` VALUES (694, '用户管理', 1, 'com.ruoyi.web.controller.system.SysUserController.add()', 'POST', 1, 'admin', NULL, '/system/user', '127.0.0.1', '内网IP', '{\"admin\":false,\"createBy\":\"admin\",\"deptId\":101,\"nickName\":\"赵孟硕\",\"params\":{},\"postIds\":[3],\"roleIds\":[103],\"sex\":\"0\",\"status\":\"0\",\"userId\":121,\"userName\":\"赵孟硕\"}', '{\"msg\":\"操作成功\",\"code\":200}', 0, NULL, '2023-08-31 12:06:53', 83);
INSERT INTO `sys_oper_log` VALUES (695, '代码生成', 3, 'com.ruoyi.generator.controller.GenController.remove()', 'DELETE', 1, 'admin', NULL, '/tool/gen/24', '127.0.0.1', '内网IP', '{}', '{\"msg\":\"操作成功\",\"code\":200}', 0, NULL, '2023-08-31 14:02:59', 30);
INSERT INTO `sys_oper_log` VALUES (696, '代码生成', 3, 'com.ruoyi.generator.controller.GenController.remove()', 'DELETE', 1, 'admin', NULL, '/tool/gen/25', '127.0.0.1', '内网IP', '{}', '{\"msg\":\"操作成功\",\"code\":200}', 0, NULL, '2023-08-31 14:03:01', 9);
INSERT INTO `sys_oper_log` VALUES (697, '代码生成', 3, 'com.ruoyi.generator.controller.GenController.remove()', 'DELETE', 1, 'admin', NULL, '/tool/gen/26', '127.0.0.1', '内网IP', '{}', '{\"msg\":\"操作成功\",\"code\":200}', 0, NULL, '2023-08-31 14:03:02', 9);
INSERT INTO `sys_oper_log` VALUES (698, '代码生成', 6, 'com.ruoyi.generator.controller.GenController.importTableSave()', 'POST', 1, 'admin', NULL, '/tool/gen/importTable', '127.0.0.1', '内网IP', '{\"tables\":\"teacher\"}', '{\"msg\":\"操作成功\",\"code\":200}', 0, NULL, '2023-08-31 14:03:10', 64);
INSERT INTO `sys_oper_log` VALUES (699, '代码生成', 2, 'com.ruoyi.generator.controller.GenController.editSave()', 'PUT', 1, 'admin', NULL, '/tool/gen', '127.0.0.1', '内网IP', '{\"businessName\":\"teacher\",\"className\":\"Teacher\",\"columns\":[{\"capJavaField\":\"TeacherId\",\"columnComment\":\"教师id\",\"columnId\":282,\"columnName\":\"teacher_id\",\"columnType\":\"int\",\"createBy\":\"admin\",\"createTime\":\"2023-08-31 14:03:10\",\"dictType\":\"\",\"edit\":false,\"htmlType\":\"input\",\"increment\":true,\"insert\":true,\"isIncrement\":\"1\",\"isInsert\":\"1\",\"isPk\":\"1\",\"javaField\":\"teacherId\",\"javaType\":\"Long\",\"list\":false,\"params\":{},\"pk\":true,\"query\":false,\"queryType\":\"EQ\",\"required\":false,\"sort\":1,\"superColumn\":false,\"tableId\":27,\"updateBy\":\"\",\"usableColumn\":false},{\"capJavaField\":\"DeptId\",\"columnComment\":\"部门id\",\"columnId\":283,\"columnName\":\"dept_id\",\"columnType\":\"bigint\",\"createBy\":\"admin\",\"createTime\":\"2023-08-31 14:03:10\",\"dictType\":\"\",\"edit\":true,\"htmlType\":\"input\",\"increment\":false,\"insert\":true,\"isEdit\":\"1\",\"isIncrement\":\"0\",\"isInsert\":\"1\",\"isList\":\"1\",\"isPk\":\"0\",\"isQuery\":\"1\",\"javaField\":\"deptId\",\"javaType\":\"Long\",\"list\":true,\"params\":{},\"pk\":false,\"query\":true,\"queryType\":\"EQ\",\"required\":false,\"sort\":2,\"superColumn\":false,\"tableId\":27,\"updateBy\":\"\",\"usableColumn\":false},{\"capJavaField\":\"Status\",\"columnComment\":\"状态\",\"columnId\":284,\"columnName\":\"status\",\"columnType\":\"char(1)\",\"createBy\":\"admin\",\"createTime\":\"2023-08-31 14:03:10\",\"dictType\":\"\",\"edit\":true,\"htmlType\":\"radio\",\"increment\":false,\"insert\":true,\"isEdit\":\"1\",\"isIncrement\":\"0\",\"isInsert\":\"1\",\"isList\":\"1\",\"isPk\":\"0\",\"isQuery\":\"1\",\"javaField\":\"status\",\"javaType\":\"String\",\"list\":true,\"params\":{},\"pk\":false,\"query\":true,\"queryType\":\"EQ\",\"required\":false,\"sort\":3,\"superColumn\":false,\"tableId\":27,\"updateBy\":\"\",\"usableColumn\":false},{\"capJavaField\":\"DelFlag\",\"columnComment\":\"删除标志 0（没删除）2（删除）\",\"columnId\":285,\"columnName\":\"del_flag\",\"columnType\":\"char(1)\",\"createBy\":\"admin\",\"createTime\":\"2023-08-31 14:03:10\",\"dictType\":\"\",\"edit\":false,\"htmlType\":\"input\",\"increment\":false,\"insert\":true,\"isIncrement\":\"0\",\"isInsert\":\"1\",\"isPk\":\"0\",\"javaField\":\"delFlag\",\"javaType\":\"String\",\"list\":false,\"params\":{},\"pk\":false,\"query\":false,\"queryType\":\"EQ\",', '{\"msg\":\"操作成功\",\"code\":200}', 0, NULL, '2023-08-31 14:05:49', 49);
INSERT INTO `sys_oper_log` VALUES (700, '代码生成', 6, 'com.ruoyi.generator.controller.GenController.importTableSave()', 'POST', 1, 'admin', NULL, '/tool/gen/importTable', '127.0.0.1', '内网IP', '{\"tables\":\"student\"}', '{\"msg\":\"操作成功\",\"code\":200}', 0, NULL, '2023-08-31 14:06:09', 37);
INSERT INTO `sys_oper_log` VALUES (701, '代码生成', 2, 'com.ruoyi.generator.controller.GenController.editSave()', 'PUT', 1, 'admin', NULL, '/tool/gen', '127.0.0.1', '内网IP', '{\"businessName\":\"student\",\"className\":\"Student\",\"columns\":[{\"capJavaField\":\"StudentId\",\"columnComment\":\"学生id\",\"columnId\":298,\"columnName\":\"student_id\",\"columnType\":\"int\",\"createBy\":\"admin\",\"createTime\":\"2023-08-31 14:06:09\",\"dictType\":\"\",\"edit\":false,\"htmlType\":\"input\",\"increment\":true,\"insert\":true,\"isIncrement\":\"1\",\"isInsert\":\"1\",\"isPk\":\"1\",\"javaField\":\"studentId\",\"javaType\":\"Long\",\"list\":false,\"params\":{},\"pk\":true,\"query\":false,\"queryType\":\"EQ\",\"required\":false,\"sort\":1,\"superColumn\":false,\"tableId\":28,\"updateBy\":\"\",\"usableColumn\":false},{\"capJavaField\":\"MeataclassId\",\"columnComment\":\"行政班级id\",\"columnId\":299,\"columnName\":\"meataclass_id\",\"columnType\":\"int\",\"createBy\":\"admin\",\"createTime\":\"2023-08-31 14:06:09\",\"dictType\":\"\",\"edit\":true,\"htmlType\":\"input\",\"increment\":false,\"insert\":true,\"isEdit\":\"1\",\"isIncrement\":\"0\",\"isInsert\":\"1\",\"isList\":\"1\",\"isPk\":\"0\",\"isQuery\":\"1\",\"javaField\":\"meataclassId\",\"javaType\":\"Long\",\"list\":true,\"params\":{},\"pk\":false,\"query\":true,\"queryType\":\"EQ\",\"required\":false,\"sort\":2,\"superColumn\":false,\"tableId\":28,\"updateBy\":\"\",\"usableColumn\":false},{\"capJavaField\":\"Status\",\"columnComment\":\"状态\",\"columnId\":300,\"columnName\":\"status\",\"columnType\":\"char(1)\",\"createBy\":\"admin\",\"createTime\":\"2023-08-31 14:06:09\",\"dictType\":\"\",\"edit\":true,\"htmlType\":\"radio\",\"increment\":false,\"insert\":true,\"isEdit\":\"1\",\"isIncrement\":\"0\",\"isInsert\":\"1\",\"isList\":\"1\",\"isPk\":\"0\",\"isQuery\":\"1\",\"javaField\":\"status\",\"javaType\":\"String\",\"list\":true,\"params\":{},\"pk\":false,\"query\":true,\"queryType\":\"EQ\",\"required\":false,\"sort\":3,\"superColumn\":false,\"tableId\":28,\"updateBy\":\"\",\"usableColumn\":false},{\"capJavaField\":\"DelFlag\",\"columnComment\":\"是否删除\",\"columnId\":301,\"columnName\":\"del_flag\",\"columnType\":\"char(1)\",\"createBy\":\"admin\",\"createTime\":\"2023-08-31 14:06:09\",\"dictType\":\"\",\"edit\":false,\"htmlType\":\"input\",\"increment\":false,\"insert\":true,\"isIncrement\":\"0\",\"isInsert\":\"1\",\"isPk\":\"0\",\"javaField\":\"delFlag\",\"javaType\":\"String\",\"list\":false,\"params\":{},\"pk\":false,\"query\":false,\"queryType\":', '{\"msg\":\"操作成功\",\"code\":200}', 0, NULL, '2023-08-31 14:07:55', 28);
INSERT INTO `sys_oper_log` VALUES (702, '代码生成', 6, 'com.ruoyi.generator.controller.GenController.importTableSave()', 'POST', 1, 'admin', NULL, '/tool/gen/importTable', '127.0.0.1', '内网IP', '{\"tables\":\"metaclass\"}', '{\"msg\":\"操作成功\",\"code\":200}', 0, NULL, '2023-08-31 14:08:08', 33);
INSERT INTO `sys_oper_log` VALUES (703, '代码生成', 2, 'com.ruoyi.generator.controller.GenController.editSave()', 'PUT', 1, 'admin', NULL, '/tool/gen', '127.0.0.1', '内网IP', '{\"businessName\":\"metaclass\",\"className\":\"Metaclass\",\"columns\":[{\"capJavaField\":\"MeataclassId\",\"columnComment\":\"行政班级id\",\"columnId\":311,\"columnName\":\"meataclass_id\",\"columnType\":\"int\",\"createBy\":\"admin\",\"createTime\":\"2023-08-31 14:08:08\",\"dictType\":\"\",\"edit\":false,\"htmlType\":\"input\",\"increment\":true,\"insert\":true,\"isIncrement\":\"1\",\"isInsert\":\"1\",\"isPk\":\"1\",\"javaField\":\"meataclassId\",\"javaType\":\"Long\",\"list\":false,\"params\":{},\"pk\":true,\"query\":false,\"queryType\":\"EQ\",\"required\":false,\"sort\":1,\"superColumn\":false,\"tableId\":29,\"updateBy\":\"\",\"usableColumn\":false},{\"capJavaField\":\"MetaclassNo\",\"columnComment\":\"行政班级编号\",\"columnId\":312,\"columnName\":\"metaclass_no\",\"columnType\":\"varchar(50)\",\"createBy\":\"admin\",\"createTime\":\"2023-08-31 14:08:08\",\"dictType\":\"\",\"edit\":true,\"htmlType\":\"input\",\"increment\":false,\"insert\":true,\"isEdit\":\"1\",\"isIncrement\":\"0\",\"isInsert\":\"1\",\"isList\":\"1\",\"isPk\":\"0\",\"isQuery\":\"1\",\"javaField\":\"metaclassNo\",\"javaType\":\"String\",\"list\":true,\"params\":{},\"pk\":false,\"query\":true,\"queryType\":\"EQ\",\"required\":false,\"sort\":2,\"superColumn\":false,\"tableId\":29,\"updateBy\":\"\",\"usableColumn\":false},{\"capJavaField\":\"MetaclassName\",\"columnComment\":\"行政班级名称\",\"columnId\":313,\"columnName\":\"metaclass_name\",\"columnType\":\"varchar(50)\",\"createBy\":\"admin\",\"createTime\":\"2023-08-31 14:08:08\",\"dictType\":\"\",\"edit\":true,\"htmlType\":\"input\",\"increment\":false,\"insert\":true,\"isEdit\":\"1\",\"isIncrement\":\"0\",\"isInsert\":\"1\",\"isList\":\"1\",\"isPk\":\"0\",\"isQuery\":\"1\",\"javaField\":\"metaclassName\",\"javaType\":\"String\",\"list\":true,\"params\":{},\"pk\":false,\"query\":true,\"queryType\":\"LIKE\",\"required\":false,\"sort\":3,\"superColumn\":false,\"tableId\":29,\"updateBy\":\"\",\"usableColumn\":false},{\"capJavaField\":\"Grade\",\"columnComment\":\"年级\",\"columnId\":314,\"columnName\":\"grade\",\"columnType\":\"varchar(50)\",\"createBy\":\"admin\",\"createTime\":\"2023-08-31 14:08:08\",\"dictType\":\"\",\"edit\":true,\"htmlType\":\"input\",\"increment\":false,\"insert\":true,\"isEdit\":\"1\",\"isIncrement\":\"0\",\"isInsert\":\"1\",\"isList\":\"1\",\"isPk\":\"0\",\"isQuery\":\"1\",\"javaField\":\"g', '{\"msg\":\"操作成功\",\"code\":200}', 0, NULL, '2023-08-31 14:09:35', 26);
INSERT INTO `sys_oper_log` VALUES (704, '代码生成', 6, 'com.ruoyi.generator.controller.GenController.importTableSave()', 'POST', 1, 'admin', NULL, '/tool/gen/importTable', '127.0.0.1', '内网IP', '{\"tables\":\"course\"}', '{\"msg\":\"操作成功\",\"code\":200}', 0, NULL, '2023-08-31 14:09:54', 33);
INSERT INTO `sys_oper_log` VALUES (705, '代码生成', 2, 'com.ruoyi.generator.controller.GenController.editSave()', 'PUT', 1, 'admin', NULL, '/tool/gen', '127.0.0.1', '内网IP', '{\"businessName\":\"course\",\"className\":\"Course\",\"columns\":[{\"capJavaField\":\"CourseId\",\"columnComment\":\"课程id\",\"columnId\":322,\"columnName\":\"course_id\",\"columnType\":\"int\",\"createBy\":\"admin\",\"createTime\":\"2023-08-31 14:09:54\",\"dictType\":\"\",\"edit\":false,\"htmlType\":\"input\",\"increment\":true,\"insert\":true,\"isIncrement\":\"1\",\"isInsert\":\"1\",\"isPk\":\"1\",\"javaField\":\"courseId\",\"javaType\":\"Long\",\"list\":false,\"params\":{},\"pk\":true,\"query\":false,\"queryType\":\"EQ\",\"required\":false,\"sort\":1,\"superColumn\":false,\"tableId\":30,\"updateBy\":\"\",\"usableColumn\":false},{\"capJavaField\":\"DeptId\",\"columnComment\":\"部门id\",\"columnId\":323,\"columnName\":\"dept_id\",\"columnType\":\"bigint\",\"createBy\":\"admin\",\"createTime\":\"2023-08-31 14:09:54\",\"dictType\":\"\",\"edit\":true,\"htmlType\":\"input\",\"increment\":false,\"insert\":true,\"isEdit\":\"1\",\"isIncrement\":\"0\",\"isInsert\":\"1\",\"isList\":\"1\",\"isPk\":\"0\",\"isQuery\":\"1\",\"javaField\":\"deptId\",\"javaType\":\"Long\",\"list\":true,\"params\":{},\"pk\":false,\"query\":true,\"queryType\":\"EQ\",\"required\":false,\"sort\":2,\"superColumn\":false,\"tableId\":30,\"updateBy\":\"\",\"usableColumn\":false},{\"capJavaField\":\"Status\",\"columnComment\":\"状态\",\"columnId\":324,\"columnName\":\"status\",\"columnType\":\"char(1)\",\"createBy\":\"admin\",\"createTime\":\"2023-08-31 14:09:54\",\"dictType\":\"\",\"edit\":true,\"htmlType\":\"radio\",\"increment\":false,\"insert\":true,\"isEdit\":\"1\",\"isIncrement\":\"0\",\"isInsert\":\"1\",\"isList\":\"1\",\"isPk\":\"0\",\"isQuery\":\"1\",\"javaField\":\"status\",\"javaType\":\"String\",\"list\":true,\"params\":{},\"pk\":false,\"query\":true,\"queryType\":\"EQ\",\"required\":false,\"sort\":3,\"superColumn\":false,\"tableId\":30,\"updateBy\":\"\",\"usableColumn\":false},{\"capJavaField\":\"DelFlag\",\"columnComment\":\"是否删除 （2）删除  （0）存在正常\",\"columnId\":325,\"columnName\":\"del_flag\",\"columnType\":\"char(1)\",\"createBy\":\"admin\",\"createTime\":\"2023-08-31 14:09:54\",\"dictType\":\"\",\"edit\":false,\"htmlType\":\"input\",\"increment\":false,\"insert\":true,\"isIncrement\":\"0\",\"isInsert\":\"1\",\"isPk\":\"0\",\"javaField\":\"delFlag\",\"javaType\":\"String\",\"list\":false,\"params\":{},\"pk\":false,\"query\":false,\"queryType\":\"EQ\",\"r', '{\"msg\":\"操作成功\",\"code\":200}', 0, NULL, '2023-08-31 14:10:17', 27);
INSERT INTO `sys_oper_log` VALUES (706, '代码生成', 6, 'com.ruoyi.generator.controller.GenController.importTableSave()', 'POST', 1, 'admin', NULL, '/tool/gen/importTable', '127.0.0.1', '内网IP', '{\"tables\":\"courseclass_teacher,courseclass_student\"}', '{\"msg\":\"操作成功\",\"code\":200}', 0, NULL, '2023-08-31 14:21:42', 29);
INSERT INTO `sys_oper_log` VALUES (707, '代码生成', 2, 'com.ruoyi.generator.controller.GenController.editSave()', 'PUT', 1, 'admin', NULL, '/tool/gen', '127.0.0.1', '内网IP', '{\"businessName\":\"course_student\",\"className\":\"CourseclassStudent\",\"columns\":[{\"capJavaField\":\"StudentId\",\"columnComment\":\"学生id\",\"columnId\":335,\"columnName\":\"student_id\",\"columnType\":\"int\",\"createBy\":\"admin\",\"createTime\":\"2023-08-31 14:21:42\",\"dictType\":\"\",\"edit\":false,\"htmlType\":\"input\",\"increment\":false,\"insert\":true,\"isIncrement\":\"0\",\"isInsert\":\"1\",\"isPk\":\"1\",\"javaField\":\"studentId\",\"javaType\":\"Long\",\"list\":false,\"params\":{},\"pk\":true,\"query\":false,\"queryType\":\"EQ\",\"required\":false,\"sort\":1,\"superColumn\":false,\"tableId\":31,\"updateBy\":\"\",\"usableColumn\":false},{\"capJavaField\":\"CourseclassId\",\"columnComment\":\"上课班级id\",\"columnId\":336,\"columnName\":\"courseclass_id\",\"columnType\":\"int\",\"createBy\":\"admin\",\"createTime\":\"2023-08-31 14:21:42\",\"dictType\":\"\",\"edit\":false,\"htmlType\":\"input\",\"increment\":false,\"insert\":true,\"isIncrement\":\"0\",\"isInsert\":\"1\",\"isPk\":\"1\",\"javaField\":\"courseclassId\",\"javaType\":\"Long\",\"list\":false,\"params\":{},\"pk\":true,\"query\":false,\"queryType\":\"EQ\",\"required\":false,\"sort\":2,\"superColumn\":false,\"tableId\":31,\"updateBy\":\"\",\"usableColumn\":false},{\"capJavaField\":\"PingshiScore\",\"columnComment\":\"平时成绩\",\"columnId\":337,\"columnName\":\"pingshi_score\",\"columnType\":\"int\",\"createBy\":\"admin\",\"createTime\":\"2023-08-31 14:21:42\",\"dictType\":\"\",\"edit\":true,\"htmlType\":\"input\",\"increment\":false,\"insert\":true,\"isEdit\":\"1\",\"isIncrement\":\"0\",\"isInsert\":\"1\",\"isList\":\"1\",\"isPk\":\"0\",\"isQuery\":\"1\",\"javaField\":\"pingshiScore\",\"javaType\":\"Long\",\"list\":true,\"params\":{},\"pk\":false,\"query\":true,\"queryType\":\"EQ\",\"required\":false,\"sort\":3,\"superColumn\":false,\"tableId\":31,\"updateBy\":\"\",\"usableColumn\":false},{\"capJavaField\":\"QimoScore\",\"columnComment\":\"期末成绩\",\"columnId\":338,\"columnName\":\"qimo_score\",\"columnType\":\"int\",\"createBy\":\"admin\",\"createTime\":\"2023-08-31 14:21:42\",\"dictType\":\"\",\"edit\":true,\"htmlType\":\"input\",\"increment\":false,\"insert\":true,\"isEdit\":\"1\",\"isIncrement\":\"0\",\"isInsert\":\"1\",\"isList\":\"1\",\"isPk\":\"0\",\"isQuery\":\"1\",\"javaField\":\"qimoScore\",\"javaType\":\"Long\",\"list\":true,\"params\":{},', '{\"msg\":\"操作成功\",\"code\":200}', 0, NULL, '2023-08-31 14:23:34', 14);
INSERT INTO `sys_oper_log` VALUES (708, '代码生成', 2, 'com.ruoyi.generator.controller.GenController.editSave()', 'PUT', 1, 'admin', NULL, '/tool/gen', '127.0.0.1', '内网IP', '{\"businessName\":\"course_teacher\",\"className\":\"CourseclassTeacher\",\"columns\":[{\"capJavaField\":\"TeacherId\",\"columnComment\":\"教师id\",\"columnId\":340,\"columnName\":\"teacher_id\",\"columnType\":\"int\",\"createBy\":\"admin\",\"createTime\":\"2023-08-31 14:21:42\",\"dictType\":\"\",\"edit\":false,\"htmlType\":\"input\",\"increment\":false,\"insert\":true,\"isIncrement\":\"0\",\"isInsert\":\"1\",\"isPk\":\"1\",\"javaField\":\"teacherId\",\"javaType\":\"Long\",\"list\":false,\"params\":{},\"pk\":true,\"query\":false,\"queryType\":\"EQ\",\"required\":false,\"sort\":1,\"superColumn\":false,\"tableId\":32,\"updateBy\":\"\",\"usableColumn\":false},{\"capJavaField\":\"CourseclassId\",\"columnComment\":\"上课班级id\",\"columnId\":341,\"columnName\":\"courseclass_id\",\"columnType\":\"int\",\"createBy\":\"admin\",\"createTime\":\"2023-08-31 14:21:42\",\"dictType\":\"\",\"edit\":false,\"htmlType\":\"input\",\"increment\":false,\"insert\":true,\"isIncrement\":\"0\",\"isInsert\":\"1\",\"isPk\":\"1\",\"javaField\":\"courseclassId\",\"javaType\":\"Long\",\"list\":false,\"params\":{},\"pk\":true,\"query\":false,\"queryType\":\"EQ\",\"required\":false,\"sort\":2,\"superColumn\":false,\"tableId\":32,\"updateBy\":\"\",\"usableColumn\":false},{\"capJavaField\":\"EvaluationScore\",\"columnComment\":\"评价成绩\",\"columnId\":342,\"columnName\":\"evaluation_score\",\"columnType\":\"float\",\"createBy\":\"admin\",\"createTime\":\"2023-08-31 14:21:42\",\"dictType\":\"\",\"edit\":true,\"htmlType\":\"input\",\"increment\":false,\"insert\":true,\"isEdit\":\"1\",\"isIncrement\":\"0\",\"isInsert\":\"1\",\"isList\":\"1\",\"isPk\":\"0\",\"isQuery\":\"1\",\"javaField\":\"evaluationScore\",\"javaType\":\"Long\",\"list\":true,\"params\":{},\"pk\":false,\"query\":true,\"queryType\":\"EQ\",\"required\":false,\"sort\":3,\"superColumn\":false,\"tableId\":32,\"updateBy\":\"\",\"usableColumn\":false}],\"crud\":true,\"functionAuthor\":\"ruoyi\",\"functionName\":\"课程查询\",\"genPath\":\"/\",\"genType\":\"0\",\"moduleName\":\"gradesManagement\",\"options\":\"{\\\"parentMenuId\\\":2064}\",\"packageName\":\"com.ruoyi.system\",\"params\":{\"parentMenuId\":2064},\"parentMenuId\":\"2064\",\"remark\":\"课程查询老师\",\"sub\":false,\"tableComment\":\"课程查询\",\"tableId\":32,\"tableName\":\"courseclass_teacher\",\"tplCategory\":\"crud\",\"tree\":false}', '{\"msg\":\"操作成功\",\"code\":200}', 0, NULL, '2023-08-31 14:24:20', 11);
INSERT INTO `sys_oper_log` VALUES (709, '代码生成', 2, 'com.ruoyi.generator.controller.GenController.editSave()', 'PUT', 1, 'admin', NULL, '/tool/gen', '127.0.0.1', '内网IP', '{\"businessName\":\"course\",\"className\":\"CourseclassStudent\",\"columns\":[{\"capJavaField\":\"StudentId\",\"columnComment\":\"学生id\",\"columnId\":335,\"columnName\":\"student_id\",\"columnType\":\"int\",\"createBy\":\"admin\",\"createTime\":\"2023-08-31 14:21:42\",\"dictType\":\"\",\"edit\":false,\"htmlType\":\"input\",\"increment\":false,\"insert\":true,\"isIncrement\":\"0\",\"isInsert\":\"1\",\"isPk\":\"1\",\"javaField\":\"studentId\",\"javaType\":\"Long\",\"list\":false,\"params\":{},\"pk\":true,\"query\":false,\"queryType\":\"EQ\",\"required\":false,\"sort\":1,\"superColumn\":false,\"tableId\":31,\"updateBy\":\"\",\"updateTime\":\"2023-08-31 14:23:34\",\"usableColumn\":false},{\"capJavaField\":\"CourseclassId\",\"columnComment\":\"上课班级id\",\"columnId\":336,\"columnName\":\"courseclass_id\",\"columnType\":\"int\",\"createBy\":\"admin\",\"createTime\":\"2023-08-31 14:21:42\",\"dictType\":\"\",\"edit\":false,\"htmlType\":\"input\",\"increment\":false,\"insert\":true,\"isIncrement\":\"0\",\"isInsert\":\"1\",\"isPk\":\"1\",\"javaField\":\"courseclassId\",\"javaType\":\"Long\",\"list\":false,\"params\":{},\"pk\":true,\"query\":false,\"queryType\":\"EQ\",\"required\":false,\"sort\":2,\"superColumn\":false,\"tableId\":31,\"updateBy\":\"\",\"updateTime\":\"2023-08-31 14:23:34\",\"usableColumn\":false},{\"capJavaField\":\"PingshiScore\",\"columnComment\":\"平时成绩\",\"columnId\":337,\"columnName\":\"pingshi_score\",\"columnType\":\"int\",\"createBy\":\"admin\",\"createTime\":\"2023-08-31 14:21:42\",\"dictType\":\"\",\"edit\":true,\"htmlType\":\"input\",\"increment\":false,\"insert\":true,\"isEdit\":\"1\",\"isIncrement\":\"0\",\"isInsert\":\"1\",\"isList\":\"1\",\"isPk\":\"0\",\"isQuery\":\"1\",\"javaField\":\"pingshiScore\",\"javaType\":\"Long\",\"list\":true,\"params\":{},\"pk\":false,\"query\":true,\"queryType\":\"EQ\",\"required\":false,\"sort\":3,\"superColumn\":false,\"tableId\":31,\"updateBy\":\"\",\"updateTime\":\"2023-08-31 14:23:34\",\"usableColumn\":false},{\"capJavaField\":\"QimoScore\",\"columnComment\":\"期末成绩\",\"columnId\":338,\"columnName\":\"qimo_score\",\"columnType\":\"int\",\"createBy\":\"admin\",\"createTime\":\"2023-08-31 14:21:42\",\"dictType\":\"\",\"edit\":true,\"htmlType\":\"input\",\"increment\":false,\"insert\":true,\"isEdit\":\"1\",\"isIncrement\":\"0\",\"isInsert\":\"1\",\"isList', '{\"msg\":\"操作成功\",\"code\":200}', 0, NULL, '2023-08-31 14:33:32', 13);
INSERT INTO `sys_oper_log` VALUES (710, '菜单管理', 2, 'com.ruoyi.web.controller.system.SysMenuController.edit()', 'PUT', 1, 'admin', NULL, '/system/menu', '127.0.0.1', '内网IP', '{\"children\":[],\"component\":\"student_management/course/index\",\"createTime\":\"2023-08-31 09:16:07\",\"icon\":\"#\",\"isCache\":\"0\",\"isFrame\":\"1\",\"menuId\":2070,\"menuName\":\"课程查询\",\"menuType\":\"C\",\"orderNum\":6,\"params\":{},\"parentId\":2064,\"path\":\"#\",\"perms\":\"\",\"status\":\"0\",\"updateBy\":\"admin\",\"visible\":\"0\"}', '{\"msg\":\"操作成功\",\"code\":200}', 0, NULL, '2023-08-31 14:42:59', 12);
INSERT INTO `sys_oper_log` VALUES (711, '菜单管理', 2, 'com.ruoyi.web.controller.system.SysMenuController.edit()', 'PUT', 1, 'admin', NULL, '/system/menu', '127.0.0.1', '内网IP', '{\"children\":[],\"component\":\"student_management/course/index\",\"createTime\":\"2023-08-31 09:16:07\",\"icon\":\"#\",\"isCache\":\"0\",\"isFrame\":\"1\",\"menuId\":2070,\"menuName\":\"课程查询\",\"menuType\":\"C\",\"orderNum\":6,\"params\":{},\"parentId\":2064,\"path\":\"#\",\"perms\":\"\",\"status\":\"0\",\"updateBy\":\"admin\",\"visible\":\"0\"}', '{\"msg\":\"操作成功\",\"code\":200}', 0, NULL, '2023-08-31 14:44:25', 8);
INSERT INTO `sys_oper_log` VALUES (712, '菜单管理', 2, 'com.ruoyi.web.controller.system.SysMenuController.edit()', 'PUT', 1, 'admin', NULL, '/system/menu', '127.0.0.1', '内网IP', '{\"children\":[],\"component\":\"student_management/course/index\",\"createTime\":\"2023-08-31 09:16:07\",\"icon\":\"#\",\"isCache\":\"0\",\"isFrame\":\"1\",\"menuId\":2070,\"menuName\":\"课程查询\",\"menuType\":\"C\",\"orderNum\":6,\"params\":{},\"parentId\":2064,\"path\":\"#\",\"perms\":\"\",\"status\":\"0\",\"updateBy\":\"admin\",\"visible\":\"0\"}', '{\"msg\":\"操作成功\",\"code\":200}', 0, NULL, '2023-08-31 14:49:00', 9);
INSERT INTO `sys_oper_log` VALUES (713, '代码生成', 2, 'com.ruoyi.generator.controller.GenController.editSave()', 'PUT', 1, 'admin', NULL, '/tool/gen', '127.0.0.1', '内网IP', '{\"businessName\":\"course\",\"className\":\"CourseclassStudent\",\"columns\":[{\"capJavaField\":\"StudentId\",\"columnComment\":\"学生id\",\"columnId\":335,\"columnName\":\"student_id\",\"columnType\":\"int\",\"createBy\":\"admin\",\"createTime\":\"2023-08-31 14:21:42\",\"dictType\":\"\",\"edit\":false,\"htmlType\":\"input\",\"increment\":false,\"insert\":true,\"isIncrement\":\"0\",\"isInsert\":\"1\",\"isPk\":\"1\",\"javaField\":\"studentId\",\"javaType\":\"Long\",\"list\":false,\"params\":{},\"pk\":true,\"query\":false,\"queryType\":\"EQ\",\"required\":false,\"sort\":1,\"superColumn\":false,\"tableId\":31,\"updateBy\":\"\",\"updateTime\":\"2023-08-31 14:33:32\",\"usableColumn\":false},{\"capJavaField\":\"CourseclassId\",\"columnComment\":\"上课班级id\",\"columnId\":336,\"columnName\":\"courseclass_id\",\"columnType\":\"int\",\"createBy\":\"admin\",\"createTime\":\"2023-08-31 14:21:42\",\"dictType\":\"\",\"edit\":false,\"htmlType\":\"input\",\"increment\":false,\"insert\":true,\"isIncrement\":\"0\",\"isInsert\":\"1\",\"isPk\":\"1\",\"javaField\":\"courseclassId\",\"javaType\":\"Long\",\"list\":false,\"params\":{},\"pk\":true,\"query\":false,\"queryType\":\"EQ\",\"required\":false,\"sort\":2,\"superColumn\":false,\"tableId\":31,\"updateBy\":\"\",\"updateTime\":\"2023-08-31 14:33:32\",\"usableColumn\":false},{\"capJavaField\":\"PingshiScore\",\"columnComment\":\"平时成绩\",\"columnId\":337,\"columnName\":\"pingshi_score\",\"columnType\":\"int\",\"createBy\":\"admin\",\"createTime\":\"2023-08-31 14:21:42\",\"dictType\":\"\",\"edit\":true,\"htmlType\":\"input\",\"increment\":false,\"insert\":true,\"isEdit\":\"1\",\"isIncrement\":\"0\",\"isInsert\":\"1\",\"isList\":\"1\",\"isPk\":\"0\",\"isQuery\":\"1\",\"javaField\":\"pingshiScore\",\"javaType\":\"Long\",\"list\":true,\"params\":{},\"pk\":false,\"query\":true,\"queryType\":\"EQ\",\"required\":false,\"sort\":3,\"superColumn\":false,\"tableId\":31,\"updateBy\":\"\",\"updateTime\":\"2023-08-31 14:33:32\",\"usableColumn\":false},{\"capJavaField\":\"QimoScore\",\"columnComment\":\"期末成绩\",\"columnId\":338,\"columnName\":\"qimo_score\",\"columnType\":\"int\",\"createBy\":\"admin\",\"createTime\":\"2023-08-31 14:21:42\",\"dictType\":\"\",\"edit\":true,\"htmlType\":\"input\",\"increment\":false,\"insert\":true,\"isEdit\":\"1\",\"isIncrement\":\"0\",\"isInsert\":\"1\",\"isList', '{\"msg\":\"操作成功\",\"code\":200}', 0, NULL, '2023-08-31 14:51:29', 14);
INSERT INTO `sys_oper_log` VALUES (714, '代码生成', 8, 'com.ruoyi.generator.controller.GenController.batchGenCode()', 'GET', 1, 'admin', NULL, '/tool/gen/batchGenCode', '127.0.0.1', '内网IP', '{\"tables\":\"courseclass_student\"}', NULL, 0, NULL, '2023-08-31 14:52:38', 26);
INSERT INTO `sys_oper_log` VALUES (715, '菜单管理', 3, 'com.ruoyi.web.controller.system.SysMenuController.remove()', 'DELETE', 1, 'admin', NULL, '/system/menu/2070', '127.0.0.1', '内网IP', '{}', '{\"msg\":\"菜单已分配,不允许删除\",\"code\":601}', 0, NULL, '2023-08-31 14:57:49', 4);
INSERT INTO `sys_oper_log` VALUES (716, '菜单管理', 2, 'com.ruoyi.web.controller.system.SysMenuController.edit()', 'PUT', 1, 'admin', NULL, '/system/menu', '127.0.0.1', '内网IP', '{\"children\":[],\"component\":\"student_management/course/index\",\"createTime\":\"2023-08-31 09:16:07\",\"icon\":\"#\",\"isCache\":\"0\",\"isFrame\":\"1\",\"menuId\":2070,\"menuName\":\"课程查询\",\"menuType\":\"C\",\"orderNum\":6,\"params\":{},\"parentId\":2064,\"path\":\"#\",\"perms\":\"\",\"status\":\"1\",\"updateBy\":\"admin\",\"visible\":\"1\"}', '{\"msg\":\"操作成功\",\"code\":200}', 0, NULL, '2023-08-31 15:04:32', 8);
INSERT INTO `sys_oper_log` VALUES (717, '菜单管理', 2, 'com.ruoyi.web.controller.system.SysMenuController.edit()', 'PUT', 1, 'admin', NULL, '/system/menu', '127.0.0.1', '内网IP', '{\"children\":[],\"component\":\"student_management/course/index\",\"createTime\":\"2023-08-31 09:16:07\",\"icon\":\"#\",\"isCache\":\"0\",\"isFrame\":\"1\",\"menuId\":2070,\"menuName\":\"课程查询\",\"menuType\":\"C\",\"orderNum\":1,\"params\":{},\"parentId\":2064,\"path\":\"course\",\"perms\":\"student_management:course:list\",\"status\":\"0\",\"updateBy\":\"admin\",\"visible\":\"0\"}', '{\"msg\":\"操作成功\",\"code\":200}', 0, NULL, '2023-08-31 15:05:59', 8);
INSERT INTO `sys_oper_log` VALUES (718, '菜单管理', 3, 'com.ruoyi.web.controller.system.SysMenuController.remove()', 'DELETE', 1, 'admin', NULL, '/system/menu/2070', '127.0.0.1', '内网IP', '{}', '{\"msg\":\"菜单已分配,不允许删除\",\"code\":601}', 0, NULL, '2023-08-31 15:06:19', 2);
INSERT INTO `sys_oper_log` VALUES (719, '菜单管理', 3, 'com.ruoyi.web.controller.system.SysMenuController.remove()', 'DELETE', 1, 'admin', NULL, '/system/menu/2078', '127.0.0.1', '内网IP', '{}', '{\"msg\":\"操作成功\",\"code\":200}', 0, NULL, '2023-08-31 15:06:26', 9);
INSERT INTO `sys_oper_log` VALUES (720, '菜单管理', 3, 'com.ruoyi.web.controller.system.SysMenuController.remove()', 'DELETE', 1, 'admin', NULL, '/system/menu/2077', '127.0.0.1', '内网IP', '{}', '{\"msg\":\"操作成功\",\"code\":200}', 0, NULL, '2023-08-31 15:06:28', 10);
INSERT INTO `sys_oper_log` VALUES (721, '菜单管理', 3, 'com.ruoyi.web.controller.system.SysMenuController.remove()', 'DELETE', 1, 'admin', NULL, '/system/menu/2076', '127.0.0.1', '内网IP', '{}', '{\"msg\":\"操作成功\",\"code\":200}', 0, NULL, '2023-08-31 15:06:30', 9);
INSERT INTO `sys_oper_log` VALUES (722, '菜单管理', 3, 'com.ruoyi.web.controller.system.SysMenuController.remove()', 'DELETE', 1, 'admin', NULL, '/system/menu/2075', '127.0.0.1', '内网IP', '{}', '{\"msg\":\"操作成功\",\"code\":200}', 0, NULL, '2023-08-31 15:06:32', 8);
INSERT INTO `sys_oper_log` VALUES (723, '菜单管理', 3, 'com.ruoyi.web.controller.system.SysMenuController.remove()', 'DELETE', 1, 'admin', NULL, '/system/menu/2074', '127.0.0.1', '内网IP', '{}', '{\"msg\":\"操作成功\",\"code\":200}', 0, NULL, '2023-08-31 15:06:35', 10);
INSERT INTO `sys_oper_log` VALUES (724, '菜单管理', 3, 'com.ruoyi.web.controller.system.SysMenuController.remove()', 'DELETE', 1, 'admin', NULL, '/system/menu/2070', '127.0.0.1', '内网IP', '{}', '{\"msg\":\"菜单已分配,不允许删除\",\"code\":601}', 0, NULL, '2023-08-31 15:06:39', 3);
INSERT INTO `sys_oper_log` VALUES (725, '菜单管理', 3, 'com.ruoyi.web.controller.system.SysMenuController.remove()', 'DELETE', 1, 'admin', NULL, '/system/menu/2073', '127.0.0.1', '内网IP', '{}', '{\"msg\":\"操作成功\",\"code\":200}', 0, NULL, '2023-08-31 15:06:41', 8);
INSERT INTO `sys_oper_log` VALUES (726, '菜单管理', 3, 'com.ruoyi.web.controller.system.SysMenuController.remove()', 'DELETE', 1, 'admin', NULL, '/system/menu/2070', '127.0.0.1', '内网IP', '{}', '{\"msg\":\"菜单已分配,不允许删除\",\"code\":601}', 0, NULL, '2023-08-31 15:27:29', 10);
INSERT INTO `sys_oper_log` VALUES (727, '菜单管理', 2, 'com.ruoyi.web.controller.system.SysMenuController.edit()', 'PUT', 1, 'admin', NULL, '/system/menu', '127.0.0.1', '内网IP', '{\"children\":[],\"component\":\"student_management/course/index\",\"createTime\":\"2023-08-31 09:16:07\",\"icon\":\"#\",\"isCache\":\"0\",\"isFrame\":\"1\",\"menuId\":2070,\"menuName\":\"课程查询\",\"menuType\":\"C\",\"orderNum\":1,\"params\":{},\"parentId\":2064,\"path\":\"course\",\"perms\":\"\",\"status\":\"0\",\"updateBy\":\"admin\",\"visible\":\"0\"}', '{\"msg\":\"操作成功\",\"code\":200}', 0, NULL, '2023-08-31 15:27:50', 20);
INSERT INTO `sys_oper_log` VALUES (728, '菜单管理', 2, 'com.ruoyi.web.controller.system.SysMenuController.edit()', 'PUT', 1, 'admin', NULL, '/system/menu', '127.0.0.1', '内网IP', '{\"children\":[],\"component\":\"student_management/course/index\",\"createTime\":\"2023-08-31 09:16:07\",\"icon\":\"#\",\"isCache\":\"0\",\"isFrame\":\"1\",\"menuId\":2070,\"menuName\":\"课程查询\",\"menuType\":\"C\",\"orderNum\":1,\"params\":{},\"parentId\":2064,\"path\":\"course\",\"perms\":\"\",\"status\":\"0\",\"updateBy\":\"admin\",\"visible\":\"0\"}', '{\"msg\":\"操作成功\",\"code\":200}', 0, NULL, '2023-08-31 15:28:21', 9);
INSERT INTO `sys_oper_log` VALUES (729, '菜单管理', 2, 'com.ruoyi.web.controller.system.SysMenuController.edit()', 'PUT', 1, 'admin', NULL, '/system/menu', '127.0.0.1', '内网IP', '{\"children\":[],\"component\":\"student_management/course/index\",\"createTime\":\"2023-08-31 09:16:07\",\"icon\":\"#\",\"isCache\":\"0\",\"isFrame\":\"1\",\"menuId\":2070,\"menuName\":\"课程查询\",\"menuType\":\"C\",\"orderNum\":1,\"params\":{},\"parentId\":2064,\"path\":\"course\",\"perms\":\"\",\"status\":\"0\",\"updateBy\":\"admin\",\"visible\":\"0\"}', '{\"msg\":\"操作成功\",\"code\":200}', 0, NULL, '2023-08-31 15:31:20', 9);
INSERT INTO `sys_oper_log` VALUES (730, '菜单管理', 2, 'com.ruoyi.web.controller.system.SysMenuController.edit()', 'PUT', 1, 'admin', NULL, '/system/menu', '127.0.0.1', '内网IP', '{\"children\":[],\"component\":\"student_management/course/index\",\"createTime\":\"2023-08-31 09:16:07\",\"icon\":\"#\",\"isCache\":\"0\",\"isFrame\":\"1\",\"menuId\":2070,\"menuName\":\"课程查询\",\"menuType\":\"C\",\"orderNum\":1,\"params\":{},\"parentId\":2064,\"path\":\"course\",\"perms\":\"\",\"status\":\"0\",\"updateBy\":\"admin\",\"visible\":\"0\"}', '{\"msg\":\"操作成功\",\"code\":200}', 0, NULL, '2023-08-31 15:32:13', 9);
INSERT INTO `sys_oper_log` VALUES (731, '菜单管理', 2, 'com.ruoyi.web.controller.system.SysMenuController.edit()', 'PUT', 1, 'admin', NULL, '/system/menu', '127.0.0.1', '内网IP', '{\"children\":[],\"component\":\"student_management/course/index\",\"createTime\":\"2023-08-31 09:16:07\",\"icon\":\"#\",\"isCache\":\"0\",\"isFrame\":\"1\",\"menuId\":2070,\"menuName\":\"课程查询\",\"menuType\":\"C\",\"orderNum\":1,\"params\":{},\"parentId\":2064,\"path\":\"course\",\"perms\":\"\",\"status\":\"0\",\"updateBy\":\"admin\",\"visible\":\"0\"}', '{\"msg\":\"操作成功\",\"code\":200}', 0, NULL, '2023-08-31 15:38:21', 9);
INSERT INTO `sys_oper_log` VALUES (732, '菜单管理', 2, 'com.ruoyi.web.controller.system.SysMenuController.edit()', 'PUT', 1, 'admin', NULL, '/system/menu', '127.0.0.1', '内网IP', '{\"children\":[],\"createTime\":\"2023-08-31 09:09:46\",\"icon\":\"education\",\"isCache\":\"0\",\"isFrame\":\"1\",\"menuId\":2064,\"menuName\":\"成绩管理系统\",\"menuType\":\"M\",\"orderNum\":3,\"params\":{},\"parentId\":0,\"path\":\"#\",\"perms\":\"\",\"status\":\"0\",\"updateBy\":\"admin\",\"visible\":\"0\"}', '{\"msg\":\"操作成功\",\"code\":200}', 0, NULL, '2023-08-31 15:40:56', 9);
INSERT INTO `sys_oper_log` VALUES (733, '菜单管理', 2, 'com.ruoyi.web.controller.system.SysMenuController.edit()', 'PUT', 1, 'admin', NULL, '/system/menu', '127.0.0.1', '内网IP', '{\"children\":[],\"component\":\"student_management/course/index\",\"createTime\":\"2023-08-31 09:16:07\",\"icon\":\"#\",\"isCache\":\"0\",\"isFrame\":\"1\",\"menuId\":2070,\"menuName\":\"课程查询\",\"menuType\":\"C\",\"orderNum\":1,\"params\":{},\"parentId\":2064,\"path\":\"course\",\"perms\":\"\",\"status\":\"0\",\"updateBy\":\"admin\",\"visible\":\"0\"}', '{\"msg\":\"操作成功\",\"code\":200}', 0, NULL, '2023-08-31 16:01:31', 11);
INSERT INTO `sys_oper_log` VALUES (734, '菜单管理', 1, 'com.ruoyi.web.controller.system.SysMenuController.add()', 'POST', 1, 'admin', NULL, '/system/menu', '127.0.0.1', '内网IP', '{\"children\":[],\"component\":\"test/demo/index\",\"createBy\":\"admin\",\"icon\":\"clipboard\",\"isCache\":\"0\",\"isFrame\":\"1\",\"menuName\":\"测试\",\"menuType\":\"C\",\"orderNum\":1,\"params\":{},\"parentId\":2064,\"path\":\"#\",\"status\":\"0\",\"visible\":\"0\"}', '{\"msg\":\"操作成功\",\"code\":200}', 0, NULL, '2023-08-31 16:05:12', 11);
INSERT INTO `sys_oper_log` VALUES (735, '菜单管理', 2, 'com.ruoyi.web.controller.system.SysMenuController.edit()', 'PUT', 1, 'admin', NULL, '/system/menu', '127.0.0.1', '内网IP', '{\"children\":[],\"component\":\"test/demo/index\",\"createTime\":\"2023-08-31 16:05:12\",\"icon\":\"clipboard\",\"isCache\":\"0\",\"isFrame\":\"1\",\"menuId\":2079,\"menuName\":\"测试\",\"menuType\":\"C\",\"orderNum\":1,\"params\":{},\"parentId\":2064,\"path\":\"#\",\"perms\":\"system:menu:list\",\"status\":\"0\",\"updateBy\":\"admin\",\"visible\":\"0\"}', '{\"msg\":\"操作成功\",\"code\":200}', 0, NULL, '2023-08-31 16:17:49', 11);
INSERT INTO `sys_oper_log` VALUES (736, '菜单管理', 3, 'com.ruoyi.web.controller.system.SysMenuController.remove()', 'DELETE', 1, 'admin', NULL, '/system/menu/2079', '127.0.0.1', '内网IP', '{}', '{\"msg\":\"操作成功\",\"code\":200}', 0, NULL, '2023-08-31 16:24:17', 32);
INSERT INTO `sys_oper_log` VALUES (737, '菜单管理', 1, 'com.ruoyi.web.controller.system.SysMenuController.add()', 'POST', 1, 'admin', NULL, '/system/menu', '127.0.0.1', '内网IP', '{\"children\":[],\"component\":\"test/demo/index\",\"createBy\":\"admin\",\"icon\":\"button\",\"isCache\":\"0\",\"isFrame\":\"1\",\"menuName\":\"测试\",\"menuType\":\"C\",\"orderNum\":1,\"params\":{},\"parentId\":0,\"path\":\"demo\",\"perms\":\"test:demo\",\"status\":\"0\",\"visible\":\"0\"}', '{\"msg\":\"操作成功\",\"code\":200}', 0, NULL, '2023-08-31 16:25:49', 9);
INSERT INTO `sys_oper_log` VALUES (738, '菜单管理', 3, 'com.ruoyi.web.controller.system.SysMenuController.remove()', 'DELETE', 1, 'admin', NULL, '/system/menu/2080', '127.0.0.1', '内网IP', '{}', '{\"msg\":\"操作成功\",\"code\":200}', 0, NULL, '2023-08-31 16:29:31', 12);
INSERT INTO `sys_oper_log` VALUES (739, '菜单管理', 2, 'com.ruoyi.web.controller.system.SysMenuController.edit()', 'PUT', 1, 'admin', NULL, '/system/menu', '127.0.0.1', '内网IP', '{\"children\":[],\"component\":\"student_management/course/index\",\"createTime\":\"2023-08-31 09:16:07\",\"icon\":\"#\",\"isCache\":\"0\",\"isFrame\":\"1\",\"menuId\":2070,\"menuName\":\"课程查询\",\"menuType\":\"C\",\"orderNum\":1,\"params\":{},\"parentId\":2064,\"path\":\"course\",\"perms\":\"student:course:list\",\"status\":\"0\",\"updateBy\":\"admin\",\"visible\":\"0\"}', '{\"msg\":\"操作成功\",\"code\":200}', 0, NULL, '2023-08-31 16:30:02', 13);
INSERT INTO `sys_oper_log` VALUES (740, '菜单管理', 1, 'com.ruoyi.web.controller.system.SysMenuController.add()', 'POST', 1, 'admin', NULL, '/system/menu', '127.0.0.1', '内网IP', '{\"children\":[],\"component\":\"test/demo/index\",\"createBy\":\"admin\",\"icon\":\"button\",\"isCache\":\"0\",\"isFrame\":\"1\",\"menuName\":\"测试\",\"menuType\":\"C\",\"orderNum\":1,\"params\":{},\"parentId\":2064,\"path\":\"demo\",\"perms\":\"test:list\",\"status\":\"0\",\"visible\":\"0\"}', '{\"msg\":\"操作成功\",\"code\":200}', 0, NULL, '2023-08-31 16:32:41', 8);
INSERT INTO `sys_oper_log` VALUES (741, '菜单管理', 1, 'com.ruoyi.web.controller.system.SysMenuController.add()', 'POST', 1, 'admin', NULL, '/system/menu', '127.0.0.1', '内网IP', '{\"children\":[],\"component\":\"test/demo/index\",\"createBy\":\"admin\",\"icon\":\"button\",\"isCache\":\"0\",\"isFrame\":\"1\",\"menuName\":\"测试\",\"menuType\":\"C\",\"orderNum\":1,\"params\":{},\"parentId\":2,\"path\":\"demo\",\"perms\":\"test:list\",\"status\":\"0\",\"visible\":\"0\"}', '{\"msg\":\"操作成功\",\"code\":200}', 0, NULL, '2023-08-31 16:35:35', 9);
INSERT INTO `sys_oper_log` VALUES (742, '菜单管理', 2, 'com.ruoyi.web.controller.system.SysMenuController.edit()', 'PUT', 1, 'admin', NULL, '/system/menu', '127.0.0.1', '内网IP', '{\"children\":[],\"createTime\":\"2023-07-02 12:38:43\",\"icon\":\"monitor\",\"isCache\":\"0\",\"isFrame\":\"1\",\"menuId\":2,\"menuName\":\"系统监控\",\"menuType\":\"M\",\"orderNum\":2,\"params\":{},\"parentId\":0,\"path\":\"monitor\",\"perms\":\"\",\"query\":\"\",\"status\":\"0\",\"updateBy\":\"admin\",\"visible\":\"0\"}', '{\"msg\":\"操作成功\",\"code\":200}', 0, NULL, '2023-08-31 17:24:27', 9);
INSERT INTO `sys_oper_log` VALUES (743, '菜单管理', 2, 'com.ruoyi.web.controller.system.SysMenuController.edit()', 'PUT', 1, 'admin', NULL, '/system/menu', '127.0.0.1', '内网IP', '{\"children\":[],\"createTime\":\"2023-08-31 09:09:46\",\"icon\":\"education\",\"isCache\":\"0\",\"isFrame\":\"1\",\"menuId\":2064,\"menuName\":\"成绩管理系统\",\"menuType\":\"M\",\"orderNum\":3,\"params\":{},\"parentId\":0,\"path\":\"haha\",\"perms\":\"\",\"status\":\"0\",\"updateBy\":\"admin\",\"visible\":\"0\"}', '{\"msg\":\"操作成功\",\"code\":200}', 0, NULL, '2023-08-31 17:33:16', 9);
INSERT INTO `sys_oper_log` VALUES (744, '菜单管理', 3, 'com.ruoyi.web.controller.system.SysMenuController.remove()', 'DELETE', 1, 'admin', NULL, '/system/menu/2082', '127.0.0.1', '内网IP', '{}', '{\"msg\":\"操作成功\",\"code\":200}', 0, NULL, '2023-08-31 17:36:29', 10);
INSERT INTO `sys_oper_log` VALUES (745, '菜单管理', 3, 'com.ruoyi.web.controller.system.SysMenuController.remove()', 'DELETE', 1, 'admin', NULL, '/system/menu/2081', '127.0.0.1', '内网IP', '{}', '{\"msg\":\"操作成功\",\"code\":200}', 0, NULL, '2023-08-31 17:36:35', 8);
INSERT INTO `sys_oper_log` VALUES (746, '代码生成', 3, 'com.ruoyi.generator.controller.GenController.remove()', 'DELETE', 1, 'admin', NULL, '/tool/gen/31', '127.0.0.1', '内网IP', '{}', '{\"msg\":\"操作成功\",\"code\":200}', 0, NULL, '2023-08-31 18:28:16', 41);
INSERT INTO `sys_oper_log` VALUES (747, '代码生成', 6, 'com.ruoyi.generator.controller.GenController.importTableSave()', 'POST', 1, 'admin', NULL, '/tool/gen/importTable', '127.0.0.1', '内网IP', '{\"tables\":\"courseclass_student,courseclass_metaclass\"}', '{\"msg\":\"操作成功\",\"code\":200}', 0, NULL, '2023-08-31 18:28:36', 55);
INSERT INTO `sys_oper_log` VALUES (748, '代码生成', 3, 'com.ruoyi.generator.controller.GenController.remove()', 'DELETE', 1, 'admin', NULL, '/tool/gen/33', '127.0.0.1', '内网IP', '{}', '{\"msg\":\"操作成功\",\"code\":200}', 0, NULL, '2023-08-31 18:28:57', 10);
INSERT INTO `sys_oper_log` VALUES (749, '菜单管理', 2, 'com.ruoyi.web.controller.system.SysMenuController.edit()', 'PUT', 1, 'admin', NULL, '/system/menu', '127.0.0.1', '内网IP', '{\"children\":[],\"createTime\":\"2023-08-31 09:09:46\",\"icon\":\"education\",\"isCache\":\"0\",\"isFrame\":\"1\",\"menuId\":2064,\"menuName\":\"成绩管理系统\",\"menuType\":\"M\",\"orderNum\":3,\"params\":{},\"parentId\":0,\"path\":\"studentScore\",\"perms\":\"\",\"status\":\"0\",\"updateBy\":\"admin\",\"visible\":\"0\"}', '{\"msg\":\"操作成功\",\"code\":200}', 0, NULL, '2023-08-31 18:38:46', 20);
INSERT INTO `sys_oper_log` VALUES (750, '菜单管理', 2, 'com.ruoyi.web.controller.system.SysMenuController.edit()', 'PUT', 1, 'admin', NULL, '/system/menu', '127.0.0.1', '内网IP', '{\"children\":[],\"component\":\"student_management/course/index\",\"createTime\":\"2023-08-31 09:16:07\",\"icon\":\"#\",\"isCache\":\"0\",\"isFrame\":\"1\",\"menuId\":2070,\"menuName\":\"课程查询\",\"menuType\":\"C\",\"orderNum\":1,\"params\":{},\"parentId\":2064,\"path\":\"course\",\"perms\":\"student_management:course:list\",\"status\":\"0\",\"updateBy\":\"admin\",\"visible\":\"0\"}', '{\"msg\":\"操作成功\",\"code\":200}', 0, NULL, '2023-08-31 18:41:23', 8);
INSERT INTO `sys_oper_log` VALUES (751, '代码生成', 8, 'com.ruoyi.generator.controller.GenController.batchGenCode()', 'GET', 1, 'admin', NULL, '/tool/gen/batchGenCode', '127.0.0.1', '内网IP', '{\"tables\":\"teacher\"}', NULL, 0, NULL, '2023-08-31 18:58:46', 108);
INSERT INTO `sys_oper_log` VALUES (752, '菜单管理', 2, 'com.ruoyi.web.controller.system.SysMenuController.edit()', 'PUT', 1, 'admin', NULL, '/system/menu', '127.0.0.1', '内网IP', '{\"children\":[],\"component\":\"teacher_management_small/teacher_management/index\",\"createTime\":\"2023-08-31 09:13:57\",\"icon\":\"#\",\"isCache\":\"0\",\"isFrame\":\"1\",\"menuId\":2067,\"menuName\":\"教师管理\",\"menuType\":\"C\",\"orderNum\":3,\"params\":{},\"parentId\":2064,\"path\":\"teacher_management\",\"perms\":\"\",\"status\":\"0\",\"updateBy\":\"admin\",\"visible\":\"0\"}', '{\"msg\":\"操作成功\",\"code\":200}', 0, NULL, '2023-08-31 19:07:55', 8);
INSERT INTO `sys_oper_log` VALUES (753, '菜单管理', 2, 'com.ruoyi.web.controller.system.SysMenuController.edit()', 'PUT', 1, '学校管理员', NULL, '/system/menu', '127.0.0.1', '内网IP', '{\"children\":[],\"component\":\"student_management/course/index\",\"createTime\":\"2023-08-31 09:16:07\",\"icon\":\"#\",\"isCache\":\"0\",\"isFrame\":\"1\",\"menuId\":2070,\"menuName\":\"课程查询\",\"menuType\":\"C\",\"orderNum\":1,\"params\":{},\"parentId\":2064,\"path\":\"course\",\"perms\":\"student_management:course:list\",\"status\":\"1\",\"updateBy\":\"学校管理员\",\"visible\":\"1\"}', '{\"msg\":\"操作成功\",\"code\":200}', 0, NULL, '2023-08-31 19:12:53', 9);
INSERT INTO `sys_oper_log` VALUES (754, '菜单管理', 2, 'com.ruoyi.web.controller.system.SysMenuController.edit()', 'PUT', 1, '学校管理员', NULL, '/system/menu', '127.0.0.1', '内网IP', '{\"children\":[],\"createTime\":\"2023-08-31 09:15:45\",\"icon\":\"#\",\"isCache\":\"0\",\"isFrame\":\"1\",\"menuId\":2069,\"menuName\":\"成绩查询\",\"menuType\":\"C\",\"orderNum\":5,\"params\":{},\"parentId\":2064,\"path\":\"#\",\"perms\":\"\",\"status\":\"1\",\"updateBy\":\"学校管理员\",\"visible\":\"1\"}', '{\"msg\":\"操作成功\",\"code\":200}', 0, NULL, '2023-08-31 19:13:09', 8);
INSERT INTO `sys_oper_log` VALUES (755, '菜单管理', 2, 'com.ruoyi.web.controller.system.SysMenuController.edit()', 'PUT', 1, '学校管理员', NULL, '/system/menu', '127.0.0.1', '内网IP', '{\"children\":[],\"createTime\":\"2023-08-31 09:16:35\",\"icon\":\"#\",\"isCache\":\"0\",\"isFrame\":\"1\",\"menuId\":2071,\"menuName\":\"查看授课\",\"menuType\":\"C\",\"orderNum\":7,\"params\":{},\"parentId\":2064,\"path\":\"#\",\"perms\":\"\",\"status\":\"1\",\"updateBy\":\"学校管理员\",\"visible\":\"1\"}', '{\"msg\":\"操作成功\",\"code\":200}', 0, NULL, '2023-08-31 19:13:14', 7);
INSERT INTO `sys_oper_log` VALUES (756, '菜单管理', 2, 'com.ruoyi.web.controller.system.SysMenuController.edit()', 'PUT', 1, '学校管理员', NULL, '/system/menu', '127.0.0.1', '内网IP', '{\"children\":[],\"createTime\":\"2023-08-31 09:17:03\",\"icon\":\"#\",\"isCache\":\"0\",\"isFrame\":\"1\",\"menuId\":2072,\"menuName\":\"学生成绩\",\"menuType\":\"C\",\"orderNum\":8,\"params\":{},\"parentId\":2064,\"path\":\"#\",\"perms\":\"\",\"status\":\"1\",\"updateBy\":\"学校管理员\",\"visible\":\"1\"}', '{\"msg\":\"操作成功\",\"code\":200}', 0, NULL, '2023-08-31 19:13:22', 7);
INSERT INTO `sys_oper_log` VALUES (757, '菜单管理', 2, 'com.ruoyi.web.controller.system.SysMenuController.edit()', 'PUT', 1, '学校管理员', NULL, '/system/menu', '127.0.0.1', '内网IP', '{\"children\":[],\"component\":\"teacher_management_small/teacher_management/index\",\"createTime\":\"2023-08-31 09:13:57\",\"icon\":\"#\",\"isCache\":\"0\",\"isFrame\":\"1\",\"menuId\":2067,\"menuName\":\"教师管理\",\"menuType\":\"C\",\"orderNum\":3,\"params\":{},\"parentId\":2064,\"path\":\"teacher_management\",\"perms\":\"\",\"status\":\"0\",\"updateBy\":\"学校管理员\",\"visible\":\"0\"}', '{\"msg\":\"操作成功\",\"code\":200}', 0, NULL, '2023-08-31 19:20:14', 7);
INSERT INTO `sys_oper_log` VALUES (758, '菜单管理', 2, 'com.ruoyi.web.controller.system.SysMenuController.edit()', 'PUT', 1, '学校管理员', NULL, '/system/menu', '127.0.0.1', '内网IP', '{\"children\":[],\"createTime\":\"2023-08-31 09:09:46\",\"icon\":\"education\",\"isCache\":\"0\",\"isFrame\":\"1\",\"menuId\":2064,\"menuName\":\"成绩管理系统\",\"menuType\":\"M\",\"orderNum\":3,\"params\":{},\"parentId\":0,\"path\":\"scoreManagement\",\"perms\":\"\",\"status\":\"0\",\"updateBy\":\"学校管理员\",\"visible\":\"0\"}', '{\"msg\":\"操作成功\",\"code\":200}', 0, NULL, '2023-08-31 19:24:03', 7);
INSERT INTO `sys_oper_log` VALUES (759, '菜单管理', 2, 'com.ruoyi.web.controller.system.SysMenuController.edit()', 'PUT', 1, '学校管理员', NULL, '/system/menu', '127.0.0.1', '内网IP', '{\"children\":[],\"component\":\"scoreManagement/course/index\",\"createTime\":\"2023-08-31 09:16:07\",\"icon\":\"#\",\"isCache\":\"0\",\"isFrame\":\"1\",\"menuId\":2070,\"menuName\":\"课程查询\",\"menuType\":\"C\",\"orderNum\":1,\"params\":{},\"parentId\":2064,\"path\":\"course\",\"perms\":\"student_management:course:list\",\"status\":\"1\",\"updateBy\":\"学校管理员\",\"visible\":\"1\"}', '{\"msg\":\"操作成功\",\"code\":200}', 0, NULL, '2023-08-31 19:24:28', 8);
INSERT INTO `sys_oper_log` VALUES (760, '菜单管理', 2, 'com.ruoyi.web.controller.system.SysMenuController.edit()', 'PUT', 1, '学校管理员', NULL, '/system/menu', '127.0.0.1', '内网IP', '{\"children\":[],\"component\":\"scoreManagement/teacher_management/index\",\"createTime\":\"2023-08-31 09:13:57\",\"icon\":\"#\",\"isCache\":\"0\",\"isFrame\":\"1\",\"menuId\":2067,\"menuName\":\"教师管理\",\"menuType\":\"C\",\"orderNum\":3,\"params\":{},\"parentId\":2064,\"path\":\"teacher_management\",\"perms\":\"\",\"status\":\"0\",\"updateBy\":\"学校管理员\",\"visible\":\"0\"}', '{\"msg\":\"操作成功\",\"code\":200}', 0, NULL, '2023-08-31 19:24:40', 7);
INSERT INTO `sys_oper_log` VALUES (761, '菜单管理', 2, 'com.ruoyi.web.controller.system.SysMenuController.edit()', 'PUT', 1, '学校管理员', NULL, '/system/menu', '127.0.0.1', '内网IP', '{\"children\":[],\"createTime\":\"2023-08-31 09:09:46\",\"icon\":\"education\",\"isCache\":\"0\",\"isFrame\":\"1\",\"menuId\":2064,\"menuName\":\"成绩管理系统\",\"menuType\":\"M\",\"orderNum\":3,\"params\":{},\"parentId\":0,\"path\":\"scoreManagement\",\"perms\":\"\",\"status\":\"0\",\"updateBy\":\"学校管理员\",\"visible\":\"0\"}', '{\"msg\":\"操作成功\",\"code\":200}', 0, NULL, '2023-08-31 19:30:56', 10);
INSERT INTO `sys_oper_log` VALUES (762, '菜单管理', 2, 'com.ruoyi.web.controller.system.SysMenuController.edit()', 'PUT', 1, '学校管理员', NULL, '/system/menu', '127.0.0.1', '内网IP', '{\"children\":[],\"createTime\":\"2023-08-31 09:09:46\",\"icon\":\"education\",\"isCache\":\"0\",\"isFrame\":\"1\",\"menuId\":2064,\"menuName\":\"成绩管理系统\",\"menuType\":\"M\",\"orderNum\":3,\"params\":{},\"parentId\":0,\"path\":\"scoreManagement\",\"perms\":\"\",\"status\":\"0\",\"updateBy\":\"学校管理员\",\"visible\":\"0\"}', '{\"msg\":\"操作成功\",\"code\":200}', 0, NULL, '2023-08-31 19:31:11', 7);
INSERT INTO `sys_oper_log` VALUES (763, '菜单管理', 2, 'com.ruoyi.web.controller.system.SysMenuController.edit()', 'PUT', 1, '学校管理员', NULL, '/system/menu', '127.0.0.1', '内网IP', '{\"children\":[],\"component\":\"scoreManagement/course/index\",\"createTime\":\"2023-08-31 09:16:07\",\"icon\":\"#\",\"isCache\":\"0\",\"isFrame\":\"1\",\"menuId\":2070,\"menuName\":\"课程查询\",\"menuType\":\"C\",\"orderNum\":1,\"params\":{},\"parentId\":2064,\"path\":\"course\",\"perms\":\"scoreManagement:course:list\",\"status\":\"1\",\"updateBy\":\"学校管理员\",\"visible\":\"1\"}', '{\"msg\":\"操作成功\",\"code\":200}', 0, NULL, '2023-08-31 19:31:27', 8);
INSERT INTO `sys_oper_log` VALUES (764, '菜单管理', 2, 'com.ruoyi.web.controller.system.SysMenuController.edit()', 'PUT', 1, '学校管理员', NULL, '/system/menu', '127.0.0.1', '内网IP', '{\"children\":[],\"component\":\"scoreManagement/teacher_management/index\",\"createTime\":\"2023-08-31 09:13:57\",\"icon\":\"#\",\"isCache\":\"0\",\"isFrame\":\"1\",\"menuId\":2067,\"menuName\":\"教师管理\",\"menuType\":\"C\",\"orderNum\":3,\"params\":{},\"parentId\":2064,\"path\":\"teacher_management\",\"perms\":\"\",\"status\":\"0\",\"updateBy\":\"学校管理员\",\"visible\":\"0\"}', '{\"msg\":\"操作成功\",\"code\":200}', 0, NULL, '2023-08-31 19:31:41', 7);
INSERT INTO `sys_oper_log` VALUES (765, '菜单管理', 2, 'com.ruoyi.web.controller.system.SysMenuController.edit()', 'PUT', 1, '学校管理员', NULL, '/system/menu', '127.0.0.1', '内网IP', '{\"children\":[],\"createTime\":\"2023-08-31 09:09:46\",\"icon\":\"education\",\"isCache\":\"0\",\"isFrame\":\"1\",\"menuId\":2064,\"menuName\":\"成绩管理系统\",\"menuType\":\"M\",\"orderNum\":3,\"params\":{},\"parentId\":0,\"path\":\"scoreManagement\",\"perms\":\"\",\"status\":\"0\",\"updateBy\":\"学校管理员\",\"visible\":\"0\"}', '{\"msg\":\"操作成功\",\"code\":200}', 0, NULL, '2023-08-31 19:43:58', 8);
INSERT INTO `sys_oper_log` VALUES (766, '菜单管理', 2, 'com.ruoyi.web.controller.system.SysMenuController.edit()', 'PUT', 1, '学校管理员', NULL, '/system/menu', '127.0.0.1', '内网IP', '{\"children\":[],\"component\":\"scoreManagement/teacher_management/index\",\"createTime\":\"2023-08-31 09:13:57\",\"icon\":\"#\",\"isCache\":\"0\",\"isFrame\":\"1\",\"menuId\":2067,\"menuName\":\"教师管理\",\"menuType\":\"C\",\"orderNum\":3,\"params\":{},\"parentId\":2064,\"path\":\"teacher_management\",\"perms\":\"\",\"status\":\"0\",\"updateBy\":\"学校管理员\",\"visible\":\"0\"}', '{\"msg\":\"操作成功\",\"code\":200}', 0, NULL, '2023-08-31 19:44:14', 8);
INSERT INTO `sys_oper_log` VALUES (767, '菜单管理', 2, 'com.ruoyi.web.controller.system.SysMenuController.edit()', 'PUT', 1, '学校管理员', NULL, '/system/menu', '127.0.0.1', '内网IP', '{\"children\":[],\"component\":\"scoreManagement/course/index\",\"createTime\":\"2023-08-31 09:16:07\",\"icon\":\"#\",\"isCache\":\"0\",\"isFrame\":\"1\",\"menuId\":2070,\"menuName\":\"课程查询\",\"menuType\":\"C\",\"orderNum\":1,\"params\":{},\"parentId\":2064,\"path\":\"course\",\"perms\":\"scoreManagement:course:list\",\"status\":\"1\",\"updateBy\":\"学校管理员\",\"visible\":\"1\"}', '{\"msg\":\"操作成功\",\"code\":200}', 0, NULL, '2023-08-31 19:44:17', 8);
INSERT INTO `sys_oper_log` VALUES (768, '菜单管理', 2, 'com.ruoyi.web.controller.system.SysMenuController.edit()', 'PUT', 1, '学院管理员', NULL, '/system/menu', '127.0.0.1', '内网IP', '{\"children\":[],\"component\":\"scoreManagement/teacher_management/index\",\"createTime\":\"2023-08-31 09:13:57\",\"icon\":\"#\",\"isCache\":\"0\",\"isFrame\":\"1\",\"menuId\":2067,\"menuName\":\"教师管理\",\"menuType\":\"C\",\"orderNum\":3,\"params\":{},\"parentId\":2064,\"path\":\"teacher_management\",\"perms\":\"scoreManagement:teacher_management:list\",\"status\":\"0\",\"updateBy\":\"学院管理员\",\"visible\":\"0\"}', '{\"msg\":\"操作成功\",\"code\":200}', 0, NULL, '2023-08-31 20:33:21', 18);
INSERT INTO `sys_oper_log` VALUES (769, '代码生成', 8, 'com.ruoyi.generator.controller.GenController.batchGenCode()', 'GET', 1, '学院管理员', NULL, '/tool/gen/batchGenCode', '127.0.0.1', '内网IP', '{\"tables\":\"student\"}', NULL, 0, NULL, '2023-08-31 21:09:19', 75);
INSERT INTO `sys_oper_log` VALUES (770, '菜单管理', 2, 'com.ruoyi.web.controller.system.SysMenuController.edit()', 'PUT', 1, '学院管理员', NULL, '/system/menu', '127.0.0.1', '内网IP', '{\"children\":[],\"component\":\"scoreManagement/student/index\",\"createTime\":\"2023-08-31 09:14:24\",\"icon\":\"#\",\"isCache\":\"0\",\"isFrame\":\"1\",\"menuId\":2068,\"menuName\":\"学生管理\",\"menuType\":\"C\",\"orderNum\":4,\"params\":{},\"parentId\":2064,\"path\":\"student\",\"perms\":\"\",\"status\":\"0\",\"updateBy\":\"学院管理员\",\"visible\":\"0\"}', '{\"msg\":\"操作成功\",\"code\":200}', 0, NULL, '2023-08-31 21:10:42', 19);
INSERT INTO `sys_oper_log` VALUES (771, '代码生成', 2, 'com.ruoyi.generator.controller.GenController.editSave()', 'PUT', 1, '学院管理员', NULL, '/tool/gen', '127.0.0.1', '内网IP', '{\"businessName\":\"student\",\"className\":\"Student\",\"columns\":[{\"capJavaField\":\"StudentId\",\"columnComment\":\"学生id\",\"columnId\":298,\"columnName\":\"student_id\",\"columnType\":\"int\",\"createBy\":\"admin\",\"createTime\":\"2023-08-31 14:06:09\",\"dictType\":\"\",\"edit\":false,\"htmlType\":\"input\",\"increment\":true,\"insert\":true,\"isIncrement\":\"1\",\"isInsert\":\"1\",\"isPk\":\"1\",\"javaField\":\"studentId\",\"javaType\":\"Long\",\"list\":false,\"params\":{},\"pk\":true,\"query\":false,\"queryType\":\"EQ\",\"required\":false,\"sort\":1,\"superColumn\":false,\"tableId\":28,\"updateBy\":\"\",\"updateTime\":\"2023-08-31 14:07:55\",\"usableColumn\":false},{\"capJavaField\":\"MeataclassId\",\"columnComment\":\"行政班级id\",\"columnId\":299,\"columnName\":\"meataclass_id\",\"columnType\":\"int\",\"createBy\":\"admin\",\"createTime\":\"2023-08-31 14:06:09\",\"dictType\":\"\",\"edit\":true,\"htmlType\":\"input\",\"increment\":false,\"insert\":true,\"isEdit\":\"1\",\"isIncrement\":\"0\",\"isInsert\":\"1\",\"isList\":\"1\",\"isPk\":\"0\",\"isQuery\":\"1\",\"javaField\":\"meataclassId\",\"javaType\":\"Long\",\"list\":true,\"params\":{},\"pk\":false,\"query\":true,\"queryType\":\"EQ\",\"required\":false,\"sort\":2,\"superColumn\":false,\"tableId\":28,\"updateBy\":\"\",\"updateTime\":\"2023-08-31 14:07:55\",\"usableColumn\":false},{\"capJavaField\":\"Status\",\"columnComment\":\"状态\",\"columnId\":300,\"columnName\":\"status\",\"columnType\":\"char(1)\",\"createBy\":\"admin\",\"createTime\":\"2023-08-31 14:06:09\",\"dictType\":\"\",\"edit\":true,\"htmlType\":\"radio\",\"increment\":false,\"insert\":true,\"isEdit\":\"1\",\"isIncrement\":\"0\",\"isInsert\":\"1\",\"isList\":\"1\",\"isPk\":\"0\",\"isQuery\":\"1\",\"javaField\":\"status\",\"javaType\":\"String\",\"list\":true,\"params\":{},\"pk\":false,\"query\":true,\"queryType\":\"EQ\",\"required\":false,\"sort\":3,\"superColumn\":false,\"tableId\":28,\"updateBy\":\"\",\"updateTime\":\"2023-08-31 14:07:55\",\"usableColumn\":false},{\"capJavaField\":\"DelFlag\",\"columnComment\":\"是否删除\",\"columnId\":301,\"columnName\":\"del_flag\",\"columnType\":\"char(1)\",\"createBy\":\"admin\",\"createTime\":\"2023-08-31 14:06:09\",\"dictType\":\"\",\"edit\":false,\"htmlType\":\"input\",\"increment\":false,\"insert\":true,\"isIncrement\":\"0\",\"isInsert\":\"1\",\"isPk\":\"0\"', '{\"msg\":\"操作成功\",\"code\":200}', 0, NULL, '2023-08-31 21:12:29', 53);
INSERT INTO `sys_oper_log` VALUES (772, '代码生成', 8, 'com.ruoyi.generator.controller.GenController.batchGenCode()', 'GET', 1, '学院管理员', NULL, '/tool/gen/batchGenCode', '127.0.0.1', '内网IP', '{\"tables\":\"student\"}', NULL, 0, NULL, '2023-08-31 21:12:33', 74);
INSERT INTO `sys_oper_log` VALUES (773, '代码生成', 2, 'com.ruoyi.generator.controller.GenController.editSave()', 'PUT', 1, '学院管理员', NULL, '/tool/gen', '127.0.0.1', '内网IP', '{\"businessName\":\"course_management\",\"className\":\"Course\",\"columns\":[{\"capJavaField\":\"CourseId\",\"columnComment\":\"课程id\",\"columnId\":322,\"columnName\":\"course_id\",\"columnType\":\"int\",\"createBy\":\"admin\",\"createTime\":\"2023-08-31 14:09:54\",\"dictType\":\"\",\"edit\":false,\"htmlType\":\"input\",\"increment\":true,\"insert\":true,\"isIncrement\":\"1\",\"isInsert\":\"1\",\"isPk\":\"1\",\"javaField\":\"courseId\",\"javaType\":\"Long\",\"list\":false,\"params\":{},\"pk\":true,\"query\":false,\"queryType\":\"EQ\",\"required\":false,\"sort\":1,\"superColumn\":false,\"tableId\":30,\"updateBy\":\"\",\"updateTime\":\"2023-08-31 14:10:17\",\"usableColumn\":false},{\"capJavaField\":\"DeptId\",\"columnComment\":\"部门id\",\"columnId\":323,\"columnName\":\"dept_id\",\"columnType\":\"bigint\",\"createBy\":\"admin\",\"createTime\":\"2023-08-31 14:09:54\",\"dictType\":\"\",\"edit\":true,\"htmlType\":\"input\",\"increment\":false,\"insert\":true,\"isEdit\":\"1\",\"isIncrement\":\"0\",\"isInsert\":\"1\",\"isList\":\"1\",\"isPk\":\"0\",\"isQuery\":\"1\",\"javaField\":\"deptId\",\"javaType\":\"Long\",\"list\":true,\"params\":{},\"pk\":false,\"query\":true,\"queryType\":\"EQ\",\"required\":false,\"sort\":2,\"superColumn\":false,\"tableId\":30,\"updateBy\":\"\",\"updateTime\":\"2023-08-31 14:10:17\",\"usableColumn\":false},{\"capJavaField\":\"Status\",\"columnComment\":\"状态\",\"columnId\":324,\"columnName\":\"status\",\"columnType\":\"char(1)\",\"createBy\":\"admin\",\"createTime\":\"2023-08-31 14:09:54\",\"dictType\":\"\",\"edit\":true,\"htmlType\":\"radio\",\"increment\":false,\"insert\":true,\"isEdit\":\"1\",\"isIncrement\":\"0\",\"isInsert\":\"1\",\"isList\":\"1\",\"isPk\":\"0\",\"isQuery\":\"1\",\"javaField\":\"status\",\"javaType\":\"String\",\"list\":true,\"params\":{},\"pk\":false,\"query\":true,\"queryType\":\"EQ\",\"required\":false,\"sort\":3,\"superColumn\":false,\"tableId\":30,\"updateBy\":\"\",\"updateTime\":\"2023-08-31 14:10:17\",\"usableColumn\":false},{\"capJavaField\":\"DelFlag\",\"columnComment\":\"是否删除 （2）删除  （0）存在正常\",\"columnId\":325,\"columnName\":\"del_flag\",\"columnType\":\"char(1)\",\"createBy\":\"admin\",\"createTime\":\"2023-08-31 14:09:54\",\"dictType\":\"\",\"edit\":false,\"htmlType\":\"input\",\"increment\":false,\"insert\":true,\"isIncrement\":\"0\",\"isInsert\":\"1\",\"isPk\"', '{\"msg\":\"操作成功\",\"code\":200}', 0, NULL, '2023-08-31 21:23:20', 33);
INSERT INTO `sys_oper_log` VALUES (774, '代码生成', 8, 'com.ruoyi.generator.controller.GenController.batchGenCode()', 'GET', 1, '学院管理员', NULL, '/tool/gen/batchGenCode', '127.0.0.1', '内网IP', '{\"tables\":\"course\"}', NULL, 0, NULL, '2023-08-31 21:23:23', 71);
INSERT INTO `sys_oper_log` VALUES (775, '菜单管理', 2, 'com.ruoyi.web.controller.system.SysMenuController.edit()', 'PUT', 1, '学院管理员', NULL, '/system/menu', '127.0.0.1', '内网IP', '{\"children\":[],\"component\":\"scoreManagement/course_management\",\"createTime\":\"2023-08-31 09:11:38\",\"icon\":\"#\",\"isCache\":\"0\",\"isFrame\":\"1\",\"menuId\":2065,\"menuName\":\"课程管理\",\"menuType\":\"C\",\"orderNum\":1,\"params\":{},\"parentId\":2064,\"path\":\"course_management\",\"perms\":\"scoreManagement:course_management:list\",\"status\":\"0\",\"updateBy\":\"学院管理员\",\"visible\":\"0\"}', '{\"msg\":\"操作成功\",\"code\":200}', 0, NULL, '2023-08-31 21:27:00', 9);
INSERT INTO `sys_oper_log` VALUES (776, '代码生成', 2, 'com.ruoyi.generator.controller.GenController.editSave()', 'PUT', 1, '学院管理员', NULL, '/tool/gen', '127.0.0.1', '内网IP', '{\"businessName\":\"metaclass\",\"className\":\"Metaclass\",\"columns\":[{\"capJavaField\":\"MeataclassId\",\"columnComment\":\"行政班级id\",\"columnId\":311,\"columnName\":\"meataclass_id\",\"columnType\":\"int\",\"createBy\":\"admin\",\"createTime\":\"2023-08-31 14:08:08\",\"dictType\":\"\",\"edit\":false,\"htmlType\":\"input\",\"increment\":true,\"insert\":true,\"isIncrement\":\"1\",\"isInsert\":\"1\",\"isPk\":\"1\",\"javaField\":\"meataclassId\",\"javaType\":\"Long\",\"list\":false,\"params\":{},\"pk\":true,\"query\":false,\"queryType\":\"EQ\",\"required\":false,\"sort\":1,\"superColumn\":false,\"tableId\":29,\"updateBy\":\"\",\"updateTime\":\"2023-08-31 14:09:35\",\"usableColumn\":false},{\"capJavaField\":\"MetaclassNo\",\"columnComment\":\"行政班级编号\",\"columnId\":312,\"columnName\":\"metaclass_no\",\"columnType\":\"varchar(50)\",\"createBy\":\"admin\",\"createTime\":\"2023-08-31 14:08:08\",\"dictType\":\"\",\"edit\":true,\"htmlType\":\"input\",\"increment\":false,\"insert\":true,\"isEdit\":\"1\",\"isIncrement\":\"0\",\"isInsert\":\"1\",\"isList\":\"1\",\"isPk\":\"0\",\"isQuery\":\"1\",\"javaField\":\"metaclassNo\",\"javaType\":\"String\",\"list\":true,\"params\":{},\"pk\":false,\"query\":true,\"queryType\":\"EQ\",\"required\":false,\"sort\":2,\"superColumn\":false,\"tableId\":29,\"updateBy\":\"\",\"updateTime\":\"2023-08-31 14:09:35\",\"usableColumn\":false},{\"capJavaField\":\"MetaclassName\",\"columnComment\":\"行政班级名称\",\"columnId\":313,\"columnName\":\"metaclass_name\",\"columnType\":\"varchar(50)\",\"createBy\":\"admin\",\"createTime\":\"2023-08-31 14:08:08\",\"dictType\":\"\",\"edit\":true,\"htmlType\":\"input\",\"increment\":false,\"insert\":true,\"isEdit\":\"1\",\"isIncrement\":\"0\",\"isInsert\":\"1\",\"isList\":\"1\",\"isPk\":\"0\",\"isQuery\":\"1\",\"javaField\":\"metaclassName\",\"javaType\":\"String\",\"list\":true,\"params\":{},\"pk\":false,\"query\":true,\"queryType\":\"LIKE\",\"required\":false,\"sort\":3,\"superColumn\":false,\"tableId\":29,\"updateBy\":\"\",\"updateTime\":\"2023-08-31 14:09:35\",\"usableColumn\":false},{\"capJavaField\":\"Grade\",\"columnComment\":\"年级\",\"columnId\":314,\"columnName\":\"grade\",\"columnType\":\"varchar(50)\",\"createBy\":\"admin\",\"createTime\":\"2023-08-31 14:08:08\",\"dictType\":\"\",\"edit\":true,\"htmlType\":\"input\",\"increment\":false,\"insert', '{\"msg\":\"操作成功\",\"code\":200}', 0, NULL, '2023-08-31 21:48:34', 24);
INSERT INTO `sys_oper_log` VALUES (777, '代码生成', 8, 'com.ruoyi.generator.controller.GenController.batchGenCode()', 'GET', 1, '学院管理员', NULL, '/tool/gen/batchGenCode', '127.0.0.1', '内网IP', '{\"tables\":\"metaclass\"}', NULL, 0, NULL, '2023-08-31 21:48:41', 70);
INSERT INTO `sys_oper_log` VALUES (778, '菜单管理', 2, 'com.ruoyi.web.controller.system.SysMenuController.edit()', 'PUT', 1, '学院管理员', NULL, '/system/menu', '127.0.0.1', '内网IP', '{\"children\":[],\"component\":\"scoreManagement/metaclass/index\",\"createTime\":\"2023-08-31 09:13:23\",\"icon\":\"#\",\"isCache\":\"0\",\"isFrame\":\"1\",\"menuId\":2066,\"menuName\":\"班级管理\",\"menuType\":\"C\",\"orderNum\":2,\"params\":{},\"parentId\":2064,\"path\":\"metaclass\",\"perms\":\"scoreManagement:metaclass:list\",\"status\":\"0\",\"updateBy\":\"学院管理员\",\"visible\":\"0\"}', '{\"msg\":\"操作成功\",\"code\":200}', 0, NULL, '2023-08-31 23:10:13', 11);
INSERT INTO `sys_oper_log` VALUES (779, '菜单管理', 2, 'com.ruoyi.web.controller.system.SysMenuController.edit()', 'PUT', 1, 'admin', NULL, '/system/menu', '127.0.0.1', '内网IP', '{\"children\":[],\"component\":\"scoreManagement/course/index\",\"createTime\":\"2023-08-31 09:16:07\",\"icon\":\"#\",\"isCache\":\"0\",\"isFrame\":\"1\",\"menuId\":2070,\"menuName\":\"课程查询\",\"menuType\":\"C\",\"orderNum\":1,\"params\":{},\"parentId\":2064,\"path\":\"course\",\"perms\":\"scoreManagement:course:list\",\"status\":\"0\",\"updateBy\":\"admin\",\"visible\":\"0\"}', '{\"msg\":\"操作成功\",\"code\":200}', 0, NULL, '2023-08-31 23:23:48', 8);
INSERT INTO `sys_oper_log` VALUES (780, '菜单管理', 2, 'com.ruoyi.web.controller.system.SysMenuController.edit()', 'PUT', 1, 'admin', NULL, '/system/menu', '127.0.0.1', '内网IP', '{\"children\":[],\"createTime\":\"2023-08-31 09:15:45\",\"icon\":\"#\",\"isCache\":\"0\",\"isFrame\":\"1\",\"menuId\":2069,\"menuName\":\"成绩查询\",\"menuType\":\"C\",\"orderNum\":5,\"params\":{},\"parentId\":2064,\"path\":\"#\",\"perms\":\"\",\"status\":\"0\",\"updateBy\":\"admin\",\"visible\":\"0\"}', '{\"msg\":\"操作成功\",\"code\":200}', 0, NULL, '2023-08-31 23:23:55', 8);
INSERT INTO `sys_oper_log` VALUES (781, '菜单管理', 2, 'com.ruoyi.web.controller.system.SysMenuController.edit()', 'PUT', 1, 'admin', NULL, '/system/menu', '127.0.0.1', '内网IP', '{\"children\":[],\"createTime\":\"2023-08-31 09:16:35\",\"icon\":\"#\",\"isCache\":\"0\",\"isFrame\":\"1\",\"menuId\":2071,\"menuName\":\"查看授课\",\"menuType\":\"C\",\"orderNum\":7,\"params\":{},\"parentId\":2064,\"path\":\"#\",\"perms\":\"\",\"status\":\"0\",\"updateBy\":\"admin\",\"visible\":\"0\"}', '{\"msg\":\"操作成功\",\"code\":200}', 0, NULL, '2023-08-31 23:24:00', 8);
INSERT INTO `sys_oper_log` VALUES (782, '菜单管理', 2, 'com.ruoyi.web.controller.system.SysMenuController.edit()', 'PUT', 1, 'admin', NULL, '/system/menu', '127.0.0.1', '内网IP', '{\"children\":[],\"createTime\":\"2023-08-31 09:17:03\",\"icon\":\"#\",\"isCache\":\"0\",\"isFrame\":\"1\",\"menuId\":2072,\"menuName\":\"学生成绩\",\"menuType\":\"C\",\"orderNum\":8,\"params\":{},\"parentId\":2064,\"path\":\"#\",\"perms\":\"\",\"status\":\"0\",\"updateBy\":\"admin\",\"visible\":\"0\"}', '{\"msg\":\"操作成功\",\"code\":200}', 0, NULL, '2023-08-31 23:24:04', 8);
INSERT INTO `sys_oper_log` VALUES (783, '代码生成', 6, 'com.ruoyi.generator.controller.GenController.importTableSave()', 'POST', 1, 'admin', NULL, '/tool/gen/importTable', '127.0.0.1', '内网IP', '{\"tables\":\"teacher_course\"}', '{\"msg\":\"操作成功\",\"code\":200}', 0, NULL, '2023-08-31 23:26:59', 36);
INSERT INTO `sys_oper_log` VALUES (784, '代码生成', 6, 'com.ruoyi.generator.controller.GenController.importTableSave()', 'POST', 1, 'admin', NULL, '/tool/gen/importTable', '127.0.0.1', '内网IP', '{\"tables\":\"courseclass,courseclass_metaclass\"}', '{\"msg\":\"操作成功\",\"code\":200}', 0, NULL, '2023-08-31 23:27:49', 43);
INSERT INTO `sys_oper_log` VALUES (785, '代码生成', 3, 'com.ruoyi.generator.controller.GenController.remove()', 'DELETE', 1, 'admin', NULL, '/tool/gen/37', '127.0.0.1', '内网IP', '{}', '{\"msg\":\"操作成功\",\"code\":200}', 0, NULL, '2023-08-31 23:28:21', 22);
INSERT INTO `sys_oper_log` VALUES (786, '代码生成', 2, 'com.ruoyi.generator.controller.GenController.editSave()', 'PUT', 1, 'admin', NULL, '/tool/gen', '127.0.0.1', '内网IP', '{\"businessName\":\"teacherCrouse\",\"className\":\"TeacherCourse\",\"columns\":[{\"capJavaField\":\"TeacherId\",\"columnComment\":\"老师表的id\",\"columnId\":350,\"columnName\":\"teacher_id\",\"columnType\":\"int\",\"createBy\":\"admin\",\"createTime\":\"2023-08-31 23:26:59\",\"dictType\":\"\",\"edit\":true,\"htmlType\":\"input\",\"increment\":false,\"insert\":true,\"isEdit\":\"1\",\"isIncrement\":\"0\",\"isInsert\":\"1\",\"isList\":\"1\",\"isPk\":\"0\",\"isQuery\":\"1\",\"isRequired\":\"1\",\"javaField\":\"teacherId\",\"javaType\":\"Long\",\"list\":true,\"params\":{},\"pk\":false,\"query\":true,\"queryType\":\"EQ\",\"required\":true,\"sort\":1,\"superColumn\":false,\"tableId\":35,\"updateBy\":\"\",\"usableColumn\":false},{\"capJavaField\":\"CourseId\",\"columnComment\":\"课程id\",\"columnId\":351,\"columnName\":\"course_id\",\"columnType\":\"int\",\"createBy\":\"admin\",\"createTime\":\"2023-08-31 23:26:59\",\"dictType\":\"\",\"edit\":true,\"htmlType\":\"input\",\"increment\":false,\"insert\":true,\"isEdit\":\"1\",\"isIncrement\":\"0\",\"isInsert\":\"1\",\"isList\":\"1\",\"isPk\":\"0\",\"isQuery\":\"1\",\"isRequired\":\"1\",\"javaField\":\"courseId\",\"javaType\":\"Long\",\"list\":true,\"params\":{},\"pk\":false,\"query\":true,\"queryType\":\"EQ\",\"required\":true,\"sort\":2,\"superColumn\":false,\"tableId\":35,\"updateBy\":\"\",\"usableColumn\":false},{\"capJavaField\":\"TeacherNo\",\"columnComment\":\"教师工号\",\"columnId\":352,\"columnName\":\"teacher_no\",\"columnType\":\"varchar(255)\",\"createBy\":\"admin\",\"createTime\":\"2023-08-31 23:26:59\",\"dictType\":\"\",\"edit\":true,\"htmlType\":\"input\",\"increment\":false,\"insert\":true,\"isEdit\":\"1\",\"isIncrement\":\"0\",\"isInsert\":\"1\",\"isList\":\"1\",\"isPk\":\"0\",\"isQuery\":\"1\",\"javaField\":\"teacherNo\",\"javaType\":\"String\",\"list\":true,\"params\":{},\"pk\":false,\"query\":true,\"queryType\":\"EQ\",\"required\":false,\"sort\":3,\"superColumn\":false,\"tableId\":35,\"updateBy\":\"\",\"usableColumn\":false},{\"capJavaField\":\"Term\",\"columnComment\":\"学期\",\"columnId\":353,\"columnName\":\"term\",\"columnType\":\"varchar(255)\",\"createBy\":\"admin\",\"createTime\":\"2023-08-31 23:26:59\",\"dictType\":\"\",\"edit\":true,\"htmlType\":\"input\",\"increment\":false,\"insert\":true,\"isEdit\":\"1\",\"isIncrement\":\"0\",\"isInsert\":\"1\",\"isList\":\"1\",\"isPk\"', '{\"msg\":\"操作成功\",\"code\":200}', 0, NULL, '2023-08-31 23:30:58', 17);
INSERT INTO `sys_oper_log` VALUES (787, '代码生成', 8, 'com.ruoyi.generator.controller.GenController.batchGenCode()', 'GET', 1, 'admin', NULL, '/tool/gen/batchGenCode', '127.0.0.1', '内网IP', '{\"tables\":\"teacher_course\"}', NULL, 0, NULL, '2023-08-31 23:31:02', 63);
INSERT INTO `sys_oper_log` VALUES (788, '菜单管理', 2, 'com.ruoyi.web.controller.system.SysMenuController.edit()', 'PUT', 1, 'admin', NULL, '/system/menu', '127.0.0.1', '内网IP', '{\"children\":[],\"component\":\"scoreManagement/teacherCourse/index\",\"createTime\":\"2023-08-31 09:16:35\",\"icon\":\"#\",\"isCache\":\"0\",\"isFrame\":\"1\",\"menuId\":2071,\"menuName\":\"查看授课\",\"menuType\":\"C\",\"orderNum\":7,\"params\":{},\"parentId\":2064,\"path\":\"teacherCourse\",\"perms\":\"scoreManagement:teacher:list\",\"status\":\"0\",\"updateBy\":\"admin\",\"visible\":\"0\"}', '{\"msg\":\"操作成功\",\"code\":200}', 0, NULL, '2023-08-31 23:32:52', 8);
INSERT INTO `sys_oper_log` VALUES (789, '菜单管理', 2, 'com.ruoyi.web.controller.system.SysMenuController.edit()', 'PUT', 1, 'admin', NULL, '/system/menu', '127.0.0.1', '内网IP', '{\"children\":[],\"component\":\"scoreManagement/teacherCourse/index\",\"createTime\":\"2023-08-31 09:16:35\",\"icon\":\"#\",\"isCache\":\"0\",\"isFrame\":\"1\",\"menuId\":2071,\"menuName\":\"查看授课\",\"menuType\":\"C\",\"orderNum\":7,\"params\":{},\"parentId\":2064,\"path\":\"teacherCourse\",\"perms\":\"scoreManagement:teacherCourse:list\",\"status\":\"0\",\"updateBy\":\"admin\",\"visible\":\"0\"}', '{\"msg\":\"操作成功\",\"code\":200}', 0, NULL, '2023-08-31 23:57:20', 9);
INSERT INTO `sys_oper_log` VALUES (790, '菜单管理', 2, 'com.ruoyi.web.controller.system.SysMenuController.edit()', 'PUT', 1, 'admin', NULL, '/system/menu', '127.0.0.1', '内网IP', '{\"children\":[],\"component\":\"scoreManagement/teacherCourse/index\",\"createTime\":\"2023-08-31 09:16:35\",\"icon\":\"#\",\"isCache\":\"0\",\"isFrame\":\"1\",\"menuId\":2071,\"menuName\":\"查看授课\",\"menuType\":\"C\",\"orderNum\":7,\"params\":{},\"parentId\":2064,\"path\":\"teacherCourse\",\"perms\":\"scoreManagement:teacherCourse:list\",\"status\":\"0\",\"updateBy\":\"admin\",\"visible\":\"0\"}', '{\"msg\":\"操作成功\",\"code\":200}', 0, NULL, '2023-09-01 00:17:07', 8);
INSERT INTO `sys_oper_log` VALUES (791, '代码生成', 2, 'com.ruoyi.generator.controller.GenController.editSave()', 'PUT', 1, 'admin', NULL, '/tool/gen', '127.0.0.1', '内网IP', '{\"businessName\":\"teacherCourse\",\"className\":\"TeacherCourse\",\"columns\":[{\"capJavaField\":\"TeacherId\",\"columnComment\":\"老师表的id\",\"columnId\":350,\"columnName\":\"teacher_id\",\"columnType\":\"int\",\"createBy\":\"admin\",\"createTime\":\"2023-08-31 23:26:59\",\"dictType\":\"\",\"edit\":true,\"htmlType\":\"input\",\"increment\":false,\"insert\":true,\"isEdit\":\"1\",\"isIncrement\":\"0\",\"isInsert\":\"1\",\"isList\":\"1\",\"isPk\":\"0\",\"isQuery\":\"1\",\"isRequired\":\"1\",\"javaField\":\"teacherId\",\"javaType\":\"Long\",\"list\":true,\"params\":{},\"pk\":false,\"query\":true,\"queryType\":\"EQ\",\"required\":true,\"sort\":1,\"superColumn\":false,\"tableId\":35,\"updateBy\":\"\",\"updateTime\":\"2023-08-31 23:30:58\",\"usableColumn\":false},{\"capJavaField\":\"CourseId\",\"columnComment\":\"课程id\",\"columnId\":351,\"columnName\":\"course_id\",\"columnType\":\"int\",\"createBy\":\"admin\",\"createTime\":\"2023-08-31 23:26:59\",\"dictType\":\"\",\"edit\":true,\"htmlType\":\"input\",\"increment\":false,\"insert\":true,\"isEdit\":\"1\",\"isIncrement\":\"0\",\"isInsert\":\"1\",\"isList\":\"1\",\"isPk\":\"0\",\"isQuery\":\"1\",\"isRequired\":\"1\",\"javaField\":\"courseId\",\"javaType\":\"Long\",\"list\":true,\"params\":{},\"pk\":false,\"query\":true,\"queryType\":\"EQ\",\"required\":true,\"sort\":2,\"superColumn\":false,\"tableId\":35,\"updateBy\":\"\",\"updateTime\":\"2023-08-31 23:30:58\",\"usableColumn\":false},{\"capJavaField\":\"TeacherNo\",\"columnComment\":\"教师工号\",\"columnId\":352,\"columnName\":\"teacher_no\",\"columnType\":\"varchar(255)\",\"createBy\":\"admin\",\"createTime\":\"2023-08-31 23:26:59\",\"dictType\":\"\",\"edit\":true,\"htmlType\":\"input\",\"increment\":false,\"insert\":true,\"isEdit\":\"1\",\"isIncrement\":\"0\",\"isInsert\":\"1\",\"isList\":\"1\",\"isPk\":\"0\",\"isQuery\":\"1\",\"javaField\":\"teacherNo\",\"javaType\":\"String\",\"list\":true,\"params\":{},\"pk\":false,\"query\":true,\"queryType\":\"EQ\",\"required\":false,\"sort\":3,\"superColumn\":false,\"tableId\":35,\"updateBy\":\"\",\"updateTime\":\"2023-08-31 23:30:58\",\"usableColumn\":false},{\"capJavaField\":\"Term\",\"columnComment\":\"学期\",\"columnId\":353,\"columnName\":\"term\",\"columnType\":\"varchar(255)\",\"createBy\":\"admin\",\"createTime\":\"2023-08-31 23:26:59\",\"dictType\":\"\",\"edit\":true,\"htmlType\":', '{\"msg\":\"操作成功\",\"code\":200}', 0, NULL, '2023-09-01 00:22:06', 16);
INSERT INTO `sys_oper_log` VALUES (792, '代码生成', 8, 'com.ruoyi.generator.controller.GenController.batchGenCode()', 'GET', 1, 'admin', NULL, '/tool/gen/batchGenCode', '127.0.0.1', '内网IP', '{\"tables\":\"teacher_course\"}', NULL, 0, NULL, '2023-09-01 00:22:11', 66);
INSERT INTO `sys_oper_log` VALUES (793, '代码生成', 3, 'com.ruoyi.generator.controller.GenController.remove()', 'DELETE', 1, 'admin', NULL, '/tool/gen/36', '127.0.0.1', '内网IP', '{}', '{\"msg\":\"操作成功\",\"code\":200}', 0, NULL, '2023-09-01 00:22:16', 9);
INSERT INTO `sys_oper_log` VALUES (794, '代码生成', 3, 'com.ruoyi.generator.controller.GenController.remove()', 'DELETE', 1, 'admin', NULL, '/tool/gen/34', '127.0.0.1', '内网IP', '{}', '{\"msg\":\"操作成功\",\"code\":200}', 0, NULL, '2023-09-01 00:22:31', 8);
INSERT INTO `sys_oper_log` VALUES (795, '代码生成', 6, 'com.ruoyi.generator.controller.GenController.importTableSave()', 'POST', 1, 'admin', NULL, '/tool/gen/importTable', '127.0.0.1', '内网IP', '{\"tables\":\"courseclass,courseclass_metaclass,courseclass_student\"}', '{\"msg\":\"操作成功\",\"code\":200}', 0, NULL, '2023-09-01 00:56:58', 45);
INSERT INTO `sys_oper_log` VALUES (796, '代码生成', 3, 'com.ruoyi.generator.controller.GenController.remove()', 'DELETE', 1, 'admin', NULL, '/tool/gen/39', '127.0.0.1', '内网IP', '{}', '{\"msg\":\"操作成功\",\"code\":200}', 0, NULL, '2023-09-01 00:57:49', 9);
INSERT INTO `sys_oper_log` VALUES (797, '代码生成', 2, 'com.ruoyi.generator.controller.GenController.editSave()', 'PUT', 1, 'admin', NULL, '/tool/gen', '127.0.0.1', '内网IP', '{\"businessName\":\"studentScore\",\"className\":\"CourseclassStudent\",\"columns\":[{\"capJavaField\":\"StudentId\",\"columnComment\":\"学生id\",\"columnId\":384,\"columnName\":\"student_id\",\"columnType\":\"int\",\"createBy\":\"admin\",\"createTime\":\"2023-09-01 00:56:58\",\"dictType\":\"\",\"edit\":false,\"htmlType\":\"input\",\"increment\":false,\"insert\":true,\"isIncrement\":\"0\",\"isInsert\":\"1\",\"isPk\":\"1\",\"javaField\":\"studentId\",\"javaType\":\"Long\",\"list\":false,\"params\":{},\"pk\":true,\"query\":false,\"queryType\":\"EQ\",\"required\":false,\"sort\":1,\"superColumn\":false,\"tableId\":40,\"updateBy\":\"\",\"usableColumn\":false},{\"capJavaField\":\"CourseclassId\",\"columnComment\":\"上课班级id\",\"columnId\":385,\"columnName\":\"courseclass_id\",\"columnType\":\"int\",\"createBy\":\"admin\",\"createTime\":\"2023-09-01 00:56:58\",\"dictType\":\"\",\"edit\":false,\"htmlType\":\"input\",\"increment\":false,\"insert\":true,\"isIncrement\":\"0\",\"isInsert\":\"1\",\"isPk\":\"1\",\"javaField\":\"courseclassId\",\"javaType\":\"Long\",\"list\":false,\"params\":{},\"pk\":true,\"query\":false,\"queryType\":\"EQ\",\"required\":false,\"sort\":2,\"superColumn\":false,\"tableId\":40,\"updateBy\":\"\",\"usableColumn\":false},{\"capJavaField\":\"PingshiScore\",\"columnComment\":\"平时成绩\",\"columnId\":386,\"columnName\":\"pingshi_score\",\"columnType\":\"int\",\"createBy\":\"admin\",\"createTime\":\"2023-09-01 00:56:58\",\"dictType\":\"\",\"edit\":true,\"htmlType\":\"input\",\"increment\":false,\"insert\":true,\"isEdit\":\"1\",\"isIncrement\":\"0\",\"isInsert\":\"1\",\"isList\":\"1\",\"isPk\":\"0\",\"isQuery\":\"1\",\"javaField\":\"pingshiScore\",\"javaType\":\"Long\",\"list\":true,\"params\":{},\"pk\":false,\"query\":true,\"queryType\":\"EQ\",\"required\":false,\"sort\":3,\"superColumn\":false,\"tableId\":40,\"updateBy\":\"\",\"usableColumn\":false},{\"capJavaField\":\"QimoScore\",\"columnComment\":\"期末成绩\",\"columnId\":387,\"columnName\":\"qimo_score\",\"columnType\":\"int\",\"createBy\":\"admin\",\"createTime\":\"2023-09-01 00:56:58\",\"dictType\":\"\",\"edit\":true,\"htmlType\":\"input\",\"increment\":false,\"insert\":true,\"isEdit\":\"1\",\"isIncrement\":\"0\",\"isInsert\":\"1\",\"isList\":\"1\",\"isPk\":\"0\",\"isQuery\":\"1\",\"javaField\":\"qimoScore\",\"javaType\":\"Long\",\"list\":true,\"params\":{},\"p', '{\"msg\":\"操作成功\",\"code\":200}', 0, NULL, '2023-09-01 11:01:02', 14);
INSERT INTO `sys_oper_log` VALUES (798, '代码生成', 8, 'com.ruoyi.generator.controller.GenController.batchGenCode()', 'GET', 1, 'admin', NULL, '/tool/gen/batchGenCode', '127.0.0.1', '内网IP', '{\"tables\":\"courseclass_student\"}', NULL, 0, NULL, '2023-09-01 11:01:07', 62);
INSERT INTO `sys_oper_log` VALUES (799, '菜单管理', 2, 'com.ruoyi.web.controller.system.SysMenuController.edit()', 'PUT', 1, 'admin', NULL, '/system/menu', '127.0.0.1', '内网IP', '{\"children\":[],\"component\":\"scoreManagement/studentScore\",\"createTime\":\"2023-08-31 09:17:03\",\"icon\":\"#\",\"isCache\":\"0\",\"isFrame\":\"1\",\"menuId\":2072,\"menuName\":\"学生成绩\",\"menuType\":\"C\",\"orderNum\":8,\"params\":{},\"parentId\":2064,\"path\":\"studentScore\",\"perms\":\"\",\"status\":\"0\",\"updateBy\":\"admin\",\"visible\":\"0\"}', '{\"msg\":\"操作成功\",\"code\":200}', 0, NULL, '2023-09-01 11:36:42', 10);
INSERT INTO `sys_oper_log` VALUES (800, '代码生成', 3, 'com.ruoyi.generator.controller.GenController.remove()', 'DELETE', 1, 'admin', NULL, '/tool/gen/32', '127.0.0.1', '内网IP', '{}', '{\"msg\":\"操作成功\",\"code\":200}', 0, NULL, '2023-09-01 17:16:22', 9);
INSERT INTO `sys_oper_log` VALUES (801, '菜单管理', 2, 'com.ruoyi.web.controller.system.SysMenuController.edit()', 'PUT', 1, 'admin', NULL, '/system/menu', '127.0.0.1', '内网IP', '{\"children\":[],\"component\":\"scoreManagement/course_management/index\",\"createTime\":\"2023-08-31 09:11:38\",\"icon\":\"#\",\"isCache\":\"0\",\"isFrame\":\"1\",\"menuId\":2065,\"menuName\":\"课程管理\",\"menuType\":\"C\",\"orderNum\":1,\"params\":{},\"parentId\":2064,\"path\":\"course_management\",\"perms\":\"scoreManagement:course_management:list\",\"status\":\"0\",\"updateBy\":\"admin\",\"visible\":\"0\"}', '{\"msg\":\"操作成功\",\"code\":200}', 0, NULL, '2023-09-01 17:18:11', 10);
INSERT INTO `sys_oper_log` VALUES (802, '用户管理', 2, 'com.ruoyi.web.controller.system.SysUserController.edit()', 'PUT', 1, 'admin', NULL, '/system/user', '127.0.0.1', '内网IP', '{\"admin\":false,\"avatar\":\"\",\"createBy\":\"admin\",\"createTime\":\"2023-07-08 08:19:39\",\"delFlag\":\"0\",\"dept\":{\"children\":[],\"deptId\":103,\"params\":{}},\"deptId\":101,\"email\":\"\",\"loginDate\":\"2023-09-02 17:43:53\",\"loginIp\":\"127.0.0.1\",\"nickName\":\"学生一\",\"params\":{},\"phonenumber\":\"\",\"postIds\":[],\"roleIds\":[103],\"roles\":[],\"sex\":\"0\",\"status\":\"0\",\"updateBy\":\"admin\",\"userId\":106,\"userName\":\"学生一\"}', '{\"msg\":\"操作成功\",\"code\":200}', 0, NULL, '2023-09-02 17:44:41', 29);
INSERT INTO `sys_oper_log` VALUES (803, '菜单管理', 2, 'com.ruoyi.web.controller.system.SysMenuController.edit()', 'PUT', 1, 'admin', NULL, '/system/menu', '127.0.0.1', '内网IP', '{\"children\":[],\"component\":\"scoreManagement/studentScore\",\"createTime\":\"2023-08-31 09:17:03\",\"icon\":\"#\",\"isCache\":\"0\",\"isFrame\":\"1\",\"menuId\":2072,\"menuName\":\"学生成绩\",\"menuType\":\"C\",\"orderNum\":8,\"params\":{},\"parentId\":2064,\"path\":\"studentScore\",\"perms\":\"\",\"status\":\"0\",\"updateBy\":\"admin\",\"visible\":\"0\"}', '{\"msg\":\"操作成功\",\"code\":200}', 0, NULL, '2023-09-02 23:03:29', 21);
INSERT INTO `sys_oper_log` VALUES (804, '菜单管理', 2, 'com.ruoyi.web.controller.system.SysMenuController.edit()', 'PUT', 1, 'admin', NULL, '/system/menu', '127.0.0.1', '内网IP', '{\"children\":[],\"component\":\"scoreManagement/course_management/index\",\"createTime\":\"2023-08-31 09:11:38\",\"icon\":\"#\",\"isCache\":\"0\",\"isFrame\":\"1\",\"menuId\":2065,\"menuName\":\"课程管理\",\"menuType\":\"C\",\"orderNum\":1,\"params\":{},\"parentId\":2064,\"path\":\"course_management\",\"perms\":\"scoreManagement:course_management:list\",\"status\":\"0\",\"updateBy\":\"admin\",\"visible\":\"0\"}', '{\"msg\":\"操作成功\",\"code\":200}', 0, NULL, '2023-09-02 23:14:28', 10);
INSERT INTO `sys_oper_log` VALUES (805, '代码生成', 2, 'com.ruoyi.generator.controller.GenController.editSave()', 'PUT', 1, 'admin', NULL, '/tool/gen', '127.0.0.1', '内网IP', '{\"businessName\":\"teacher\",\"className\":\"Teacher\",\"columns\":[{\"capJavaField\":\"TeacherId\",\"columnComment\":\"教师id\",\"columnId\":282,\"columnName\":\"teacher_id\",\"columnType\":\"int\",\"createBy\":\"admin\",\"createTime\":\"2023-08-31 14:03:10\",\"dictType\":\"\",\"edit\":false,\"htmlType\":\"input\",\"increment\":true,\"insert\":true,\"isIncrement\":\"1\",\"isInsert\":\"1\",\"isPk\":\"1\",\"javaField\":\"teacherId\",\"javaType\":\"Long\",\"list\":false,\"params\":{},\"pk\":true,\"query\":false,\"queryType\":\"EQ\",\"required\":false,\"sort\":1,\"superColumn\":false,\"tableId\":27,\"updateBy\":\"\",\"updateTime\":\"2023-08-31 14:05:49\",\"usableColumn\":false},{\"capJavaField\":\"DeptId\",\"columnComment\":\"学院id\",\"columnId\":283,\"columnName\":\"dept_id\",\"columnType\":\"bigint\",\"createBy\":\"admin\",\"createTime\":\"2023-08-31 14:03:10\",\"dictType\":\"\",\"edit\":true,\"htmlType\":\"input\",\"increment\":false,\"insert\":true,\"isEdit\":\"1\",\"isIncrement\":\"0\",\"isInsert\":\"1\",\"isList\":\"1\",\"isPk\":\"0\",\"isQuery\":\"1\",\"javaField\":\"deptId\",\"javaType\":\"Long\",\"list\":true,\"params\":{},\"pk\":false,\"query\":true,\"queryType\":\"EQ\",\"required\":false,\"sort\":2,\"superColumn\":false,\"tableId\":27,\"updateBy\":\"\",\"updateTime\":\"2023-08-31 14:05:49\",\"usableColumn\":false},{\"capJavaField\":\"Status\",\"columnComment\":\"状态\",\"columnId\":284,\"columnName\":\"status\",\"columnType\":\"char(1)\",\"createBy\":\"admin\",\"createTime\":\"2023-08-31 14:03:10\",\"dictType\":\"\",\"edit\":true,\"htmlType\":\"radio\",\"increment\":false,\"insert\":true,\"isEdit\":\"1\",\"isIncrement\":\"0\",\"isInsert\":\"1\",\"isList\":\"1\",\"isPk\":\"0\",\"isQuery\":\"1\",\"javaField\":\"status\",\"javaType\":\"String\",\"list\":true,\"params\":{},\"pk\":false,\"query\":true,\"queryType\":\"EQ\",\"required\":false,\"sort\":3,\"superColumn\":false,\"tableId\":27,\"updateBy\":\"\",\"updateTime\":\"2023-08-31 14:05:49\",\"usableColumn\":false},{\"capJavaField\":\"DelFlag\",\"columnComment\":\"删除标志 0（没删除）2（删除）\",\"columnId\":285,\"columnName\":\"del_flag\",\"columnType\":\"char(1)\",\"createBy\":\"admin\",\"createTime\":\"2023-08-31 14:03:10\",\"dictType\":\"\",\"edit\":false,\"htmlType\":\"input\",\"increment\":false,\"insert\":true,\"isIncrement\":\"0\",\"isInsert\":\"1\",\"isPk\":\"0\",\"jav', '{\"msg\":\"操作成功\",\"code\":200}', 0, NULL, '2023-09-03 10:29:54', 44);
INSERT INTO `sys_oper_log` VALUES (806, '代码生成', 8, 'com.ruoyi.generator.controller.GenController.batchGenCode()', 'GET', 1, 'admin', NULL, '/tool/gen/batchGenCode', '127.0.0.1', '内网IP', '{\"tables\":\"teacher\"}', NULL, 0, NULL, '2023-09-03 10:29:58', 39);
INSERT INTO `sys_oper_log` VALUES (807, '代码生成', 3, 'com.ruoyi.generator.controller.GenController.remove()', 'DELETE', 1, 'admin', NULL, '/tool/gen/27', '127.0.0.1', '内网IP', '{}', '{\"msg\":\"操作成功\",\"code\":200}', 0, NULL, '2023-09-03 10:32:08', 12);
INSERT INTO `sys_oper_log` VALUES (808, '代码生成', 6, 'com.ruoyi.generator.controller.GenController.importTableSave()', 'POST', 1, 'admin', NULL, '/tool/gen/importTable', '127.0.0.1', '内网IP', '{\"tables\":\"teacher\"}', '{\"msg\":\"操作成功\",\"code\":200}', 0, NULL, '2023-09-03 10:32:14', 57);
INSERT INTO `sys_oper_log` VALUES (809, '代码生成', 2, 'com.ruoyi.generator.controller.GenController.editSave()', 'PUT', 1, 'admin', NULL, '/tool/gen', '127.0.0.1', '内网IP', '{\"businessName\":\"teacher\",\"className\":\"Teacher\",\"columns\":[{\"capJavaField\":\"TeacherId\",\"columnComment\":\"教师id\",\"columnId\":389,\"columnName\":\"teacher_id\",\"columnType\":\"int\",\"createBy\":\"admin\",\"createTime\":\"2023-09-03 10:32:14\",\"dictType\":\"\",\"edit\":false,\"htmlType\":\"input\",\"increment\":true,\"insert\":true,\"isIncrement\":\"1\",\"isInsert\":\"1\",\"isPk\":\"1\",\"javaField\":\"teacherId\",\"javaType\":\"Long\",\"list\":false,\"params\":{},\"pk\":true,\"query\":false,\"queryType\":\"EQ\",\"required\":false,\"sort\":1,\"superColumn\":false,\"tableId\":41,\"updateBy\":\"\",\"usableColumn\":false},{\"capJavaField\":\"DeptId\",\"columnComment\":\"学院id\",\"columnId\":390,\"columnName\":\"dept_id\",\"columnType\":\"bigint\",\"createBy\":\"admin\",\"createTime\":\"2023-09-03 10:32:14\",\"dictType\":\"\",\"edit\":true,\"htmlType\":\"input\",\"increment\":false,\"insert\":true,\"isEdit\":\"1\",\"isIncrement\":\"0\",\"isInsert\":\"1\",\"isList\":\"1\",\"isPk\":\"0\",\"isQuery\":\"1\",\"javaField\":\"deptId\",\"javaType\":\"Long\",\"list\":true,\"params\":{},\"pk\":false,\"query\":true,\"queryType\":\"EQ\",\"required\":false,\"sort\":2,\"superColumn\":false,\"tableId\":41,\"updateBy\":\"\",\"usableColumn\":false},{\"capJavaField\":\"Status\",\"columnComment\":\"状态\",\"columnId\":391,\"columnName\":\"status\",\"columnType\":\"char(1)\",\"createBy\":\"admin\",\"createTime\":\"2023-09-03 10:32:14\",\"dictType\":\"\",\"edit\":true,\"htmlType\":\"radio\",\"increment\":false,\"insert\":true,\"isEdit\":\"1\",\"isIncrement\":\"0\",\"isInsert\":\"1\",\"isList\":\"1\",\"isPk\":\"0\",\"isQuery\":\"1\",\"javaField\":\"status\",\"javaType\":\"String\",\"list\":true,\"params\":{},\"pk\":false,\"query\":true,\"queryType\":\"EQ\",\"required\":false,\"sort\":3,\"superColumn\":false,\"tableId\":41,\"updateBy\":\"\",\"usableColumn\":false},{\"capJavaField\":\"DelFlag\",\"columnComment\":\"删除标志 0（没删除）2（删除）\",\"columnId\":392,\"columnName\":\"del_flag\",\"columnType\":\"char(1)\",\"createBy\":\"admin\",\"createTime\":\"2023-09-03 10:32:14\",\"dictType\":\"\",\"edit\":false,\"htmlType\":\"input\",\"increment\":false,\"insert\":true,\"isIncrement\":\"0\",\"isInsert\":\"1\",\"isPk\":\"0\",\"javaField\":\"delFlag\",\"javaType\":\"String\",\"list\":false,\"params\":{},\"pk\":false,\"query\":false,\"queryType\":\"EQ\",', '{\"msg\":\"操作成功\",\"code\":200}', 0, NULL, '2023-09-03 10:32:51', 28);
INSERT INTO `sys_oper_log` VALUES (810, '代码生成', 2, 'com.ruoyi.generator.controller.GenController.editSave()', 'PUT', 1, 'admin', NULL, '/tool/gen', '127.0.0.1', '内网IP', '{\"businessName\":\"teacher\",\"className\":\"Teacher\",\"columns\":[{\"capJavaField\":\"TeacherId\",\"columnComment\":\"教师id\",\"columnId\":389,\"columnName\":\"teacher_id\",\"columnType\":\"int\",\"createBy\":\"admin\",\"createTime\":\"2023-09-03 10:32:14\",\"dictType\":\"\",\"edit\":false,\"htmlType\":\"input\",\"increment\":true,\"insert\":true,\"isIncrement\":\"1\",\"isInsert\":\"1\",\"isPk\":\"1\",\"javaField\":\"teacherId\",\"javaType\":\"Long\",\"list\":false,\"params\":{},\"pk\":true,\"query\":false,\"queryType\":\"EQ\",\"required\":false,\"sort\":1,\"superColumn\":false,\"tableId\":41,\"updateBy\":\"\",\"updateTime\":\"2023-09-03 10:32:51\",\"usableColumn\":false},{\"capJavaField\":\"DeptId\",\"columnComment\":\"学院id\",\"columnId\":390,\"columnName\":\"dept_id\",\"columnType\":\"bigint\",\"createBy\":\"admin\",\"createTime\":\"2023-09-03 10:32:14\",\"dictType\":\"\",\"edit\":true,\"htmlType\":\"input\",\"increment\":false,\"insert\":true,\"isEdit\":\"1\",\"isIncrement\":\"0\",\"isInsert\":\"1\",\"isList\":\"1\",\"isPk\":\"0\",\"isQuery\":\"1\",\"javaField\":\"deptId\",\"javaType\":\"Long\",\"list\":true,\"params\":{},\"pk\":false,\"query\":true,\"queryType\":\"EQ\",\"required\":false,\"sort\":2,\"superColumn\":false,\"tableId\":41,\"updateBy\":\"\",\"updateTime\":\"2023-09-03 10:32:51\",\"usableColumn\":false},{\"capJavaField\":\"Status\",\"columnComment\":\"状态\",\"columnId\":391,\"columnName\":\"status\",\"columnType\":\"char(1)\",\"createBy\":\"admin\",\"createTime\":\"2023-09-03 10:32:14\",\"dictType\":\"\",\"edit\":true,\"htmlType\":\"radio\",\"increment\":false,\"insert\":true,\"isEdit\":\"1\",\"isIncrement\":\"0\",\"isInsert\":\"1\",\"isList\":\"1\",\"isPk\":\"0\",\"isQuery\":\"1\",\"javaField\":\"status\",\"javaType\":\"String\",\"list\":true,\"params\":{},\"pk\":false,\"query\":true,\"queryType\":\"EQ\",\"required\":false,\"sort\":3,\"superColumn\":false,\"tableId\":41,\"updateBy\":\"\",\"updateTime\":\"2023-09-03 10:32:51\",\"usableColumn\":false},{\"capJavaField\":\"DelFlag\",\"columnComment\":\"删除标志 0（没删除）2（删除）\",\"columnId\":392,\"columnName\":\"del_flag\",\"columnType\":\"char(1)\",\"createBy\":\"admin\",\"createTime\":\"2023-09-03 10:32:14\",\"dictType\":\"\",\"edit\":false,\"htmlType\":\"input\",\"increment\":false,\"insert\":true,\"isIncrement\":\"0\",\"isInsert\":\"1\",\"isPk\":\"0\",\"jav', '{\"msg\":\"操作成功\",\"code\":200}', 0, NULL, '2023-09-03 10:33:02', 25);
INSERT INTO `sys_oper_log` VALUES (811, '代码生成', 8, 'com.ruoyi.generator.controller.GenController.batchGenCode()', 'GET', 1, 'admin', NULL, '/tool/gen/batchGenCode', '127.0.0.1', '内网IP', '{\"tables\":\"teacher\"}', NULL, 0, NULL, '2023-09-03 10:33:05', 28);
INSERT INTO `sys_oper_log` VALUES (812, '菜单管理', 2, 'com.ruoyi.web.controller.system.SysMenuController.edit()', 'PUT', 1, 'admin', NULL, '/system/menu', '127.0.0.1', '内网IP', '{\"children\":[],\"component\":\"scoreManagement/scoreSearch\",\"createTime\":\"2023-08-31 09:15:45\",\"icon\":\"#\",\"isCache\":\"0\",\"isFrame\":\"1\",\"menuId\":2069,\"menuName\":\"成绩查询\",\"menuType\":\"C\",\"orderNum\":5,\"params\":{},\"parentId\":2064,\"path\":\"scoreSearch\",\"perms\":\"scoreManagement:scoreSearch:list\",\"status\":\"0\",\"updateBy\":\"admin\",\"visible\":\"0\"}', '{\"msg\":\"操作成功\",\"code\":200}', 0, NULL, '2023-09-03 11:15:35', 12);
INSERT INTO `sys_oper_log` VALUES (813, '用户管理', 1, 'com.ruoyi.web.controller.system.SysUserController.add()', 'POST', 1, 'admin', NULL, '/system/user', '127.0.0.1', '内网IP', '{\"admin\":false,\"createBy\":\"admin\",\"deptId\":101,\"nickName\":\"李四\",\"params\":{},\"postIds\":[3],\"roleIds\":[103],\"sex\":\"0\",\"status\":\"0\",\"userId\":122,\"userName\":\"李四\"}', '{\"msg\":\"操作成功\",\"code\":200}', 0, NULL, '2023-09-05 23:22:28', 83);
INSERT INTO `sys_oper_log` VALUES (814, '用户管理', 2, 'com.ruoyi.web.controller.system.SysUserController.edit()', 'PUT', 1, 'admin', NULL, '/system/user', '127.0.0.1', '内网IP', '{\"admin\":false,\"avatar\":\"\",\"createBy\":\"admin\",\"createTime\":\"2023-08-31 11:52:34\",\"delFlag\":\"0\",\"dept\":{\"ancestors\":\"0\",\"children\":[],\"deptId\":100,\"deptName\":\"新乡学院\",\"leader\":\"\",\"orderNum\":0,\"params\":{},\"parentId\":0,\"status\":\"0\"},\"deptId\":100,\"email\":\"\",\"loginDate\":\"2023-08-31 12:04:04\",\"loginIp\":\"127.0.0.1\",\"nickName\":\"李华\",\"params\":{},\"phonenumber\":\"\",\"postIds\":[2],\"roleIds\":[100],\"roles\":[{\"admin\":false,\"dataScope\":\"4\",\"deptCheckStrictly\":false,\"flag\":false,\"menuCheckStrictly\":false,\"params\":{},\"roleId\":100,\"roleKey\":\"schoolAdmin\",\"roleName\":\"学校管理员\",\"roleSort\":3,\"status\":\"0\"}],\"sex\":\"0\",\"status\":\"0\",\"updateBy\":\"admin\",\"userId\":120,\"userName\":\"李华\"}', '{\"msg\":\"操作成功\",\"code\":200}', 0, NULL, '2023-09-07 12:59:56', 45);
INSERT INTO `sys_oper_log` VALUES (815, '用户管理', 1, 'com.ruoyi.web.controller.system.SysUserController.add()', 'POST', 1, 'admin', NULL, '/system/user', '127.0.0.1', '内网IP', '{\"admin\":false,\"createBy\":\"admin\",\"deptId\":101,\"nickName\":\"学院\",\"params\":{},\"postIds\":[2],\"roleIds\":[101],\"status\":\"0\",\"userId\":123,\"userName\":\"学院\"}', '{\"msg\":\"操作成功\",\"code\":200}', 0, NULL, '2023-09-07 13:07:01', 79);

-- ----------------------------
-- Table structure for sys_post
-- ----------------------------
DROP TABLE IF EXISTS `sys_post`;
CREATE TABLE `sys_post`  (
  `post_id` bigint NOT NULL AUTO_INCREMENT COMMENT '岗位ID',
  `post_code` varchar(64) CHARACTER SET utf8mb3 COLLATE utf8mb3_unicode_ci NOT NULL COMMENT '岗位编码',
  `post_name` varchar(50) CHARACTER SET utf8mb3 COLLATE utf8mb3_unicode_ci NOT NULL COMMENT '岗位名称',
  `post_sort` int NOT NULL COMMENT '显示顺序',
  `status` char(1) CHARACTER SET utf8mb3 COLLATE utf8mb3_unicode_ci NOT NULL COMMENT '状态（0正常 1停用）',
  `create_by` varchar(64) CHARACTER SET utf8mb3 COLLATE utf8mb3_unicode_ci NULL DEFAULT '' COMMENT '创建者',
  `create_time` datetime NULL DEFAULT NULL COMMENT '创建时间',
  `update_by` varchar(64) CHARACTER SET utf8mb3 COLLATE utf8mb3_unicode_ci NULL DEFAULT '' COMMENT '更新者',
  `update_time` datetime NULL DEFAULT NULL COMMENT '更新时间',
  `remark` varchar(500) CHARACTER SET utf8mb3 COLLATE utf8mb3_unicode_ci NULL DEFAULT NULL COMMENT '备注',
  PRIMARY KEY (`post_id`) USING BTREE
) ENGINE = InnoDB AUTO_INCREMENT = 5 CHARACTER SET = utf8mb3 COLLATE = utf8mb3_unicode_ci COMMENT = '岗位信息表' ROW_FORMAT = DYNAMIC;

-- ----------------------------
-- Records of sys_post
-- ----------------------------
INSERT INTO `sys_post` VALUES (1, 'ceo', '教授', 1, '0', 'admin', '2023-07-02 12:38:43', 'admin', '2023-07-08 08:15:23', '');
INSERT INTO `sys_post` VALUES (2, 'se', '副教授', 2, '0', 'admin', '2023-07-02 12:38:43', 'admin', '2023-07-08 08:15:29', '');
INSERT INTO `sys_post` VALUES (3, 'hr', '学生', 3, '0', 'admin', '2023-07-02 12:38:43', 'admin', '2023-07-08 08:15:45', '');
INSERT INTO `sys_post` VALUES (4, 'user', '普通教师', 4, '0', 'admin', '2023-07-02 12:38:43', 'admin', '2023-07-08 08:15:52', '');

-- ----------------------------
-- Table structure for sys_role
-- ----------------------------
DROP TABLE IF EXISTS `sys_role`;
CREATE TABLE `sys_role`  (
  `role_id` bigint NOT NULL AUTO_INCREMENT COMMENT '角色ID',
  `role_name` varchar(30) CHARACTER SET utf8mb3 COLLATE utf8mb3_unicode_ci NOT NULL COMMENT '角色名称',
  `role_key` varchar(100) CHARACTER SET utf8mb3 COLLATE utf8mb3_unicode_ci NOT NULL COMMENT '角色权限字符串',
  `role_sort` int NOT NULL COMMENT '显示顺序',
  `data_scope` char(1) CHARACTER SET utf8mb3 COLLATE utf8mb3_unicode_ci NULL DEFAULT '1' COMMENT '数据范围（1：全部数据权限 2：自定数据权限 3：本部门数据权限 4：本部门及以下数据权限）',
  `menu_check_strictly` tinyint(1) NULL DEFAULT 1 COMMENT '菜单树选择项是否关联显示',
  `dept_check_strictly` tinyint(1) NULL DEFAULT 1 COMMENT '部门树选择项是否关联显示',
  `status` char(1) CHARACTER SET utf8mb3 COLLATE utf8mb3_unicode_ci NOT NULL COMMENT '角色状态（0正常 1停用）',
  `del_flag` char(1) CHARACTER SET utf8mb3 COLLATE utf8mb3_unicode_ci NULL DEFAULT '0' COMMENT '删除标志（0代表存在 2代表删除）',
  `create_by` varchar(64) CHARACTER SET utf8mb3 COLLATE utf8mb3_unicode_ci NULL DEFAULT '' COMMENT '创建者',
  `create_time` datetime NULL DEFAULT NULL COMMENT '创建时间',
  `update_by` varchar(64) CHARACTER SET utf8mb3 COLLATE utf8mb3_unicode_ci NULL DEFAULT '' COMMENT '更新者',
  `update_time` datetime NULL DEFAULT NULL COMMENT '更新时间',
  `remark` varchar(500) CHARACTER SET utf8mb3 COLLATE utf8mb3_unicode_ci NULL DEFAULT NULL COMMENT '备注',
  PRIMARY KEY (`role_id`) USING BTREE
) ENGINE = InnoDB AUTO_INCREMENT = 105 CHARACTER SET = utf8mb3 COLLATE = utf8mb3_unicode_ci COMMENT = '角色信息表' ROW_FORMAT = DYNAMIC;

-- ----------------------------
-- Records of sys_role
-- ----------------------------
INSERT INTO `sys_role` VALUES (1, '超级管理员', 'admin', 1, '1', 1, 1, '0', '0', 'admin', '2023-07-02 12:38:43', '', NULL, '超级管理员');
INSERT INTO `sys_role` VALUES (2, '普通角色', 'common', 2, '2', 0, 0, '1', '2', 'admin', '2023-07-02 12:38:43', 'admin', '2023-07-02 12:44:48', '普通角色');
INSERT INTO `sys_role` VALUES (100, '学校管理员', 'schoolAdmin', 3, '4', 0, 0, '0', '0', 'admin', '2023-07-02 12:42:25', 'admin', '2023-07-11 18:56:55', '学校管理员');
INSERT INTO `sys_role` VALUES (101, '学院管理员', 'collegeAdmin', 4, '4', 0, 0, '0', '0', 'admin', '2023-07-02 12:43:31', 'admin', '2023-08-31 11:55:33', '学院管理员');
INSERT INTO `sys_role` VALUES (102, '教师', 'teacher', 5, '4', 0, 0, '0', '0', 'admin', '2023-07-02 12:44:17', 'admin', '2023-08-11 14:01:55', '教师');
INSERT INTO `sys_role` VALUES (103, '学生', 'student', 6, '1', 0, 0, '0', '0', '李华', '2023-08-31 11:07:20', '', NULL, '学生');

-- ----------------------------
-- Table structure for sys_role_dept
-- ----------------------------
DROP TABLE IF EXISTS `sys_role_dept`;
CREATE TABLE `sys_role_dept`  (
  `role_id` bigint NOT NULL COMMENT '角色ID',
  `dept_id` bigint NOT NULL COMMENT '部门ID',
  PRIMARY KEY (`role_id`, `dept_id`) USING BTREE
) ENGINE = InnoDB CHARACTER SET = utf8mb3 COLLATE = utf8mb3_unicode_ci COMMENT = '角色和部门关联表' ROW_FORMAT = DYNAMIC;

-- ----------------------------
-- Records of sys_role_dept
-- ----------------------------

-- ----------------------------
-- Table structure for sys_role_menu
-- ----------------------------
DROP TABLE IF EXISTS `sys_role_menu`;
CREATE TABLE `sys_role_menu`  (
  `role_id` bigint NOT NULL COMMENT '角色ID',
  `menu_id` bigint NOT NULL COMMENT '菜单ID',
  PRIMARY KEY (`role_id`, `menu_id`) USING BTREE
) ENGINE = InnoDB CHARACTER SET = utf8mb3 COLLATE = utf8mb3_unicode_ci COMMENT = '角色和菜单关联表' ROW_FORMAT = DYNAMIC;

-- ----------------------------
-- Records of sys_role_menu
-- ----------------------------
INSERT INTO `sys_role_menu` VALUES (100, 1);
INSERT INTO `sys_role_menu` VALUES (100, 2);
INSERT INTO `sys_role_menu` VALUES (100, 100);
INSERT INTO `sys_role_menu` VALUES (100, 101);
INSERT INTO `sys_role_menu` VALUES (100, 102);
INSERT INTO `sys_role_menu` VALUES (100, 103);
INSERT INTO `sys_role_menu` VALUES (100, 104);
INSERT INTO `sys_role_menu` VALUES (100, 105);
INSERT INTO `sys_role_menu` VALUES (100, 106);
INSERT INTO `sys_role_menu` VALUES (100, 107);
INSERT INTO `sys_role_menu` VALUES (100, 108);
INSERT INTO `sys_role_menu` VALUES (100, 109);
INSERT INTO `sys_role_menu` VALUES (100, 110);
INSERT INTO `sys_role_menu` VALUES (100, 111);
INSERT INTO `sys_role_menu` VALUES (100, 112);
INSERT INTO `sys_role_menu` VALUES (100, 113);
INSERT INTO `sys_role_menu` VALUES (100, 114);
INSERT INTO `sys_role_menu` VALUES (100, 115);
INSERT INTO `sys_role_menu` VALUES (100, 116);
INSERT INTO `sys_role_menu` VALUES (100, 117);
INSERT INTO `sys_role_menu` VALUES (100, 500);
INSERT INTO `sys_role_menu` VALUES (100, 501);
INSERT INTO `sys_role_menu` VALUES (100, 1000);
INSERT INTO `sys_role_menu` VALUES (100, 1001);
INSERT INTO `sys_role_menu` VALUES (100, 1002);
INSERT INTO `sys_role_menu` VALUES (100, 1003);
INSERT INTO `sys_role_menu` VALUES (100, 1004);
INSERT INTO `sys_role_menu` VALUES (100, 1005);
INSERT INTO `sys_role_menu` VALUES (100, 1006);
INSERT INTO `sys_role_menu` VALUES (100, 1007);
INSERT INTO `sys_role_menu` VALUES (100, 1008);
INSERT INTO `sys_role_menu` VALUES (100, 1009);
INSERT INTO `sys_role_menu` VALUES (100, 1010);
INSERT INTO `sys_role_menu` VALUES (100, 1011);
INSERT INTO `sys_role_menu` VALUES (100, 1012);
INSERT INTO `sys_role_menu` VALUES (100, 1013);
INSERT INTO `sys_role_menu` VALUES (100, 1014);
INSERT INTO `sys_role_menu` VALUES (100, 1015);
INSERT INTO `sys_role_menu` VALUES (100, 1016);
INSERT INTO `sys_role_menu` VALUES (100, 1017);
INSERT INTO `sys_role_menu` VALUES (100, 1018);
INSERT INTO `sys_role_menu` VALUES (100, 1019);
INSERT INTO `sys_role_menu` VALUES (100, 1020);
INSERT INTO `sys_role_menu` VALUES (100, 1021);
INSERT INTO `sys_role_menu` VALUES (100, 1022);
INSERT INTO `sys_role_menu` VALUES (100, 1023);
INSERT INTO `sys_role_menu` VALUES (100, 1024);
INSERT INTO `sys_role_menu` VALUES (100, 1025);
INSERT INTO `sys_role_menu` VALUES (100, 1026);
INSERT INTO `sys_role_menu` VALUES (100, 1027);
INSERT INTO `sys_role_menu` VALUES (100, 1028);
INSERT INTO `sys_role_menu` VALUES (100, 1029);
INSERT INTO `sys_role_menu` VALUES (100, 1030);
INSERT INTO `sys_role_menu` VALUES (100, 1031);
INSERT INTO `sys_role_menu` VALUES (100, 1032);
INSERT INTO `sys_role_menu` VALUES (100, 1033);
INSERT INTO `sys_role_menu` VALUES (100, 1034);
INSERT INTO `sys_role_menu` VALUES (100, 1035);
INSERT INTO `sys_role_menu` VALUES (100, 1036);
INSERT INTO `sys_role_menu` VALUES (100, 1037);
INSERT INTO `sys_role_menu` VALUES (100, 1038);
INSERT INTO `sys_role_menu` VALUES (100, 1039);
INSERT INTO `sys_role_menu` VALUES (100, 1040);
INSERT INTO `sys_role_menu` VALUES (100, 1041);
INSERT INTO `sys_role_menu` VALUES (100, 1042);
INSERT INTO `sys_role_menu` VALUES (100, 1043);
INSERT INTO `sys_role_menu` VALUES (100, 1044);
INSERT INTO `sys_role_menu` VALUES (100, 1045);
INSERT INTO `sys_role_menu` VALUES (100, 1046);
INSERT INTO `sys_role_menu` VALUES (100, 1047);
INSERT INTO `sys_role_menu` VALUES (100, 1048);
INSERT INTO `sys_role_menu` VALUES (100, 1049);
INSERT INTO `sys_role_menu` VALUES (100, 1050);
INSERT INTO `sys_role_menu` VALUES (100, 1051);
INSERT INTO `sys_role_menu` VALUES (100, 1052);
INSERT INTO `sys_role_menu` VALUES (100, 1053);
INSERT INTO `sys_role_menu` VALUES (100, 1054);
INSERT INTO `sys_role_menu` VALUES (100, 1055);
INSERT INTO `sys_role_menu` VALUES (100, 1056);
INSERT INTO `sys_role_menu` VALUES (100, 1057);
INSERT INTO `sys_role_menu` VALUES (100, 1058);
INSERT INTO `sys_role_menu` VALUES (100, 1059);
INSERT INTO `sys_role_menu` VALUES (100, 1060);
INSERT INTO `sys_role_menu` VALUES (100, 2064);
INSERT INTO `sys_role_menu` VALUES (100, 2065);
INSERT INTO `sys_role_menu` VALUES (100, 2066);
INSERT INTO `sys_role_menu` VALUES (100, 2067);
INSERT INTO `sys_role_menu` VALUES (100, 2068);
INSERT INTO `sys_role_menu` VALUES (100, 2069);
INSERT INTO `sys_role_menu` VALUES (100, 2070);
INSERT INTO `sys_role_menu` VALUES (100, 2071);
INSERT INTO `sys_role_menu` VALUES (100, 2072);
INSERT INTO `sys_role_menu` VALUES (101, 1);
INSERT INTO `sys_role_menu` VALUES (101, 2);
INSERT INTO `sys_role_menu` VALUES (101, 100);
INSERT INTO `sys_role_menu` VALUES (101, 101);
INSERT INTO `sys_role_menu` VALUES (101, 102);
INSERT INTO `sys_role_menu` VALUES (101, 103);
INSERT INTO `sys_role_menu` VALUES (101, 104);
INSERT INTO `sys_role_menu` VALUES (101, 105);
INSERT INTO `sys_role_menu` VALUES (101, 106);
INSERT INTO `sys_role_menu` VALUES (101, 107);
INSERT INTO `sys_role_menu` VALUES (101, 108);
INSERT INTO `sys_role_menu` VALUES (101, 109);
INSERT INTO `sys_role_menu` VALUES (101, 110);
INSERT INTO `sys_role_menu` VALUES (101, 111);
INSERT INTO `sys_role_menu` VALUES (101, 112);
INSERT INTO `sys_role_menu` VALUES (101, 113);
INSERT INTO `sys_role_menu` VALUES (101, 114);
INSERT INTO `sys_role_menu` VALUES (101, 115);
INSERT INTO `sys_role_menu` VALUES (101, 116);
INSERT INTO `sys_role_menu` VALUES (101, 117);
INSERT INTO `sys_role_menu` VALUES (101, 500);
INSERT INTO `sys_role_menu` VALUES (101, 501);
INSERT INTO `sys_role_menu` VALUES (101, 1000);
INSERT INTO `sys_role_menu` VALUES (101, 1001);
INSERT INTO `sys_role_menu` VALUES (101, 1002);
INSERT INTO `sys_role_menu` VALUES (101, 1003);
INSERT INTO `sys_role_menu` VALUES (101, 1004);
INSERT INTO `sys_role_menu` VALUES (101, 1005);
INSERT INTO `sys_role_menu` VALUES (101, 1006);
INSERT INTO `sys_role_menu` VALUES (101, 1007);
INSERT INTO `sys_role_menu` VALUES (101, 1008);
INSERT INTO `sys_role_menu` VALUES (101, 1009);
INSERT INTO `sys_role_menu` VALUES (101, 1010);
INSERT INTO `sys_role_menu` VALUES (101, 1011);
INSERT INTO `sys_role_menu` VALUES (101, 1012);
INSERT INTO `sys_role_menu` VALUES (101, 1013);
INSERT INTO `sys_role_menu` VALUES (101, 1014);
INSERT INTO `sys_role_menu` VALUES (101, 1015);
INSERT INTO `sys_role_menu` VALUES (101, 1016);
INSERT INTO `sys_role_menu` VALUES (101, 1017);
INSERT INTO `sys_role_menu` VALUES (101, 1018);
INSERT INTO `sys_role_menu` VALUES (101, 1019);
INSERT INTO `sys_role_menu` VALUES (101, 1020);
INSERT INTO `sys_role_menu` VALUES (101, 1021);
INSERT INTO `sys_role_menu` VALUES (101, 1022);
INSERT INTO `sys_role_menu` VALUES (101, 1023);
INSERT INTO `sys_role_menu` VALUES (101, 1024);
INSERT INTO `sys_role_menu` VALUES (101, 1025);
INSERT INTO `sys_role_menu` VALUES (101, 1026);
INSERT INTO `sys_role_menu` VALUES (101, 1027);
INSERT INTO `sys_role_menu` VALUES (101, 1028);
INSERT INTO `sys_role_menu` VALUES (101, 1029);
INSERT INTO `sys_role_menu` VALUES (101, 1030);
INSERT INTO `sys_role_menu` VALUES (101, 1031);
INSERT INTO `sys_role_menu` VALUES (101, 1032);
INSERT INTO `sys_role_menu` VALUES (101, 1033);
INSERT INTO `sys_role_menu` VALUES (101, 1034);
INSERT INTO `sys_role_menu` VALUES (101, 1035);
INSERT INTO `sys_role_menu` VALUES (101, 1036);
INSERT INTO `sys_role_menu` VALUES (101, 1037);
INSERT INTO `sys_role_menu` VALUES (101, 1038);
INSERT INTO `sys_role_menu` VALUES (101, 1039);
INSERT INTO `sys_role_menu` VALUES (101, 1040);
INSERT INTO `sys_role_menu` VALUES (101, 1041);
INSERT INTO `sys_role_menu` VALUES (101, 1042);
INSERT INTO `sys_role_menu` VALUES (101, 1043);
INSERT INTO `sys_role_menu` VALUES (101, 1044);
INSERT INTO `sys_role_menu` VALUES (101, 1045);
INSERT INTO `sys_role_menu` VALUES (101, 1046);
INSERT INTO `sys_role_menu` VALUES (101, 1047);
INSERT INTO `sys_role_menu` VALUES (101, 1048);
INSERT INTO `sys_role_menu` VALUES (101, 1049);
INSERT INTO `sys_role_menu` VALUES (101, 1050);
INSERT INTO `sys_role_menu` VALUES (101, 1051);
INSERT INTO `sys_role_menu` VALUES (101, 1052);
INSERT INTO `sys_role_menu` VALUES (101, 1053);
INSERT INTO `sys_role_menu` VALUES (101, 1054);
INSERT INTO `sys_role_menu` VALUES (101, 1055);
INSERT INTO `sys_role_menu` VALUES (101, 1056);
INSERT INTO `sys_role_menu` VALUES (101, 1057);
INSERT INTO `sys_role_menu` VALUES (101, 1058);
INSERT INTO `sys_role_menu` VALUES (101, 1059);
INSERT INTO `sys_role_menu` VALUES (101, 1060);
INSERT INTO `sys_role_menu` VALUES (101, 2064);
INSERT INTO `sys_role_menu` VALUES (101, 2065);
INSERT INTO `sys_role_menu` VALUES (101, 2066);
INSERT INTO `sys_role_menu` VALUES (101, 2067);
INSERT INTO `sys_role_menu` VALUES (101, 2068);
INSERT INTO `sys_role_menu` VALUES (101, 2069);
INSERT INTO `sys_role_menu` VALUES (101, 2070);
INSERT INTO `sys_role_menu` VALUES (101, 2071);
INSERT INTO `sys_role_menu` VALUES (101, 2072);
INSERT INTO `sys_role_menu` VALUES (102, 117);
INSERT INTO `sys_role_menu` VALUES (102, 2064);
INSERT INTO `sys_role_menu` VALUES (102, 2071);
INSERT INTO `sys_role_menu` VALUES (102, 2072);
INSERT INTO `sys_role_menu` VALUES (103, 117);
INSERT INTO `sys_role_menu` VALUES (103, 2064);
INSERT INTO `sys_role_menu` VALUES (103, 2069);
INSERT INTO `sys_role_menu` VALUES (103, 2070);

-- ----------------------------
-- Table structure for sys_user
-- ----------------------------
DROP TABLE IF EXISTS `sys_user`;
CREATE TABLE `sys_user`  (
  `user_id` bigint NOT NULL AUTO_INCREMENT COMMENT '用户ID',
  `dept_id` bigint NULL DEFAULT NULL COMMENT '部门ID',
  `user_name` varchar(30) CHARACTER SET utf8mb3 COLLATE utf8mb3_unicode_ci NOT NULL COMMENT '用户账号',
  `nick_name` varchar(30) CHARACTER SET utf8mb3 COLLATE utf8mb3_unicode_ci NOT NULL COMMENT '用户昵称',
  `user_type` varchar(2) CHARACTER SET utf8mb3 COLLATE utf8mb3_unicode_ci NULL DEFAULT '00' COMMENT '用户类型（00系统用户）',
  `email` varchar(50) CHARACTER SET utf8mb3 COLLATE utf8mb3_unicode_ci NULL DEFAULT '' COMMENT '用户邮箱',
  `phonenumber` varchar(11) CHARACTER SET utf8mb3 COLLATE utf8mb3_unicode_ci NULL DEFAULT '' COMMENT '手机号码',
  `sex` char(1) CHARACTER SET utf8mb3 COLLATE utf8mb3_unicode_ci NULL DEFAULT '0' COMMENT '用户性别（0男 1女 2未知）',
  `avatar` varchar(100) CHARACTER SET utf8mb3 COLLATE utf8mb3_unicode_ci NULL DEFAULT '' COMMENT '头像地址',
  `password` varchar(100) CHARACTER SET utf8mb3 COLLATE utf8mb3_unicode_ci NULL DEFAULT '' COMMENT '密码',
  `status` char(1) CHARACTER SET utf8mb3 COLLATE utf8mb3_unicode_ci NULL DEFAULT '0' COMMENT '帐号状态（0正常 1停用）',
  `del_flag` char(1) CHARACTER SET utf8mb3 COLLATE utf8mb3_unicode_ci NULL DEFAULT '0' COMMENT '删除标志（0代表存在 2代表删除）',
  `login_ip` varchar(128) CHARACTER SET utf8mb3 COLLATE utf8mb3_unicode_ci NULL DEFAULT '' COMMENT '最后登录IP',
  `login_date` datetime NULL DEFAULT NULL COMMENT '最后登录时间',
  `create_by` varchar(64) CHARACTER SET utf8mb3 COLLATE utf8mb3_unicode_ci NULL DEFAULT '' COMMENT '创建者',
  `create_time` datetime NULL DEFAULT NULL COMMENT '创建时间',
  `update_by` varchar(64) CHARACTER SET utf8mb3 COLLATE utf8mb3_unicode_ci NULL DEFAULT '' COMMENT '更新者',
  `update_time` datetime NULL DEFAULT NULL COMMENT '更新时间',
  `remark` varchar(500) CHARACTER SET utf8mb3 COLLATE utf8mb3_unicode_ci NULL DEFAULT NULL COMMENT '备注',
  PRIMARY KEY (`user_id`) USING BTREE
) ENGINE = InnoDB AUTO_INCREMENT = 124 CHARACTER SET = utf8mb3 COLLATE = utf8mb3_unicode_ci COMMENT = '用户信息表' ROW_FORMAT = DYNAMIC;

-- ----------------------------
-- Records of sys_user
-- ----------------------------
INSERT INTO `sys_user` VALUES (1, 100, 'admin', '超级管理员', '00', '', '15666666666', '0', '', '$2a$10$7JB720yubVSZvUI0rEqK/.VqGOZTH.ulu33dHOiBE8ByOhJIrdAu2', '0', '0', '127.0.0.1', '2023-09-07 13:29:52', 'admin', '2023-07-02 12:38:43', '', '2023-09-07 13:29:51', '管理员');
INSERT INTO `sys_user` VALUES (103, 100, '学校管理员', '学校管理员', '00', '', '', '0', '', '$2a$10$C7OrtQRmnH8vm/XwQqCpMeEF4Z8queA61pJL0JGeEOtlr0AD9Vddy', '0', '0', '127.0.0.1', '2023-09-07 13:06:16', 'admin', '2023-07-08 08:18:13', 'admin', '2023-09-07 13:06:16', NULL);
INSERT INTO `sys_user` VALUES (104, 101, '学院管理员', '计信学院管理员', '00', '', '', '0', '', '$2a$10$dOgEO5vCED07gaATPI7Lo.QfX9fDxmIjlD9rBdqBXcjNxGrR7OTRu', '0', '0', '127.0.0.1', '2023-09-07 13:28:07', 'admin', '2023-07-08 08:18:42', 'admin', '2023-09-07 13:28:06', NULL);
INSERT INTO `sys_user` VALUES (105, 101, '教师一', '教师一', '00', '', '', '0', '', '$2a$10$Wf7eh6A0aF5ZlGDJ/QdqI.tZB575w3yX.D5pI2dJmGKwVDRxSs55m', '0', '0', '127.0.0.1', '2023-09-03 07:50:33', 'admin', '2023-07-08 08:19:04', 'admin', '2023-09-03 07:50:33', NULL);
INSERT INTO `sys_user` VALUES (106, 101, '学生一', '学生一', '00', '', '', '0', '', '$2a$10$v6HCsm6oGu1xI4gpr9iiFOVjEmG0CMBGLpqwW08TVCisCaVq8h2xu', '0', '0', '127.0.0.1', '2023-09-07 12:52:28', 'admin', '2023-07-08 08:19:39', 'admin', '2023-09-07 12:52:28', NULL);
INSERT INTO `sys_user` VALUES (107, 102, '药学院教师二', '药学院教师二', '00', '', '', '0', '', '$2a$10$hhCMZxmZLRRbVDa39FP7luY1NTXe1Qh4HUQaZgVigaBm5RsAbvR3K', '0', '0', '', NULL, '学校管理员', '2023-07-11 18:58:06', '', NULL, NULL);
INSERT INTO `sys_user` VALUES (109, 101, '牛牛老师', '牛牛老师', '00', '', '', '0', '', '$2a$10$Y4Io9AYmEMixhs8y/qZEP.6W.PuuPgXmjz2acDAAllH1CsJA8pJ3e', '0', '0', '', NULL, 'admin', '2023-07-11 20:28:18', '', NULL, NULL);
INSERT INTO `sys_user` VALUES (110, 101, '张教师', '张教师', '00', '', '', '0', '', '$2a$10$YSc5fClKfzGUSV8QeZUrt.BtbWKKGjFpnrb4oyjsyfIpCnCnjH5SG', '0', '0', '39.149.220.248', '2023-07-26 16:57:19', 'admin', '2023-07-12 14:24:21', '', '2023-07-26 16:57:19', NULL);
INSERT INTO `sys_user` VALUES (111, 101, '牛教师', '牛教师', '00', '', '', '0', '', '$2a$10$cel4KeOtZ9LFVCRD.pY2Y.edDPbzLzz/y1DPDhCSlYjLAT2NMSytK', '0', '0', '127.0.0.1', '2023-09-07 12:55:58', 'admin', '2023-07-12 14:24:39', '', '2023-09-07 12:55:58', NULL);
INSERT INTO `sys_user` VALUES (117, 100, '李华', '李华', '00', '', '', '0', '', '$2a$10$SMmESIz7iR0Ys.QiwmDCM.Awy40cK32Kb1k1Ps9eOoJbe4n7Gf2yK', '0', '2', '127.0.0.1', '2023-08-31 11:48:45', 'admin', '2023-08-30 16:43:40', '李华', '2023-08-31 11:48:45', NULL);
INSERT INTO `sys_user` VALUES (118, 101, '李力', '李力', '00', '', '', '0', '', '$2a$10$4xyJ1W5GNJ2LNMbCizUFYOWXSBssj/0kMdVpEcEFkoqStZiYw/FBi', '0', '2', '', NULL, 'admin', '2023-08-31 10:46:46', 'admin', '2023-08-31 11:09:24', NULL);
INSERT INTO `sys_user` VALUES (119, 101, '李四想', '李四想', '00', '', '', '0', '', '$2a$10$ChBOjmk8fQxaHpkuzUDm5.6kB89iFWowCDB/kRVi55Q.bBAM.7w32', '0', '2', '127.0.0.1', '2023-08-31 11:36:50', 'admin', '2023-08-31 11:14:49', '', '2023-08-31 11:36:50', '学生');
INSERT INTO `sys_user` VALUES (120, 100, '李华', '李华', '00', '', '', '0', '', '$2a$10$VddDNrxxy9mY4e8ly8g0AOuzQQPqgwv7e5QSQjv1pcKEUVV6VdJdO', '0', '0', '127.0.0.1', '2023-09-07 13:00:12', 'admin', '2023-08-31 11:52:34', 'admin', '2023-09-07 13:00:12', NULL);
INSERT INTO `sys_user` VALUES (121, 101, '赵孟硕', '赵孟硕', '00', '', '', '0', '', '$2a$10$RjiKsUIe3bMC71sWuGOpEendpESFMFHBtRy1EZkkwhyBn6ownk2s.', '0', '0', '127.0.0.1', '2023-09-02 17:40:37', 'admin', '2023-08-31 12:06:53', '', '2023-09-02 17:40:36', NULL);
INSERT INTO `sys_user` VALUES (122, 101, '李四', '李四', '00', '', '', '0', '', '$2a$10$5FsMX41eZMnFBhZMhOVQJea7EJfU8hKZMmkbQ5NU3Z4jgnpnsShYm', '0', '0', '127.0.0.1', '2023-09-05 23:22:38', 'admin', '2023-09-05 23:22:28', '', '2023-09-05 23:22:37', NULL);
INSERT INTO `sys_user` VALUES (123, 101, '学院', '学院', '00', '', '', '0', '', '$2a$10$Lo/tvg5WyP5.SkNwHQwnOO6WkzULM9s4bBbAZz9JtLDFiOUHHPSA.', '0', '0', '127.0.0.1', '2023-09-07 13:07:10', 'admin', '2023-09-07 13:07:01', '', '2023-09-07 13:07:10', NULL);

-- ----------------------------
-- Table structure for sys_user_post
-- ----------------------------
DROP TABLE IF EXISTS `sys_user_post`;
CREATE TABLE `sys_user_post`  (
  `user_id` bigint NOT NULL COMMENT '用户ID',
  `post_id` bigint NOT NULL COMMENT '岗位ID',
  PRIMARY KEY (`user_id`, `post_id`) USING BTREE
) ENGINE = InnoDB CHARACTER SET = utf8mb3 COLLATE = utf8mb3_unicode_ci COMMENT = '用户与岗位关联表' ROW_FORMAT = DYNAMIC;

-- ----------------------------
-- Records of sys_user_post
-- ----------------------------
INSERT INTO `sys_user_post` VALUES (1, 1);
INSERT INTO `sys_user_post` VALUES (120, 2);
INSERT INTO `sys_user_post` VALUES (121, 3);
INSERT INTO `sys_user_post` VALUES (122, 3);
INSERT INTO `sys_user_post` VALUES (123, 2);

-- ----------------------------
-- Table structure for sys_user_role
-- ----------------------------
DROP TABLE IF EXISTS `sys_user_role`;
CREATE TABLE `sys_user_role`  (
  `user_id` bigint NOT NULL COMMENT '用户ID',
  `role_id` bigint NOT NULL COMMENT '角色ID',
  PRIMARY KEY (`user_id`, `role_id`) USING BTREE
) ENGINE = InnoDB CHARACTER SET = utf8mb3 COLLATE = utf8mb3_unicode_ci COMMENT = '用户和角色关联表' ROW_FORMAT = DYNAMIC;

-- ----------------------------
-- Records of sys_user_role
-- ----------------------------
INSERT INTO `sys_user_role` VALUES (1, 1);
INSERT INTO `sys_user_role` VALUES (103, 100);
INSERT INTO `sys_user_role` VALUES (104, 101);
INSERT INTO `sys_user_role` VALUES (105, 102);
INSERT INTO `sys_user_role` VALUES (106, 103);
INSERT INTO `sys_user_role` VALUES (107, 102);
INSERT INTO `sys_user_role` VALUES (109, 102);
INSERT INTO `sys_user_role` VALUES (110, 102);
INSERT INTO `sys_user_role` VALUES (111, 102);
INSERT INTO `sys_user_role` VALUES (120, 100);
INSERT INTO `sys_user_role` VALUES (121, 103);
INSERT INTO `sys_user_role` VALUES (122, 103);
INSERT INTO `sys_user_role` VALUES (123, 101);

-- ----------------------------
-- Table structure for teacher
-- ----------------------------
DROP TABLE IF EXISTS `teacher`;
CREATE TABLE `teacher`  (
  `teacher_id` int NOT NULL AUTO_INCREMENT COMMENT '教师id',
  `dept_id` bigint NULL DEFAULT NULL COMMENT '部门id',
  `status` char(1) CHARACTER SET utf8mb4 COLLATE utf8mb4_bin NULL DEFAULT '0' COMMENT '状态',
  `del_flag` char(1) CHARACTER SET utf8mb4 COLLATE utf8mb4_bin NULL DEFAULT '0' COMMENT '删除标志 0（没删除）2（删除）',
  `create_by` varchar(64) CHARACTER SET utf8mb4 COLLATE utf8mb4_bin NULL DEFAULT NULL COMMENT '创建者',
  `create_time` datetime NULL DEFAULT NULL COMMENT '创建时间',
  `update_by` varchar(64) CHARACTER SET utf8mb4 COLLATE utf8mb4_bin NULL DEFAULT NULL COMMENT '修改者',
  `update_time` datetime NULL DEFAULT NULL COMMENT '修改时间',
  `teacher_no` varchar(50) CHARACTER SET utf8mb4 COLLATE utf8mb4_bin NULL DEFAULT NULL COMMENT '教师工号',
  `real_name` varchar(20) CHARACTER SET utf8mb4 COLLATE utf8mb4_bin NULL DEFAULT NULL COMMENT '真实姓名',
  `gender` varchar(20) CHARACTER SET utf8mb4 COLLATE utf8mb4_bin NULL DEFAULT NULL COMMENT '性别',
  `evaluate_score` varchar(20) CHARACTER SET utf8mb4 COLLATE utf8mb4_bin NULL DEFAULT NULL COMMENT '评教成绩',
  `evaluate_state` varchar(20) CHARACTER SET utf8mb4 COLLATE utf8mb4_bin NULL DEFAULT NULL COMMENT '评教状态',
  `academic_title` varchar(20) CHARACTER SET utf8mb4 COLLATE utf8mb4_bin NULL DEFAULT NULL COMMENT '职称',
  `internal` char(1) CHARACTER SET utf8mb4 COLLATE utf8mb4_bin NULL DEFAULT NULL COMMENT '是否外聘；1表示内部，0表示外聘教师',
  `user_id` bigint NULL DEFAULT NULL,
  PRIMARY KEY (`teacher_id`) USING BTREE,
  UNIQUE INDEX `Index_t_user_id`(`user_id` ASC) USING BTREE,
  UNIQUE INDEX `Index_teacher_no`(`teacher_no` ASC) USING BTREE,
  INDEX `fk_teacher_dept`(`dept_id` ASC) USING BTREE,
  CONSTRAINT `fk_teacher_dept` FOREIGN KEY (`dept_id`) REFERENCES `sys_dept` (`dept_id`) ON DELETE RESTRICT ON UPDATE RESTRICT
) ENGINE = InnoDB AUTO_INCREMENT = 3759 CHARACTER SET = utf8mb4 COLLATE = utf8mb4_bin ROW_FORMAT = DYNAMIC;

-- ----------------------------
-- Records of teacher
-- ----------------------------
INSERT INTO `teacher` VALUES (3737, 100, '0', '0', NULL, '2023-07-05 12:19:26', NULL, '2023-07-11 21:03:51', '100101', '刘**', '男', '100', '1', '高级', '1', 109);
INSERT INTO `teacher` VALUES (3738, 101, '0', '0', NULL, '2023-07-05 12:19:46', NULL, '2023-07-11 21:03:35', '100102', '牛**', '男', '100', '0', '高级', '0', 105);
INSERT INTO `teacher` VALUES (3743, 101, '0', '0', NULL, '2023-07-11 20:30:42', NULL, '2023-07-12 20:22:37', '100105', '牛亚博', '男', NULL, NULL, '高级', '1', 115);
INSERT INTO `teacher` VALUES (3752, 101, '0', '0', NULL, '2023-08-11 12:24:23', NULL, NULL, '100108', '小李', NULL, '99', '0', '中级', '1', 113);
INSERT INTO `teacher` VALUES (3754, 101, '0', '0', '李四', '2023-08-28 00:55:56', '赵孟回溯', '2023-09-05 12:49:07', '20030310', '高龙', '男', NULL, NULL, '高级教师', '1', 104);
INSERT INTO `teacher` VALUES (3756, 102, '0', '0', '小高', '2023-08-28 11:52:17', NULL, NULL, '20012021', '高豪', '男', NULL, NULL, '高等教师', '1', 111);
INSERT INTO `teacher` VALUES (3758, 101, '0', '2', '赵孟硕', '2023-08-30 14:45:51', NULL, NULL, '20202002', '李爱香', '女', NULL, NULL, '国家教师', '0', 116);

-- ----------------------------
-- Table structure for teacher_course
-- ----------------------------
DROP TABLE IF EXISTS `teacher_course`;
CREATE TABLE `teacher_course`  (
  `teacher_id` int NOT NULL COMMENT '老师表的id',
  `course_id` int NOT NULL COMMENT '课程id',
  `teacher_no` varchar(255) CHARACTER SET utf8mb4 COLLATE utf8mb4_general_ci NULL DEFAULT NULL COMMENT '教师工号',
  `term` varchar(255) CHARACTER SET utf8mb4 COLLATE utf8mb4_general_ci NULL DEFAULT NULL COMMENT '学期',
  `courseclass_id` int NULL DEFAULT NULL COMMENT '上课班级id',
  `real_name` varchar(255) CHARACTER SET utf8mb4 COLLATE utf8mb4_general_ci NULL DEFAULT NULL COMMENT '教师的名字',
  INDEX `引用teacherId`(`teacher_id` ASC) USING BTREE,
  INDEX `引用courseId`(`course_id` ASC) USING BTREE,
  INDEX `引用courseclassId`(`courseclass_id` ASC) USING BTREE,
  CONSTRAINT `引用courseclassId` FOREIGN KEY (`courseclass_id`) REFERENCES `courseclass` (`courseclass_id`) ON DELETE RESTRICT ON UPDATE RESTRICT,
  CONSTRAINT `引用courseId` FOREIGN KEY (`course_id`) REFERENCES `course` (`course_id`) ON DELETE RESTRICT ON UPDATE RESTRICT,
  CONSTRAINT `引用teacherId` FOREIGN KEY (`teacher_id`) REFERENCES `teacher` (`teacher_id`) ON DELETE RESTRICT ON UPDATE RESTRICT
) ENGINE = InnoDB CHARACTER SET = utf8mb4 COLLATE = utf8mb4_general_ci ROW_FORMAT = DYNAMIC;

-- ----------------------------
-- Records of teacher_course
-- ----------------------------
INSERT INTO `teacher_course` VALUES (3756, 54129, '20012021', '半学期', 327697, '高豪');
INSERT INTO `teacher_course` VALUES (3756, 54130, '20012021', '半学期', 327697, '高豪');
INSERT INTO `teacher_course` VALUES (3756, 54119, '20012021', '二年', 327697, '高豪');
INSERT INTO `teacher_course` VALUES (3743, 54108, '100105', '半年', 327688, '牛亚博');

-- ----------------------------
-- View structure for teachercourse
-- ----------------------------
DROP VIEW IF EXISTS `teachercourse`;
CREATE ALGORITHM = UNDEFINED SQL SECURITY DEFINER VIEW `teachercourse` AS select `course`.`course_id` AS `course_id`,`course`.`course_name` AS `course_name`,`teacher`.`teacher_id` AS `teacher_id`,`teacher`.`real_name` AS `real_name`,`teacher`.`teacher_no` AS `teacher_no`,`courseclass_teacher`.`courseclass_id` AS `courseclass_id`,`courseclass`.`term` AS `term` from (((`course` join `courseclass` on((`course`.`course_id` = `courseclass`.`course_id`))) join `courseclass_teacher` on((`courseclass`.`courseclass_id` = `courseclass_teacher`.`courseclass_id`))) join `teacher` on((`courseclass_teacher`.`teacher_id` = `teacher`.`teacher_id`))) where (`courseclass`.`term` = '2022-2023-01') order by `teacher`.`teacher_id`;

SET FOREIGN_KEY_CHECKS = 1;
